# Blender 4.5.3 LTS
# www.blender.org
mtllib tunnel.mtl
o 円柱.002
v -74.625549 55.444759 -47.527275
v 74.625549 55.444759 -47.527275
v -74.625549 46.185345 -46.615288
v 74.625549 46.185345 -46.615288
v -74.625549 37.281757 -43.914452
v 74.625549 37.281757 -43.914452
v -74.625549 29.076149 -39.528465
v 74.625549 29.076149 -39.528465
v -74.625549 21.883911 -33.625908
v 74.625549 21.883862 -33.625908
v -74.625549 15.981359 -26.433622
v 74.625549 15.981359 -26.433622
v -74.625549 11.595373 -18.228012
v 74.625549 11.595373 -18.228012
v -74.625549 8.894486 -9.324426
v 74.625549 8.894486 -9.324426
v -74.625549 7.982499 -0.065012
v 74.625549 7.982499 -0.065012
v -74.625549 8.894487 9.194400
v 74.625549 8.894487 9.194400
v -74.625549 11.595375 18.097988
v 74.625549 11.595375 18.097988
v -74.625549 15.981363 26.303595
v 74.625549 15.981363 26.303595
v -74.625549 21.883915 33.495888
v 74.625549 21.883865 33.495888
v -74.625549 29.076157 39.398430
v 74.625549 29.076157 39.398430
v -74.625549 37.281765 43.784416
v 74.625549 37.281765 43.784416
v -74.625549 46.185352 46.485260
v 74.625549 46.185352 46.485260
v -74.625549 55.444767 47.397247
v 74.625549 55.444767 47.397247
v -74.625549 64.704224 46.485260
v 74.625549 64.704224 46.485260
v -74.625549 73.607811 43.784416
v 74.625549 73.607811 43.784416
v -74.625549 81.813416 39.398430
v 74.625549 81.813370 39.398430
v -74.625549 89.005661 33.495880
v 74.625549 89.005661 33.495880
v -74.625549 94.908203 26.303589
v 74.625549 94.908203 26.303589
v -74.625549 99.294189 18.097980
v 74.625549 99.294189 18.097980
v -74.625549 101.995079 9.194393
v 74.625549 101.995033 9.194393
v -74.625549 102.907028 -0.065020
v 74.625549 102.907028 -0.065020
v -74.625549 101.995079 -9.324432
v 74.625549 101.995033 -9.324432
v -74.625549 99.294189 -18.228020
v 74.625549 99.294189 -18.228020
v -74.625549 94.908203 -26.433628
v 74.625549 94.908203 -26.433628
v -74.625549 89.005661 -33.625916
v 74.625549 89.005661 -33.625916
v -74.625549 81.813416 -39.528465
v 74.625549 81.813370 -39.528465
v -74.625549 73.607811 -43.914452
v 74.625549 73.607811 -43.914452
v -74.625549 64.704216 -46.615288
v 74.625549 64.704216 -46.615288
v 74.625549 89.349472 -22.719419
v 74.625549 78.099167 -33.969688
v 74.625549 84.278320 -28.898581
v 74.625549 63.399906 -40.058334
v 74.625549 47.489609 -40.058334
v 74.625549 55.444759 -40.841835
v 74.625549 71.049400 -37.737854
v 74.625549 96.221581 -0.065019
v 74.625549 95.438080 -8.020168
v 74.625549 95.438080 7.890131
v 74.625549 89.349472 22.589384
v 74.625549 78.099167 33.839645
v 74.625549 84.278320 28.768545
v 74.625549 93.117645 15.539577
v 74.625549 63.399914 39.928299
v 74.625549 47.489616 39.928299
v 74.625549 55.444767 40.711807
v 74.625549 32.790409 33.839653
v 74.625549 21.540096 22.589388
v 74.625549 26.611202 28.768549
v 74.625549 39.840172 37.607826
v 74.625549 32.790405 -33.969681
v 74.625549 21.540092 -22.719416
v 74.625549 26.611198 -28.898577
v 74.625549 14.667938 -0.065013
v 74.625549 15.451493 7.890137
v 74.625549 15.451491 -8.020163
v 74.625549 17.771923 -15.669608
v 74.625549 93.117645 -15.669614
v 74.625549 39.840164 -37.737854
v 74.625549 71.049400 37.607826
v 74.625549 17.771925 15.539582
v -74.625549 55.444759 -40.841835
v -74.625549 39.840164 -37.737854
v -74.625549 47.489609 -40.058334
v -74.625549 26.611198 -28.898577
v -74.625549 17.771923 -15.669608
v -74.625549 21.540092 -22.719416
v -74.625549 32.790405 -33.969681
v -74.625549 39.840172 37.607826
v -74.625549 26.611202 28.768549
v -74.625549 32.790409 33.839653
v -74.625549 17.771925 15.539582
v -74.625549 14.667986 -0.065013
v -74.625549 15.451493 7.890137
v -74.625549 21.540096 22.589388
v -74.625549 93.117645 15.539577
v -74.625549 84.278320 28.768545
v -74.625549 89.349472 22.589384
v -74.625549 71.049400 37.607826
v -74.625549 55.444767 40.711807
v -74.625549 63.399960 39.928299
v -74.625549 78.099167 33.839645
v -74.625549 96.221581 -0.065019
v -74.625549 93.117645 -15.669614
v -74.625549 95.438080 -8.020168
v -74.625549 84.278320 -28.898581
v -74.625549 71.049400 -37.737854
v -74.625549 78.099167 -33.969688
v -74.625549 89.349472 -22.719419
v -74.625549 47.489616 39.928299
v -74.625549 15.451491 -8.020163
v -74.625549 95.438080 7.890131
v -74.625549 63.399952 -40.058334
v 0.000000 55.444759 -47.527275
v 0.000000 46.185345 -46.615288
v 0.000000 37.281757 -43.914452
v 0.000000 29.076149 -39.528465
v 0.000000 21.883884 -33.625908
v 0.000000 15.981359 -26.433622
v 0.000000 11.595373 -18.228012
v 0.000000 8.894486 -9.324426
v 0.000000 7.982499 -0.065012
v 0.000000 8.894487 9.194400
v 0.000000 11.595375 18.097988
v 0.000000 15.981363 26.303595
v 0.000000 21.883888 33.495888
v 0.000000 29.076157 39.398430
v 0.000000 37.281765 43.784416
v 0.000000 46.185352 46.485260
v 0.000000 55.444767 47.397247
v 0.000000 64.704224 46.485260
v 0.000000 73.607811 43.784416
v 0.000000 81.813393 39.398430
v 0.000000 89.005661 33.495880
v 0.000000 94.908203 26.303589
v 0.000000 99.294189 18.097980
v 0.000000 101.995056 9.194393
v 0.000000 102.907028 -0.065020
v 0.000000 101.995056 -9.324432
v 0.000000 99.294189 -18.228020
v 0.000000 94.908203 -26.433628
v 0.000000 89.005661 -33.625916
v 0.000000 81.813393 -39.528465
v 0.000000 73.607811 -43.914452
v 0.000000 64.704216 -46.615288
v 37.312775 55.444759 -47.527275
v 37.312775 46.185345 -46.615288
v 37.312775 37.281757 -43.914452
v 37.312775 29.076149 -39.528465
v 37.312775 21.883873 -33.625908
v 37.312775 15.981359 -26.433622
v 37.312775 11.595373 -18.228012
v 37.312775 8.894486 -9.324426
v 37.312775 7.982499 -0.065012
v 37.312775 8.894487 9.194400
v 37.312775 11.595375 18.097988
v 37.312775 15.981363 26.303595
v 37.312775 21.883877 33.495888
v 37.312775 29.076157 39.398430
v 37.312775 37.281765 43.784416
v 37.312775 46.185352 46.485260
v 37.312775 55.444767 47.397247
v 37.312775 64.704224 46.485260
v 37.312775 73.607811 43.784416
v 37.312775 81.813377 39.398430
v 37.312775 89.005661 33.495880
v 37.312775 94.908203 26.303589
v 37.312775 99.294189 18.097980
v 37.312775 101.995041 9.194393
v 37.312775 102.907028 -0.065020
v 37.312775 101.995041 -9.324432
v 37.312775 99.294189 -18.228020
v 37.312775 94.908203 -26.433628
v 37.312775 89.005661 -33.625916
v 37.312775 81.813377 -39.528465
v 37.312775 73.607811 -43.914452
v 37.312775 64.704216 -46.615288
v 18.656387 55.444759 -47.527275
v 18.656387 46.185345 -46.615288
v 18.656387 37.281757 -43.914452
v 18.656387 29.076149 -39.528465
v 18.656387 21.883877 -33.625908
v 18.656387 15.981359 -26.433622
v 18.656387 11.595373 -18.228012
v 18.656387 8.894486 -9.324426
v 18.656387 7.982499 -0.065012
v 18.656387 8.894487 9.194400
v 18.656387 11.595375 18.097988
v 18.656387 15.981363 26.303595
v 18.656387 21.883881 33.495888
v 18.656387 29.076157 39.398430
v 18.656387 37.281765 43.784416
v 18.656387 46.185352 46.485260
v 18.656387 55.444767 47.397247
v 18.656387 64.704224 46.485260
v 18.656387 73.607811 43.784416
v 18.656387 81.813385 39.398430
v 18.656387 89.005661 33.495880
v 18.656387 94.908203 26.303589
v 18.656387 99.294189 18.097980
v 18.656387 101.995041 9.194393
v 18.656387 102.907028 -0.065020
v 18.656387 101.995041 -9.324432
v 18.656387 99.294189 -18.228020
v 18.656387 94.908203 -26.433628
v 18.656387 89.005661 -33.625916
v 18.656387 81.813385 -39.528465
v 18.656387 73.607811 -43.914452
v 18.656387 64.704216 -46.615288
v 9.328194 55.444759 -47.527275
v 9.328194 46.185345 -46.615288
v 9.328194 37.281757 -43.914452
v 9.328194 29.076149 -39.528465
v 9.328194 21.883881 -33.625908
v 9.328194 15.981359 -26.433622
v 9.328194 11.595373 -18.228012
v 9.328194 8.894486 -9.324426
v 9.328194 7.982499 -0.065012
v 9.328194 8.894487 9.194400
v 9.328194 11.595375 18.097988
v 9.328194 15.981363 26.303595
v 9.328194 21.883884 33.495888
v 9.328194 29.076157 39.398430
v 9.328194 37.281765 43.784416
v 9.328194 46.185352 46.485260
v 9.328194 55.444767 47.397247
v 9.328194 64.704224 46.485260
v 9.328194 73.607811 43.784416
v 9.328194 81.813393 39.398430
v 9.328194 89.005661 33.495880
v 9.328194 94.908203 26.303589
v 9.328194 99.294189 18.097980
v 9.328194 101.995041 9.194393
v 9.328194 102.907028 -0.065020
v 9.328194 101.995041 -9.324432
v 9.328194 99.294189 -18.228020
v 9.328194 94.908203 -26.433628
v 9.328194 89.005661 -33.625916
v 9.328194 81.813393 -39.528465
v 9.328194 73.607811 -43.914452
v 9.328194 64.704216 -46.615288
v 27.984581 55.444759 -47.527275
v 27.984581 46.185345 -46.615288
v 27.984581 37.281757 -43.914452
v 27.984581 29.076149 -39.528465
v 27.984581 21.883877 -33.625908
v 27.984581 15.981359 -26.433622
v 27.984581 11.595373 -18.228012
v 27.984581 8.894486 -9.324426
v 27.984581 7.982499 -0.065012
v 27.984581 8.894487 9.194400
v 27.984581 11.595375 18.097988
v 27.984581 15.981363 26.303595
v 27.984581 21.883881 33.495888
v 27.984581 29.076157 39.398430
v 27.984581 37.281765 43.784416
v 27.984581 46.185352 46.485260
v 27.984581 55.444767 47.397247
v 27.984581 64.704224 46.485260
v 27.984581 73.607811 43.784416
v 27.984581 81.813377 39.398430
v 27.984581 89.005661 33.495880
v 27.984581 94.908203 26.303589
v 27.984581 99.294189 18.097980
v 27.984581 101.995041 9.194393
v 27.984581 102.907028 -0.065020
v 27.984581 101.995041 -9.324432
v 27.984581 99.294189 -18.228020
v 27.984581 94.908203 -26.433628
v 27.984581 89.005661 -33.625916
v 27.984581 81.813377 -39.528465
v 27.984581 73.607811 -43.914452
v 27.984581 64.704216 -46.615288
v 55.969162 55.444759 -47.527275
v 55.969162 46.185345 -46.615288
v 55.969162 37.281757 -43.914452
v 55.969162 29.076149 -39.528465
v 55.969162 21.883865 -33.625908
v 55.969162 15.981359 -26.433622
v 55.969162 11.595373 -18.228012
v 55.969162 8.894486 -9.324426
v 55.969162 7.982499 -0.065012
v 55.969162 8.894487 9.194400
v 55.969162 11.595375 18.097988
v 55.969162 15.981363 26.303595
v 55.969162 21.883869 33.495888
v 55.969162 29.076157 39.398430
v 55.969162 37.281765 43.784416
v 55.969162 46.185352 46.485260
v 55.969162 55.444767 47.397247
v 55.969162 64.704224 46.485260
v 55.969162 73.607811 43.784416
v 55.969162 81.813370 39.398430
v 55.969162 89.005661 33.495880
v 55.969162 94.908203 26.303589
v 55.969162 99.294189 18.097980
v 55.969162 101.995041 9.194393
v 55.969162 102.907028 -0.065020
v 55.969162 101.995041 -9.324432
v 55.969162 99.294189 -18.228020
v 55.969162 94.908203 -26.433628
v 55.969162 89.005661 -33.625916
v 55.969162 81.813370 -39.528465
v 55.969162 73.607811 -43.914452
v 55.969162 64.704216 -46.615288
v 65.297356 55.444759 -47.527275
v 65.297356 46.185345 -46.615288
v 65.297356 37.281757 -43.914452
v 65.297356 29.076149 -39.528465
v 65.297356 21.883865 -33.625908
v 65.297356 15.981359 -26.433622
v 65.297356 11.595373 -18.228012
v 65.297356 8.894486 -9.324426
v 65.297356 7.982499 -0.065012
v 65.297356 8.894487 9.194400
v 65.297356 11.595375 18.097988
v 65.297356 15.981363 26.303595
v 65.297356 21.883869 33.495888
v 65.297356 29.076157 39.398430
v 65.297356 37.281765 43.784416
v 65.297356 46.185352 46.485260
v 65.297356 55.444767 47.397247
v 65.297356 64.704224 46.485260
v 65.297356 73.607811 43.784416
v 65.297356 81.813370 39.398430
v 65.297356 89.005661 33.495880
v 65.297356 94.908203 26.303589
v 65.297356 99.294189 18.097980
v 65.297356 101.995041 9.194393
v 65.297356 102.907028 -0.065020
v 65.297356 101.995041 -9.324432
v 65.297356 99.294189 -18.228020
v 65.297356 94.908203 -26.433628
v 65.297356 89.005661 -33.625916
v 65.297356 81.813370 -39.528465
v 65.297356 73.607811 -43.914452
v 65.297356 64.704216 -46.615288
v 46.640968 55.444759 -47.527275
v 46.640968 46.185345 -46.615288
v 46.640968 37.281757 -43.914452
v 46.640968 29.076149 -39.528465
v 46.640968 21.883869 -33.625908
v 46.640968 15.981359 -26.433622
v 46.640968 11.595373 -18.228012
v 46.640968 8.894486 -9.324426
v 46.640968 7.982499 -0.065012
v 46.640968 8.894487 9.194400
v 46.640968 11.595375 18.097988
v 46.640968 15.981363 26.303595
v 46.640968 21.883873 33.495888
v 46.640968 29.076157 39.398430
v 46.640968 37.281765 43.784416
v 46.640968 46.185352 46.485260
v 46.640968 55.444767 47.397247
v 46.640968 64.704224 46.485260
v 46.640968 73.607811 43.784416
v 46.640968 81.813377 39.398430
v 46.640968 89.005661 33.495880
v 46.640968 94.908203 26.303589
v 46.640968 99.294189 18.097980
v 46.640968 101.995041 9.194393
v 46.640968 102.907028 -0.065020
v 46.640968 101.995041 -9.324432
v 46.640968 99.294189 -18.228020
v 46.640968 94.908203 -26.433628
v 46.640968 89.005661 -33.625916
v 46.640968 81.813377 -39.528465
v 46.640968 73.607811 -43.914452
v 46.640968 64.704216 -46.615288
v -37.312775 55.444759 -47.527275
v -37.312775 46.185345 -46.615288
v -37.312775 37.281757 -43.914452
v -37.312775 29.076149 -39.528465
v -37.312775 21.883900 -33.625908
v -37.312775 15.981359 -26.433622
v -37.312775 11.595373 -18.228012
v -37.312775 8.894486 -9.324426
v -37.312775 7.982499 -0.065012
v -37.312775 8.894487 9.194400
v -37.312775 11.595375 18.097988
v -37.312775 15.981363 26.303595
v -37.312775 21.883904 33.495888
v -37.312775 29.076157 39.398430
v -37.312775 37.281765 43.784416
v -37.312775 46.185352 46.485260
v -37.312775 55.444767 47.397247
v -37.312775 64.704224 46.485260
v -37.312775 73.607811 43.784416
v -37.312775 81.813400 39.398430
v -37.312775 89.005661 33.495880
v -37.312775 94.908203 26.303589
v -37.312775 99.294189 18.097980
v -37.312775 101.995064 9.194393
v -37.312775 102.907028 -0.065020
v -37.312775 101.995064 -9.324432
v -37.312775 99.294189 -18.228020
v -37.312775 94.908203 -26.433628
v -37.312775 89.005661 -33.625916
v -37.312775 81.813400 -39.528465
v -37.312775 73.607811 -43.914452
v -37.312775 64.704216 -46.615288
v -18.656387 55.444759 -47.527275
v -18.656387 46.185345 -46.615288
v -18.656387 37.281757 -43.914452
v -18.656387 29.076149 -39.528465
v -18.656387 21.883892 -33.625908
v -18.656387 15.981359 -26.433622
v -18.656387 11.595373 -18.228012
v -18.656387 8.894486 -9.324426
v -18.656387 7.982499 -0.065012
v -18.656387 8.894487 9.194400
v -18.656387 11.595375 18.097988
v -18.656387 15.981363 26.303595
v -18.656387 21.883896 33.495888
v -18.656387 29.076157 39.398430
v -18.656387 37.281765 43.784416
v -18.656387 46.185352 46.485260
v -18.656387 55.444767 47.397247
v -18.656387 64.704224 46.485260
v -18.656387 73.607811 43.784416
v -18.656387 81.813393 39.398430
v -18.656387 89.005661 33.495880
v -18.656387 94.908203 26.303589
v -18.656387 99.294189 18.097980
v -18.656387 101.995064 9.194393
v -18.656387 102.907028 -0.065020
v -18.656387 101.995064 -9.324432
v -18.656387 99.294189 -18.228020
v -18.656387 94.908203 -26.433628
v -18.656387 89.005661 -33.625916
v -18.656387 81.813393 -39.528465
v -18.656387 73.607811 -43.914452
v -18.656387 64.704216 -46.615288
v -9.328194 55.444759 -47.527275
v -9.328194 46.185345 -46.615288
v -9.328194 37.281757 -43.914452
v -9.328194 29.076149 -39.528465
v -9.328194 21.883888 -33.625908
v -9.328194 15.981359 -26.433622
v -9.328194 11.595373 -18.228012
v -9.328194 8.894486 -9.324426
v -9.328194 7.982499 -0.065012
v -9.328194 8.894487 9.194400
v -9.328194 11.595375 18.097988
v -9.328194 15.981363 26.303595
v -9.328194 21.883892 33.495888
v -9.328194 29.076157 39.398430
v -9.328194 37.281765 43.784416
v -9.328194 46.185352 46.485260
v -9.328194 55.444767 47.397247
v -9.328194 64.704224 46.485260
v -9.328194 73.607811 43.784416
v -9.328194 81.813393 39.398430
v -9.328194 89.005661 33.495880
v -9.328194 94.908203 26.303589
v -9.328194 99.294189 18.097980
v -9.328194 101.995064 9.194393
v -9.328194 102.907028 -0.065020
v -9.328194 101.995064 -9.324432
v -9.328194 99.294189 -18.228020
v -9.328194 94.908203 -26.433628
v -9.328194 89.005661 -33.625916
v -9.328194 81.813393 -39.528465
v -9.328194 73.607811 -43.914452
v -9.328194 64.704216 -46.615288
v -27.984581 55.444759 -47.527275
v -27.984581 46.185345 -46.615288
v -27.984581 37.281757 -43.914452
v -27.984581 29.076149 -39.528465
v -27.984581 21.883896 -33.625908
v -27.984581 15.981359 -26.433622
v -27.984581 11.595373 -18.228012
v -27.984581 8.894486 -9.324426
v -27.984581 7.982499 -0.065012
v -27.984581 8.894487 9.194400
v -27.984581 11.595375 18.097988
v -27.984581 15.981363 26.303595
v -27.984581 21.883900 33.495888
v -27.984581 29.076157 39.398430
v -27.984581 37.281765 43.784416
v -27.984581 46.185352 46.485260
v -27.984581 55.444767 47.397247
v -27.984581 64.704224 46.485260
v -27.984581 73.607811 43.784416
v -27.984581 81.813400 39.398430
v -27.984581 89.005661 33.495880
v -27.984581 94.908203 26.303589
v -27.984581 99.294189 18.097980
v -27.984581 101.995064 9.194393
v -27.984581 102.907028 -0.065020
v -27.984581 101.995064 -9.324432
v -27.984581 99.294189 -18.228020
v -27.984581 94.908203 -26.433628
v -27.984581 89.005661 -33.625916
v -27.984581 81.813400 -39.528465
v -27.984581 73.607811 -43.914452
v -27.984581 64.704216 -46.615288
v -55.969162 55.444759 -47.527275
v -55.969162 46.185345 -46.615288
v -55.969162 37.281757 -43.914452
v -55.969162 29.076149 -39.528465
v -55.969162 21.883904 -33.625908
v -55.969162 15.981359 -26.433622
v -55.969162 11.595373 -18.228012
v -55.969162 8.894486 -9.324426
v -55.969162 7.982499 -0.065012
v -55.969162 8.894487 9.194400
v -55.969162 11.595375 18.097988
v -55.969162 15.981363 26.303595
v -55.969162 21.883907 33.495888
v -55.969162 29.076157 39.398430
v -55.969162 37.281765 43.784416
v -55.969162 46.185352 46.485260
v -55.969162 55.444767 47.397247
v -55.969162 64.704224 46.485260
v -55.969162 73.607811 43.784416
v -55.969162 81.813416 39.398430
v -55.969162 89.005661 33.495880
v -55.969162 94.908203 26.303589
v -55.969162 99.294189 18.097980
v -55.969162 101.995064 9.194393
v -55.969162 102.907028 -0.065020
v -55.969162 101.995064 -9.324432
v -55.969162 99.294189 -18.228020
v -55.969162 94.908203 -26.433628
v -55.969162 89.005661 -33.625916
v -55.969162 81.813416 -39.528465
v -55.969162 73.607811 -43.914452
v -55.969162 64.704216 -46.615288
v -46.640968 55.444759 -47.527275
v -46.640968 46.185345 -46.615288
v -46.640968 37.281757 -43.914452
v -46.640968 29.076149 -39.528465
v -46.640968 21.883900 -33.625908
v -46.640968 15.981359 -26.433622
v -46.640968 11.595373 -18.228012
v -46.640968 8.894486 -9.324426
v -46.640968 7.982499 -0.065012
v -46.640968 8.894487 9.194400
v -46.640968 11.595375 18.097988
v -46.640968 15.981363 26.303595
v -46.640968 21.883904 33.495888
v -46.640968 29.076157 39.398430
v -46.640968 37.281765 43.784416
v -46.640968 46.185352 46.485260
v -46.640968 55.444767 47.397247
v -46.640968 64.704224 46.485260
v -46.640968 73.607811 43.784416
v -46.640968 81.813408 39.398430
v -46.640968 89.005661 33.495880
v -46.640968 94.908203 26.303589
v -46.640968 99.294189 18.097980
v -46.640968 101.995064 9.194393
v -46.640968 102.907028 -0.065020
v -46.640968 101.995064 -9.324432
v -46.640968 99.294189 -18.228020
v -46.640968 94.908203 -26.433628
v -46.640968 89.005661 -33.625916
v -46.640968 81.813408 -39.528465
v -46.640968 73.607811 -43.914452
v -46.640968 64.704216 -46.615288
v -65.297356 55.444759 -47.527275
v -65.297356 46.185345 -46.615288
v -65.297356 37.281757 -43.914452
v -65.297356 29.076149 -39.528465
v -65.297356 21.883907 -33.625908
v -65.297356 15.981359 -26.433622
v -65.297356 11.595373 -18.228012
v -65.297356 8.894486 -9.324426
v -65.297356 7.982499 -0.065012
v -65.297356 8.894487 9.194400
v -65.297356 11.595375 18.097988
v -65.297356 15.981363 26.303595
v -65.297356 21.883911 33.495888
v -65.297356 29.076157 39.398430
v -65.297356 37.281765 43.784416
v -65.297356 46.185352 46.485260
v -65.297356 55.444767 47.397247
v -65.297356 64.704224 46.485260
v -65.297356 73.607811 43.784416
v -65.297356 81.813416 39.398430
v -65.297356 89.005661 33.495880
v -65.297356 94.908203 26.303589
v -65.297356 99.294189 18.097980
v -65.297356 101.995064 9.194393
v -65.297356 102.907028 -0.065020
v -65.297356 101.995064 -9.324432
v -65.297356 99.294189 -18.228020
v -65.297356 94.908203 -26.433628
v -65.297356 89.005661 -33.625916
v -65.297356 81.813416 -39.528465
v -65.297356 73.607811 -43.914452
v -65.297356 64.704216 -46.615288
v 0.000000 47.489609 -40.058334
v 0.000000 55.444759 -40.841835
v 0.000000 39.840164 -37.737854
v 0.000000 32.790405 -33.969681
v 0.000000 26.611198 -28.898577
v 0.000000 21.540092 -22.719416
v 0.000000 17.771923 -15.669608
v 0.000000 15.451491 -8.020163
v 0.000000 14.667962 -0.065013
v 0.000000 15.451493 7.890137
v 0.000000 17.771925 15.539582
v 0.000000 21.540096 22.589388
v 0.000000 26.611202 28.768549
v 0.000000 32.790409 33.839653
v 0.000000 39.840172 37.607826
v 0.000000 47.489616 39.928299
v 0.000000 55.444767 40.711807
v 0.000000 63.399937 39.928299
v 0.000000 71.049400 37.607826
v 0.000000 78.099167 33.839645
v 0.000000 84.278320 28.768545
v 0.000000 89.349472 22.589384
v 0.000000 93.117645 15.539577
v 0.000000 95.438080 7.890131
v 0.000000 96.221581 -0.065019
v 0.000000 95.438080 -8.020168
v 0.000000 93.117645 -15.669614
v 0.000000 89.349472 -22.719419
v 0.000000 84.278320 -28.898581
v 0.000000 78.099167 -33.969688
v 0.000000 71.049400 -37.737854
v 0.000000 63.399929 -40.058334
v -37.312775 47.489609 -40.058334
v -37.312775 55.444759 -40.841835
v -37.312775 39.840164 -37.737854
v -37.312775 32.790405 -33.969681
v -37.312775 26.611198 -28.898577
v -37.312775 21.540092 -22.719416
v -37.312775 17.771923 -15.669608
v -37.312775 15.451491 -8.020163
v -37.312775 14.667975 -0.065013
v -37.312775 15.451493 7.890137
v -37.312775 17.771925 15.539582
v -37.312775 21.540096 22.589388
v -37.312775 26.611202 28.768549
v -37.312775 32.790409 33.839653
v -37.312775 39.840172 37.607826
v -37.312775 47.489616 39.928299
v -37.312775 55.444767 40.711807
v -37.312775 63.399948 39.928299
v -37.312775 71.049400 37.607826
v -37.312775 78.099167 33.839645
v -37.312775 84.278320 28.768545
v -37.312775 89.349472 22.589384
v -37.312775 93.117645 15.539577
v -37.312775 95.438080 7.890131
v -37.312775 96.221581 -0.065019
v -37.312775 95.438080 -8.020168
v -37.312775 93.117645 -15.669614
v -37.312775 89.349472 -22.719419
v -37.312775 84.278320 -28.898581
v -37.312775 78.099167 -33.969688
v -37.312775 71.049400 -37.737854
v -37.312775 63.399940 -40.058334
v -18.656387 47.489609 -40.058334
v -18.656387 55.444759 -40.841835
v -18.656387 39.840164 -37.737854
v -18.656387 32.790405 -33.969681
v -18.656387 26.611198 -28.898577
v -18.656387 21.540092 -22.719416
v -18.656387 17.771923 -15.669608
v -18.656387 15.451491 -8.020163
v -18.656387 14.667970 -0.065013
v -18.656387 15.451493 7.890137
v -18.656387 17.771925 15.539582
v -18.656387 21.540096 22.589388
v -18.656387 26.611202 28.768549
v -18.656387 32.790409 33.839653
v -18.656387 39.840172 37.607826
v -18.656387 47.489616 39.928299
v -18.656387 55.444767 40.711807
v -18.656387 63.399944 39.928299
v -18.656387 71.049400 37.607826
v -18.656387 78.099167 33.839645
v -18.656387 84.278320 28.768545
v -18.656387 89.349472 22.589384
v -18.656387 93.117645 15.539577
v -18.656387 95.438080 7.890131
v -18.656387 96.221581 -0.065019
v -18.656387 95.438080 -8.020168
v -18.656387 93.117645 -15.669614
v -18.656387 89.349472 -22.719419
v -18.656387 84.278320 -28.898581
v -18.656387 78.099167 -33.969688
v -18.656387 71.049400 -37.737854
v -18.656387 63.399937 -40.058334
v -9.328194 47.489609 -40.058334
v -9.328194 55.444759 -40.841835
v -9.328194 39.840164 -37.737854
v -9.328194 32.790405 -33.969681
v -9.328194 26.611198 -28.898577
v -9.328194 21.540092 -22.719416
v -9.328194 17.771923 -15.669608
v -9.328194 15.451491 -8.020163
v -9.328194 14.667967 -0.065013
v -9.328194 15.451493 7.890137
v -9.328194 17.771925 15.539582
v -9.328194 21.540096 22.589388
v -9.328194 26.611202 28.768549
v -9.328194 32.790409 33.839653
v -9.328194 39.840172 37.607826
v -9.328194 47.489616 39.928299
v -9.328194 55.444767 40.711807
v -9.328194 63.399937 39.928299
v -9.328194 71.049400 37.607826
v -9.328194 78.099167 33.839645
v -9.328194 84.278320 28.768545
v -9.328194 89.349472 22.589384
v -9.328194 93.117645 15.539577
v -9.328194 95.438080 7.890131
v -9.328194 96.221581 -0.065019
v -9.328194 95.438080 -8.020168
v -9.328194 93.117645 -15.669614
v -9.328194 89.349472 -22.719419
v -9.328194 84.278320 -28.898581
v -9.328194 78.099167 -33.969688
v -9.328194 71.049400 -37.737854
v -9.328194 63.399929 -40.058334
v 37.312775 47.489609 -40.058334
v 37.312775 55.444759 -40.841835
v 37.312775 39.840164 -37.737854
v 37.312775 32.790405 -33.969681
v 37.312775 26.611198 -28.898577
v 37.312775 21.540092 -22.719416
v 37.312775 17.771923 -15.669608
v 37.312775 15.451491 -8.020163
v 37.312775 14.667950 -0.065013
v 37.312775 15.451493 7.890137
v 37.312775 17.771925 15.539582
v 37.312775 21.540096 22.589388
v 37.312775 26.611202 28.768549
v 37.312775 32.790409 33.839653
v 37.312775 39.840172 37.607826
v 37.312775 47.489616 39.928299
v 37.312775 55.444767 40.711807
v 37.312775 63.399925 39.928299
v 37.312775 71.049400 37.607826
v 37.312775 78.099167 33.839645
v 37.312775 84.278320 28.768545
v 37.312775 89.349472 22.589384
v 37.312775 93.117645 15.539577
v 37.312775 95.438080 7.890131
v 37.312775 96.221581 -0.065019
v 37.312775 95.438080 -8.020168
v 37.312775 93.117645 -15.669614
v 37.312775 89.349472 -22.719419
v 37.312775 84.278320 -28.898581
v 37.312775 78.099167 -33.969688
v 37.312775 71.049400 -37.737854
v 37.312775 63.399918 -40.058334
v 18.656387 47.489609 -40.058334
v 18.656387 55.444759 -40.841835
v 18.656387 39.840164 -37.737854
v 18.656387 32.790405 -33.969681
v 18.656387 26.611198 -28.898577
v 18.656387 21.540092 -22.719416
v 18.656387 17.771923 -15.669608
v 18.656387 15.451491 -8.020163
v 18.656387 14.667955 -0.065013
v 18.656387 15.451493 7.890137
v 18.656387 17.771925 15.539582
v 18.656387 21.540096 22.589388
v 18.656387 26.611202 28.768549
v 18.656387 32.790409 33.839653
v 18.656387 39.840172 37.607826
v 18.656387 47.489616 39.928299
v 18.656387 55.444767 40.711807
v 18.656387 63.399933 39.928299
v 18.656387 71.049400 37.607826
v 18.656387 78.099167 33.839645
v 18.656387 84.278320 28.768545
v 18.656387 89.349472 22.589384
v 18.656387 93.117645 15.539577
v 18.656387 95.438080 7.890131
v 18.656387 96.221581 -0.065019
v 18.656387 95.438080 -8.020168
v 18.656387 93.117645 -15.669614
v 18.656387 89.349472 -22.719419
v 18.656387 84.278320 -28.898581
v 18.656387 78.099167 -33.969688
v 18.656387 71.049400 -37.737854
v 18.656387 63.399925 -40.058334
v 9.328194 47.489609 -40.058334
v 9.328194 55.444759 -40.841835
v 9.328194 39.840164 -37.737854
v 9.328194 32.790405 -33.969681
v 9.328194 26.611198 -28.898577
v 9.328194 21.540092 -22.719416
v 9.328194 17.771923 -15.669608
v 9.328194 15.451491 -8.020163
v 9.328194 14.667958 -0.065013
v 9.328194 15.451493 7.890137
v 9.328194 17.771925 15.539582
v 9.328194 21.540096 22.589388
v 9.328194 26.611202 28.768549
v 9.328194 32.790409 33.839653
v 9.328194 39.840172 37.607826
v 9.328194 47.489616 39.928299
v 9.328194 55.444767 40.711807
v 9.328194 63.399937 39.928299
v 9.328194 71.049400 37.607826
v 9.328194 78.099167 33.839645
v 9.328194 84.278320 28.768545
v 9.328194 89.349472 22.589384
v 9.328194 93.117645 15.539577
v 9.328194 95.438080 7.890131
v 9.328194 96.221581 -0.065019
v 9.328194 95.438080 -8.020168
v 9.328194 93.117645 -15.669614
v 9.328194 89.349472 -22.719419
v 9.328194 84.278320 -28.898581
v 9.328194 78.099167 -33.969688
v 9.328194 71.049400 -37.737854
v 9.328194 63.399929 -40.058334
v 27.984581 47.489609 -40.058334
v 27.984581 55.444759 -40.841835
v 27.984581 39.840164 -37.737854
v 27.984581 32.790405 -33.969681
v 27.984581 26.611198 -28.898577
v 27.984581 21.540092 -22.719416
v 27.984581 17.771923 -15.669608
v 27.984581 15.451491 -8.020163
v 27.984581 14.667953 -0.065013
v 27.984581 15.451493 7.890137
v 27.984581 17.771925 15.539582
v 27.984581 21.540096 22.589388
v 27.984581 26.611202 28.768549
v 27.984581 32.790409 33.839653
v 27.984581 39.840172 37.607826
v 27.984581 47.489616 39.928299
v 27.984581 55.444767 40.711807
v 27.984581 63.399925 39.928299
v 27.984581 71.049400 37.607826
v 27.984581 78.099167 33.839645
v 27.984581 84.278320 28.768545
v 27.984581 89.349472 22.589384
v 27.984581 93.117645 15.539577
v 27.984581 95.438080 7.890131
v 27.984581 96.221581 -0.065019
v 27.984581 95.438080 -8.020168
v 27.984581 93.117645 -15.669614
v 27.984581 89.349472 -22.719419
v 27.984581 84.278320 -28.898581
v 27.984581 78.099167 -33.969688
v 27.984581 71.049400 -37.737854
v 27.984581 63.399918 -40.058334
v 55.969162 47.489609 -40.058334
v 55.969162 55.444759 -40.841835
v 55.969162 39.840164 -37.737854
v 55.969162 32.790405 -33.969681
v 55.969162 26.611198 -28.898577
v 55.969162 21.540092 -22.719416
v 55.969162 17.771923 -15.669608
v 55.969162 15.451491 -8.020163
v 55.969162 14.667944 -0.065013
v 55.969162 15.451493 7.890137
v 55.969162 17.771925 15.539582
v 55.969162 21.540096 22.589388
v 55.969162 26.611202 28.768549
v 55.969162 32.790409 33.839653
v 55.969162 39.840172 37.607826
v 55.969162 47.489616 39.928299
v 55.969162 55.444767 40.711807
v 55.969162 63.399921 39.928299
v 55.969162 71.049400 37.607826
v 55.969162 78.099167 33.839645
v 55.969162 84.278320 28.768545
v 55.969162 89.349472 22.589384
v 55.969162 93.117645 15.539577
v 55.969162 95.438080 7.890131
v 55.969162 96.221581 -0.065019
v 55.969162 95.438080 -8.020168
v 55.969162 93.117645 -15.669614
v 55.969162 89.349472 -22.719419
v 55.969162 84.278320 -28.898581
v 55.969162 78.099167 -33.969688
v 55.969162 71.049400 -37.737854
v 55.969162 63.399914 -40.058334
v 46.640968 47.489609 -40.058334
v 46.640968 55.444759 -40.841835
v 46.640968 39.840164 -37.737854
v 46.640968 32.790405 -33.969681
v 46.640968 26.611198 -28.898577
v 46.640968 21.540092 -22.719416
v 46.640968 17.771923 -15.669608
v 46.640968 15.451491 -8.020163
v 46.640968 14.667947 -0.065013
v 46.640968 15.451493 7.890137
v 46.640968 17.771925 15.539582
v 46.640968 21.540096 22.589388
v 46.640968 26.611202 28.768549
v 46.640968 32.790409 33.839653
v 46.640968 39.840172 37.607826
v 46.640968 47.489616 39.928299
v 46.640968 55.444767 40.711807
v 46.640968 63.399925 39.928299
v 46.640968 71.049400 37.607826
v 46.640968 78.099167 33.839645
v 46.640968 84.278320 28.768545
v 46.640968 89.349472 22.589384
v 46.640968 93.117645 15.539577
v 46.640968 95.438080 7.890131
v 46.640968 96.221581 -0.065019
v 46.640968 95.438080 -8.020168
v 46.640968 93.117645 -15.669614
v 46.640968 89.349472 -22.719419
v 46.640968 84.278320 -28.898581
v 46.640968 78.099167 -33.969688
v 46.640968 71.049400 -37.737854
v 46.640968 63.399918 -40.058334
v 65.297356 47.489609 -40.058334
v 65.297356 55.444759 -40.841835
v 65.297356 39.840164 -37.737854
v 65.297356 32.790405 -33.969681
v 65.297356 26.611198 -28.898577
v 65.297356 21.540092 -22.719416
v 65.297356 17.771923 -15.669608
v 65.297356 15.451491 -8.020163
v 65.297356 14.667941 -0.065013
v 65.297356 15.451493 7.890137
v 65.297356 17.771925 15.539582
v 65.297356 21.540096 22.589388
v 65.297356 26.611202 28.768549
v 65.297356 32.790409 33.839653
v 65.297356 39.840172 37.607826
v 65.297356 47.489616 39.928299
v 65.297356 55.444767 40.711807
v 65.297356 63.399914 39.928299
v 65.297356 71.049400 37.607826
v 65.297356 78.099167 33.839645
v 65.297356 84.278320 28.768545
v 65.297356 89.349472 22.589384
v 65.297356 93.117645 15.539577
v 65.297356 95.438080 7.890131
v 65.297356 96.221581 -0.065019
v 65.297356 95.438080 -8.020168
v 65.297356 93.117645 -15.669614
v 65.297356 89.349472 -22.719419
v 65.297356 84.278320 -28.898581
v 65.297356 78.099167 -33.969688
v 65.297356 71.049400 -37.737854
v 65.297356 63.399906 -40.058334
v -27.984581 47.489609 -40.058334
v -27.984581 55.444759 -40.841835
v -27.984581 39.840164 -37.737854
v -27.984581 32.790405 -33.969681
v -27.984581 26.611198 -28.898577
v -27.984581 21.540092 -22.719416
v -27.984581 17.771923 -15.669608
v -27.984581 15.451491 -8.020163
v -27.984581 14.667973 -0.065013
v -27.984581 15.451493 7.890137
v -27.984581 17.771925 15.539582
v -27.984581 21.540096 22.589388
v -27.984581 26.611202 28.768549
v -27.984581 32.790409 33.839653
v -27.984581 39.840172 37.607826
v -27.984581 47.489616 39.928299
v -27.984581 55.444767 40.711807
v -27.984581 63.399948 39.928299
v -27.984581 71.049400 37.607826
v -27.984581 78.099167 33.839645
v -27.984581 84.278320 28.768545
v -27.984581 89.349472 22.589384
v -27.984581 93.117645 15.539577
v -27.984581 95.438080 7.890131
v -27.984581 96.221581 -0.065019
v -27.984581 95.438080 -8.020168
v -27.984581 93.117645 -15.669614
v -27.984581 89.349472 -22.719419
v -27.984581 84.278320 -28.898581
v -27.984581 78.099167 -33.969688
v -27.984581 71.049400 -37.737854
v -27.984581 63.399940 -40.058334
v -55.969162 47.489609 -40.058334
v -55.969162 55.444759 -40.841835
v -55.969162 39.840164 -37.737854
v -55.969162 32.790405 -33.969681
v -55.969162 26.611198 -28.898577
v -55.969162 21.540092 -22.719416
v -55.969162 17.771923 -15.669608
v -55.969162 15.451491 -8.020163
v -55.969162 14.667981 -0.065013
v -55.969162 15.451493 7.890137
v -55.969162 17.771925 15.539582
v -55.969162 21.540096 22.589388
v -55.969162 26.611202 28.768549
v -55.969162 32.790409 33.839653
v -55.969162 39.840172 37.607826
v -55.969162 47.489616 39.928299
v -55.969162 55.444767 40.711807
v -55.969162 63.399956 39.928299
v -55.969162 71.049400 37.607826
v -55.969162 78.099167 33.839645
v -55.969162 84.278320 28.768545
v -55.969162 89.349472 22.589384
v -55.969162 93.117645 15.539577
v -55.969162 95.438080 7.890131
v -55.969162 96.221581 -0.065019
v -55.969162 95.438080 -8.020168
v -55.969162 93.117645 -15.669614
v -55.969162 89.349472 -22.719419
v -55.969162 84.278320 -28.898581
v -55.969162 78.099167 -33.969688
v -55.969162 71.049400 -37.737854
v -55.969162 63.399948 -40.058334
v -46.640968 47.489609 -40.058334
v -46.640968 55.444759 -40.841835
v -46.640968 39.840164 -37.737854
v -46.640968 32.790405 -33.969681
v -46.640968 26.611198 -28.898577
v -46.640968 21.540092 -22.719416
v -46.640968 17.771923 -15.669608
v -46.640968 15.451491 -8.020163
v -46.640968 14.667978 -0.065013
v -46.640968 15.451493 7.890137
v -46.640968 17.771925 15.539582
v -46.640968 21.540096 22.589388
v -46.640968 26.611202 28.768549
v -46.640968 32.790409 33.839653
v -46.640968 39.840172 37.607826
v -46.640968 47.489616 39.928299
v -46.640968 55.444767 40.711807
v -46.640968 63.399948 39.928299
v -46.640968 71.049400 37.607826
v -46.640968 78.099167 33.839645
v -46.640968 84.278320 28.768545
v -46.640968 89.349472 22.589384
v -46.640968 93.117645 15.539577
v -46.640968 95.438080 7.890131
v -46.640968 96.221581 -0.065019
v -46.640968 95.438080 -8.020168
v -46.640968 93.117645 -15.669614
v -46.640968 89.349472 -22.719419
v -46.640968 84.278320 -28.898581
v -46.640968 78.099167 -33.969688
v -46.640968 71.049400 -37.737854
v -46.640968 63.399940 -40.058334
v -65.297356 47.489609 -40.058334
v -65.297356 55.444759 -40.841835
v -65.297356 39.840164 -37.737854
v -65.297356 32.790405 -33.969681
v -65.297356 26.611198 -28.898577
v -65.297356 21.540092 -22.719416
v -65.297356 17.771923 -15.669608
v -65.297356 15.451491 -8.020163
v -65.297356 14.667984 -0.065013
v -65.297356 15.451493 7.890137
v -65.297356 17.771925 15.539582
v -65.297356 21.540096 22.589388
v -65.297356 26.611202 28.768549
v -65.297356 32.790409 33.839653
v -65.297356 39.840172 37.607826
v -65.297356 47.489616 39.928299
v -65.297356 55.444767 40.711807
v -65.297356 63.399960 39.928299
v -65.297356 71.049400 37.607826
v -65.297356 78.099167 33.839645
v -65.297356 84.278320 28.768545
v -65.297356 89.349472 22.589384
v -65.297356 93.117645 15.539577
v -65.297356 95.438080 7.890131
v -65.297356 96.221581 -0.065019
v -65.297356 95.438080 -8.020168
v -65.297356 93.117645 -15.669614
v -65.297356 89.349472 -22.719419
v -65.297356 84.278320 -28.898581
v -65.297356 78.099167 -33.969688
v -65.297356 71.049400 -37.737854
v -65.297356 63.399952 -40.058334
v -74.625549 50.815052 -47.071281
v 69.961456 55.444759 -47.527275
v 74.625549 50.815052 -47.071281
v 69.961456 46.185345 -46.615288
v -74.625549 41.733551 -45.264870
v 74.625549 41.733551 -45.264870
v 69.961456 37.281757 -43.914452
v -74.625549 33.178951 -41.721458
v 74.625549 33.178951 -41.721458
v 69.961456 29.076149 -39.528465
v -74.625549 25.480030 -36.577187
v 74.625549 25.480007 -36.577187
v 69.961456 21.883862 -33.625908
v -74.625549 18.932636 -30.029766
v 74.625549 18.932610 -30.029766
v 69.961456 15.981359 -26.433622
v -74.625549 13.788366 -22.330818
v 74.625549 13.788366 -22.330818
v 69.961456 11.595373 -18.228012
v -74.625549 10.244930 -13.776218
v 74.625549 10.244930 -13.776218
v 69.961456 8.894486 -9.324426
v -74.625549 8.438492 -4.694719
v 74.625549 8.438492 -4.694719
v 69.961456 7.982499 -0.065012
v -74.625549 8.438494 4.564694
v 74.625549 8.438494 4.564694
v 69.961456 8.894487 9.194400
v -74.625549 10.244932 13.646193
v 74.625549 10.244932 13.646193
v 69.961456 11.595375 18.097988
v -74.625549 13.788370 22.200794
v 74.625549 13.788370 22.200794
v 69.961456 15.981363 26.303595
v -74.625549 18.932640 29.899738
v 74.625549 18.932613 29.899738
v 69.961456 21.883865 33.495888
v -74.625549 25.480034 36.447159
v 74.625549 25.480011 36.447159
v 69.961456 29.076157 39.398430
v -74.625549 33.178959 41.591423
v 74.625549 33.178959 41.591423
v 69.961456 37.281765 43.784416
v -74.625549 41.733559 45.134834
v 74.625549 41.733559 45.134834
v 69.961456 46.185352 46.485260
v -74.625549 50.815060 46.941254
v 74.625549 50.815060 46.941254
v 69.961456 55.444767 47.397247
v -74.625549 60.074493 46.941254
v 74.625549 60.074493 46.941254
v 69.961456 64.704224 46.485260
v -74.625549 69.156021 45.134834
v 74.625549 69.156021 45.134834
v 69.961456 73.607811 43.784416
v -74.625549 77.710609 41.591423
v 74.625549 77.710587 41.591423
v 69.961456 81.813370 39.398430
v -74.625549 85.409538 36.447151
v 74.625549 85.409508 36.447151
v 69.961456 89.005661 33.495880
v -74.625549 91.956932 29.899733
v 74.625549 91.956932 29.899733
v 69.961456 94.908203 26.303589
v -74.625549 97.101196 22.200787
v 74.625549 97.101196 22.200787
v 69.961456 99.294189 18.097980
v -74.625549 100.644630 13.646186
v 74.625549 100.644608 13.646186
v 69.961456 101.995041 9.194393
v -74.625549 102.451050 4.564687
v 74.625549 102.451027 4.564687
v 69.961456 102.907028 -0.065020
v -74.625549 102.451050 -4.694726
v 74.625549 102.451027 -4.694726
v 69.961456 101.995041 -9.324432
v -74.625549 100.644630 -13.776225
v 74.625549 100.644608 -13.776225
v 69.961456 99.294189 -18.228020
v -74.625549 97.101196 -22.330826
v 74.625549 97.101196 -22.330826
v 69.961456 94.908203 -26.433628
v -74.625549 91.956932 -30.029772
v 74.625549 91.956932 -30.029772
v 69.961456 89.005661 -33.625916
v -74.625549 85.409538 -36.577194
v 74.625549 85.409508 -36.577194
v 69.961456 81.813370 -39.528465
v -74.625549 77.710609 -41.721458
v 74.625549 77.710587 -41.721458
v 69.961456 73.607811 -43.914452
v 74.625549 38.560970 40.696121
v 74.625549 60.074486 -47.071281
v 74.625549 69.156021 -45.264870
v 74.625549 96.205917 -16.948818
v 74.625549 91.233559 -19.194517
v 74.625549 86.813904 -25.809000
v 74.625549 81.188744 -31.434134
v 74.625549 74.574287 -35.853767
v 74.625549 67.224655 -38.898094
v 74.625549 59.422333 -40.450089
v 74.625549 51.467182 -40.450089
v 74.625549 43.664886 -38.898094
v 74.625549 36.315285 -35.853767
v 74.625549 29.700802 -31.434130
v 74.625549 24.075645 -25.808996
v 74.625549 19.656006 -19.194511
v 74.625549 16.611706 -11.844886
v 74.625549 15.059715 -4.042588
v 74.625549 15.059715 3.912562
v 74.625549 16.611710 11.714860
v 74.625549 19.656010 19.064484
v 74.625549 24.075649 25.678968
v 74.625549 29.700806 31.304102
v 74.625549 36.315292 35.723740
v 74.625549 43.664894 38.768066
v 74.625549 51.467190 40.320053
v 74.625549 59.422340 40.320053
v 74.625549 67.224655 38.768066
v 74.625549 74.574287 35.723740
v 74.625549 81.188744 31.304098
v 74.625549 86.813904 25.678965
v 74.625549 91.233559 19.064478
v 74.625549 94.277863 11.714854
v 74.625549 95.829834 3.912556
v 74.625549 95.829834 -4.042594
v 74.625549 94.277863 -11.844892
v -74.625549 69.156021 -45.264870
v 69.961456 64.704216 -46.615288
v -74.625549 60.074486 -47.071281
v -74.625549 81.188744 31.304098
v -74.625549 79.956291 36.619034
v -74.625549 92.128838 -24.576525
v -74.625549 91.233559 -19.194517
v -74.625549 94.277863 -11.844892
v -74.625549 95.829834 -4.042594
v -74.625549 95.829834 3.912556
v -74.625549 94.277863 11.714854
v -74.625549 91.233559 19.064478
v -74.625549 86.813904 25.678965
v -74.625549 86.813904 -25.809000
v -74.625549 74.574287 35.723740
v -74.625549 67.224678 38.768066
v -74.625549 59.422363 40.320053
v -74.625549 51.467190 40.320053
v -74.625549 43.664894 38.768066
v -74.625549 36.315292 35.723740
v -74.625549 29.700806 31.304102
v -74.625549 24.075649 25.678968
v -74.625549 19.656010 19.064484
v -74.625549 16.611710 11.714860
v -74.625549 15.059739 3.912562
v -74.625549 15.059739 -4.042588
v -74.625549 16.611706 -11.844886
v -74.625549 19.656006 -19.194511
v -74.625549 24.075645 -25.808996
v -74.625549 29.700802 -31.434130
v -74.625549 36.315285 -35.853767
v -74.625549 43.664886 -38.898094
v -74.625549 51.467182 -40.450089
v -74.625549 59.422356 -40.450089
v -74.625549 67.224678 -38.898094
v -74.625549 74.574287 -35.853767
v -74.625549 81.188744 -31.434134
v -69.961456 47.489609 -40.058334
v -69.961456 55.444759 -40.841835
v -69.961456 39.840164 -37.737854
v -69.961456 32.790405 -33.969681
v -69.961456 26.611198 -28.898577
v -69.961456 21.540092 -22.719416
v -69.961456 17.771923 -15.669608
v -69.961456 15.451491 -8.020163
v -69.961456 14.667985 -0.065013
v -69.961456 15.451493 7.890137
v -69.961456 17.771925 15.539582
v -69.961456 21.540096 22.589388
v -69.961456 26.611202 28.768549
v -69.961456 32.790409 33.839653
v -69.961456 39.840172 37.607826
v -69.961456 47.489616 39.928299
v -69.961456 55.444767 40.711807
v -69.961456 63.399960 39.928299
v -69.961456 71.049400 37.607826
v -69.961456 78.099167 33.839645
v -69.961456 84.278320 28.768545
v -69.961456 89.349472 22.589384
v -69.961456 93.117645 15.539577
v -69.961456 95.438080 7.890131
v -69.961456 96.221581 -0.065019
v -69.961456 95.438080 -8.020168
v -69.961456 93.117645 -15.669614
v -69.961456 89.349472 -22.719419
v -69.961456 84.278320 -28.898581
v -69.961456 78.099167 -33.969688
v -69.961456 71.049400 -37.737854
v -69.961456 63.399952 -40.058334
v -4.664097 55.444759 -47.527275
v -4.664097 46.185345 -46.615288
v -4.664097 37.281757 -43.914452
v -4.664097 29.076149 -39.528465
v -4.664097 21.883888 -33.625908
v -4.664097 15.981359 -26.433622
v -4.664097 11.595373 -18.228012
v -4.664097 8.894486 -9.324426
v -4.664097 7.982499 -0.065012
v -4.664097 8.894487 9.194400
v -4.664097 11.595375 18.097988
v -4.664097 15.981363 26.303595
v -4.664097 21.883892 33.495888
v -4.664097 29.076157 39.398430
v -4.664097 37.281765 43.784416
v -4.664097 46.185352 46.485260
v -4.664097 55.444767 47.397247
v -4.664097 64.704224 46.485260
v -4.664097 73.607811 43.784416
v -4.664097 81.813393 39.398430
v -4.664097 89.005661 33.495880
v -4.664097 94.908203 26.303589
v -4.664097 99.294189 18.097980
v -4.664097 101.995064 9.194393
v -4.664097 102.907028 -0.065020
v -4.664097 101.995064 -9.324432
v -4.664097 99.294189 -18.228020
v -4.664097 94.908203 -26.433628
v -4.664097 89.005661 -33.625916
v -4.664097 81.813393 -39.528465
v -4.664097 73.607811 -43.914452
v -4.664097 64.704216 -46.615288
v 0.000000 60.074486 -47.071281
v 0.000000 69.156021 -45.264870
v 0.000000 77.710602 -41.721458
v 0.000000 85.409523 -36.577194
v 0.000000 91.956932 -30.029772
v 0.000000 97.101196 -22.330826
v 0.000000 100.644630 -13.776225
v 0.000000 102.451042 -4.694726
v 0.000000 102.451042 4.564687
v 0.000000 100.644630 13.646186
v 0.000000 97.101196 22.200787
v 0.000000 91.956932 29.899733
v 0.000000 85.409523 36.447151
v 0.000000 77.710602 41.591423
v 0.000000 69.156021 45.134834
v 0.000000 60.074493 46.941254
v 0.000000 50.815060 46.941254
v 0.000000 41.733559 45.134834
v 0.000000 33.178959 41.591423
v 0.000000 25.480022 36.447159
v 0.000000 18.932625 29.899738
v 0.000000 13.788370 22.200794
v 0.000000 10.244932 13.646193
v 0.000000 8.438494 4.564694
v 0.000000 8.438492 -4.694719
v 0.000000 10.244930 -13.776218
v 0.000000 13.788366 -22.330818
v 0.000000 18.932621 -30.029766
v 0.000000 25.480019 -36.577187
v 0.000000 33.178951 -41.721458
v 0.000000 41.733551 -45.264870
v 0.000000 50.815052 -47.071281
v 32.648678 55.444759 -47.527275
v 32.648678 46.185345 -46.615288
v 32.648678 37.281757 -43.914452
v 32.648678 29.076149 -39.528465
v 32.648678 21.883873 -33.625908
v 32.648678 15.981359 -26.433622
v 32.648678 11.595373 -18.228012
v 32.648678 8.894486 -9.324426
v 32.648678 7.982499 -0.065012
v 32.648678 8.894487 9.194400
v 32.648678 11.595375 18.097988
v 32.648678 15.981363 26.303595
v 32.648678 21.883877 33.495888
v 32.648678 29.076157 39.398430
v 32.648678 37.281765 43.784416
v 32.648678 46.185352 46.485260
v 32.648678 55.444767 47.397247
v 32.648678 64.704224 46.485260
v 32.648678 73.607811 43.784416
v 32.648678 81.813377 39.398430
v 32.648678 89.005661 33.495880
v 32.648678 94.908203 26.303589
v 32.648678 99.294189 18.097980
v 32.648678 101.995041 9.194393
v 32.648678 102.907028 -0.065020
v 32.648678 101.995041 -9.324432
v 32.648678 99.294189 -18.228020
v 32.648678 94.908203 -26.433628
v 32.648678 89.005661 -33.625916
v 32.648678 81.813377 -39.528465
v 32.648678 73.607811 -43.914452
v 32.648678 64.704216 -46.615288
v 37.312775 60.074486 -47.071281
v 37.312775 69.156021 -45.264870
v 37.312775 77.710594 -41.721458
v 37.312775 85.409523 -36.577194
v 37.312775 91.956932 -30.029772
v 37.312775 97.101196 -22.330826
v 37.312775 100.644615 -13.776225
v 37.312775 102.451027 -4.694726
v 37.312775 102.451027 4.564687
v 37.312775 100.644615 13.646186
v 37.312775 97.101196 22.200787
v 37.312775 91.956932 29.899733
v 37.312775 85.409523 36.447151
v 37.312775 77.710594 41.591423
v 37.312775 69.156021 45.134834
v 37.312775 60.074493 46.941254
v 37.312775 50.815060 46.941254
v 37.312775 41.733559 45.134834
v 37.312775 33.178959 41.591423
v 37.312775 25.480015 36.447159
v 37.312775 18.932621 29.899738
v 37.312775 13.788370 22.200794
v 37.312775 10.244932 13.646193
v 37.312775 8.438494 4.564694
v 37.312775 8.438492 -4.694719
v 37.312775 10.244930 -13.776218
v 37.312775 13.788366 -22.330818
v 37.312775 18.932617 -30.029766
v 37.312775 25.480011 -36.577187
v 37.312775 33.178951 -41.721458
v 37.312775 41.733551 -45.264870
v 37.312775 50.815052 -47.071281
v 13.992290 55.444759 -47.527275
v 13.992290 46.185345 -46.615288
v 13.992290 37.281757 -43.914452
v 13.992290 29.076149 -39.528465
v 13.992290 21.883881 -33.625908
v 13.992290 15.981359 -26.433622
v 13.992290 11.595373 -18.228012
v 13.992290 8.894486 -9.324426
v 13.992290 7.982499 -0.065012
v 13.992290 8.894487 9.194400
v 13.992290 11.595375 18.097988
v 13.992290 15.981363 26.303595
v 13.992290 21.883884 33.495888
v 13.992290 29.076157 39.398430
v 13.992290 37.281765 43.784416
v 13.992290 46.185352 46.485260
v 13.992290 55.444767 47.397247
v 13.992290 64.704224 46.485260
v 13.992290 73.607811 43.784416
v 13.992290 81.813393 39.398430
v 13.992290 89.005661 33.495880
v 13.992290 94.908203 26.303589
v 13.992290 99.294189 18.097980
v 13.992290 101.995041 9.194393
v 13.992290 102.907028 -0.065020
v 13.992290 101.995041 -9.324432
v 13.992290 99.294189 -18.228020
v 13.992290 94.908203 -26.433628
v 13.992290 89.005661 -33.625916
v 13.992290 81.813393 -39.528465
v 13.992290 73.607811 -43.914452
v 13.992290 64.704216 -46.615288
v 18.656387 50.815052 -47.071281
v 18.656387 41.733551 -45.264870
v 18.656387 33.178951 -41.721458
v 18.656387 25.480015 -36.577187
v 18.656387 18.932617 -30.029766
v 18.656387 13.788366 -22.330818
v 18.656387 10.244930 -13.776218
v 18.656387 8.438492 -4.694719
v 18.656387 8.438494 4.564694
v 18.656387 10.244932 13.646193
v 18.656387 13.788370 22.200794
v 18.656387 18.932621 29.899738
v 18.656387 25.480019 36.447159
v 18.656387 33.178959 41.591423
v 18.656387 41.733559 45.134834
v 18.656387 50.815060 46.941254
v 18.656387 60.074493 46.941254
v 18.656387 69.156021 45.134834
v 18.656387 77.710602 41.591423
v 18.656387 85.409523 36.447151
v 18.656387 91.956932 29.899733
v 18.656387 97.101196 22.200787
v 18.656387 100.644615 13.646186
v 18.656387 102.451027 4.564687
v 18.656387 102.451027 -4.694726
v 18.656387 100.644615 -13.776225
v 18.656387 97.101196 -22.330826
v 18.656387 91.956932 -30.029772
v 18.656387 85.409523 -36.577194
v 18.656387 77.710602 -41.721458
v 18.656387 69.156021 -45.264870
v 18.656387 60.074486 -47.071281
v 4.664097 55.444759 -47.527275
v 4.664097 46.185345 -46.615288
v 4.664097 37.281757 -43.914452
v 4.664097 29.076149 -39.528465
v 4.664097 21.883884 -33.625908
v 4.664097 15.981359 -26.433622
v 4.664097 11.595373 -18.228012
v 4.664097 8.894486 -9.324426
v 4.664097 7.982499 -0.065012
v 4.664097 8.894487 9.194400
v 4.664097 11.595375 18.097988
v 4.664097 15.981363 26.303595
v 4.664097 21.883888 33.495888
v 4.664097 29.076157 39.398430
v 4.664097 37.281765 43.784416
v 4.664097 46.185352 46.485260
v 4.664097 55.444767 47.397247
v 4.664097 64.704224 46.485260
v 4.664097 73.607811 43.784416
v 4.664097 81.813393 39.398430
v 4.664097 89.005661 33.495880
v 4.664097 94.908203 26.303589
v 4.664097 99.294189 18.097980
v 4.664097 101.995041 9.194393
v 4.664097 102.907028 -0.065020
v 4.664097 101.995041 -9.324432
v 4.664097 99.294189 -18.228020
v 4.664097 94.908203 -26.433628
v 4.664097 89.005661 -33.625916
v 4.664097 81.813393 -39.528465
v 4.664097 73.607811 -43.914452
v 4.664097 64.704216 -46.615288
v 9.328194 60.074486 -47.071281
v 9.328194 69.156021 -45.264870
v 9.328194 77.710602 -41.721458
v 9.328194 85.409523 -36.577194
v 9.328194 91.956932 -30.029772
v 9.328194 97.101196 -22.330826
v 9.328194 100.644615 -13.776225
v 9.328194 102.451027 -4.694726
v 9.328194 102.451027 4.564687
v 9.328194 100.644615 13.646186
v 9.328194 97.101196 22.200787
v 9.328194 91.956932 29.899733
v 9.328194 85.409523 36.447151
v 9.328194 77.710602 41.591423
v 9.328194 69.156021 45.134834
v 9.328194 60.074493 46.941254
v 9.328194 50.815060 46.941254
v 9.328194 41.733559 45.134834
v 9.328194 33.178959 41.591423
v 9.328194 25.480019 36.447159
v 9.328194 18.932625 29.899738
v 9.328194 13.788370 22.200794
v 9.328194 10.244932 13.646193
v 9.328194 8.438494 4.564694
v 9.328194 8.438492 -4.694719
v 9.328194 10.244930 -13.776218
v 9.328194 13.788366 -22.330818
v 9.328194 18.932621 -30.029766
v 9.328194 25.480015 -36.577187
v 9.328194 33.178951 -41.721458
v 9.328194 41.733551 -45.264870
v 9.328194 50.815052 -47.071281
v 23.320484 55.444759 -47.527275
v 23.320484 46.185345 -46.615288
v 23.320484 37.281757 -43.914452
v 23.320484 29.076149 -39.528465
v 23.320484 21.883877 -33.625908
v 23.320484 15.981359 -26.433622
v 23.320484 11.595373 -18.228012
v 23.320484 8.894486 -9.324426
v 23.320484 7.982499 -0.065012
v 23.320484 8.894487 9.194400
v 23.320484 11.595375 18.097988
v 23.320484 15.981363 26.303595
v 23.320484 21.883881 33.495888
v 23.320484 29.076157 39.398430
v 23.320484 37.281765 43.784416
v 23.320484 46.185352 46.485260
v 23.320484 55.444767 47.397247
v 23.320484 64.704224 46.485260
v 23.320484 73.607811 43.784416
v 23.320484 81.813377 39.398430
v 23.320484 89.005661 33.495880
v 23.320484 94.908203 26.303589
v 23.320484 99.294189 18.097980
v 23.320484 101.995041 9.194393
v 23.320484 102.907028 -0.065020
v 23.320484 101.995041 -9.324432
v 23.320484 99.294189 -18.228020
v 23.320484 94.908203 -26.433628
v 23.320484 89.005661 -33.625916
v 23.320484 81.813377 -39.528465
v 23.320484 73.607811 -43.914452
v 23.320484 64.704216 -46.615288
v 27.984581 50.815052 -47.071281
v 27.984581 41.733551 -45.264870
v 27.984581 33.178951 -41.721458
v 27.984581 25.480011 -36.577187
v 27.984581 18.932617 -30.029766
v 27.984581 13.788366 -22.330818
v 27.984581 10.244930 -13.776218
v 27.984581 8.438492 -4.694719
v 27.984581 8.438494 4.564694
v 27.984581 10.244932 13.646193
v 27.984581 13.788370 22.200794
v 27.984581 18.932621 29.899738
v 27.984581 25.480015 36.447159
v 27.984581 33.178959 41.591423
v 27.984581 41.733559 45.134834
v 27.984581 50.815060 46.941254
v 27.984581 60.074493 46.941254
v 27.984581 69.156021 45.134834
v 27.984581 77.710594 41.591423
v 27.984581 85.409523 36.447151
v 27.984581 91.956932 29.899733
v 27.984581 97.101196 22.200787
v 27.984581 100.644615 13.646186
v 27.984581 102.451027 4.564687
v 27.984581 102.451027 -4.694726
v 27.984581 100.644615 -13.776225
v 27.984581 97.101196 -22.330826
v 27.984581 91.956932 -30.029772
v 27.984581 85.409523 -36.577194
v 27.984581 77.710594 -41.721458
v 27.984581 69.156021 -45.264870
v 27.984581 60.074486 -47.071281
v 51.305065 55.444759 -47.527275
v 51.305065 46.185345 -46.615288
v 51.305065 37.281757 -43.914452
v 51.305065 29.076149 -39.528465
v 51.305065 21.883869 -33.625908
v 51.305065 15.981359 -26.433622
v 51.305065 11.595373 -18.228012
v 51.305065 8.894486 -9.324426
v 51.305065 7.982499 -0.065012
v 51.305065 8.894487 9.194400
v 51.305065 11.595375 18.097988
v 51.305065 15.981363 26.303595
v 51.305065 21.883873 33.495888
v 51.305065 29.076157 39.398430
v 51.305065 37.281765 43.784416
v 51.305065 46.185352 46.485260
v 51.305065 55.444767 47.397247
v 51.305065 64.704224 46.485260
v 51.305065 73.607811 43.784416
v 51.305065 81.813377 39.398430
v 51.305065 89.005661 33.495880
v 51.305065 94.908203 26.303589
v 51.305065 99.294189 18.097980
v 51.305065 101.995041 9.194393
v 51.305065 102.907028 -0.065020
v 51.305065 101.995041 -9.324432
v 51.305065 99.294189 -18.228020
v 51.305065 94.908203 -26.433628
v 51.305065 89.005661 -33.625916
v 51.305065 81.813377 -39.528465
v 51.305065 73.607811 -43.914452
v 51.305065 64.704216 -46.615288
v 55.969162 60.074486 -47.071281
v 55.969162 69.156021 -45.264870
v 55.969162 77.710587 -41.721458
v 55.969162 85.409515 -36.577194
v 55.969162 91.956932 -30.029772
v 55.969162 97.101196 -22.330826
v 55.969162 100.644615 -13.776225
v 55.969162 102.451027 -4.694726
v 55.969162 102.451027 4.564687
v 55.969162 100.644615 13.646186
v 55.969162 97.101196 22.200787
v 55.969162 91.956932 29.899733
v 55.969162 85.409515 36.447151
v 55.969162 77.710587 41.591423
v 55.969162 69.156021 45.134834
v 55.969162 60.074493 46.941254
v 55.969162 50.815060 46.941254
v 55.969162 41.733559 45.134834
v 55.969162 33.178959 41.591423
v 55.969162 25.480011 36.447159
v 55.969162 18.932617 29.899738
v 55.969162 13.788370 22.200794
v 55.969162 10.244932 13.646193
v 55.969162 8.438494 4.564694
v 55.969162 8.438492 -4.694719
v 55.969162 10.244930 -13.776218
v 55.969162 13.788366 -22.330818
v 55.969162 18.932613 -30.029766
v 55.969162 25.480007 -36.577187
v 55.969162 33.178951 -41.721458
v 55.969162 41.733551 -45.264870
v 55.969162 50.815052 -47.071281
v 60.633259 55.444759 -47.527275
v 60.633259 46.185345 -46.615288
v 60.633259 37.281757 -43.914452
v 60.633259 29.076149 -39.528465
v 60.633259 21.883865 -33.625908
v 60.633259 15.981359 -26.433622
v 60.633259 11.595373 -18.228012
v 60.633259 8.894486 -9.324426
v 60.633259 7.982499 -0.065012
v 60.633259 8.894487 9.194400
v 60.633259 11.595375 18.097988
v 60.633259 15.981363 26.303595
v 60.633259 21.883869 33.495888
v 60.633259 29.076157 39.398430
v 60.633259 37.281765 43.784416
v 60.633259 46.185352 46.485260
v 60.633259 55.444767 47.397247
v 60.633259 64.704224 46.485260
v 60.633259 73.607811 43.784416
v 60.633259 81.813370 39.398430
v 60.633259 89.005661 33.495880
v 60.633259 94.908203 26.303589
v 60.633259 99.294189 18.097980
v 60.633259 101.995041 9.194393
v 60.633259 102.907028 -0.065020
v 60.633259 101.995041 -9.324432
v 60.633259 99.294189 -18.228020
v 60.633259 94.908203 -26.433628
v 60.633259 89.005661 -33.625916
v 60.633259 81.813370 -39.528465
v 60.633259 73.607811 -43.914452
v 60.633259 64.704216 -46.615288
v 65.297356 60.074486 -47.071281
v 65.297356 69.156021 -45.264870
v 65.297356 77.710587 -41.721458
v 65.297356 85.409508 -36.577194
v 65.297356 91.956932 -30.029772
v 65.297356 97.101196 -22.330826
v 65.297356 100.644615 -13.776225
v 65.297356 102.451027 -4.694726
v 65.297356 102.451027 4.564687
v 65.297356 100.644615 13.646186
v 65.297356 97.101196 22.200787
v 65.297356 91.956932 29.899733
v 65.297356 85.409508 36.447151
v 65.297356 77.710587 41.591423
v 65.297356 69.156021 45.134834
v 65.297356 60.074493 46.941254
v 65.297356 50.815060 46.941254
v 65.297356 41.733559 45.134834
v 65.297356 33.178959 41.591423
v 65.297356 25.480011 36.447159
v 65.297356 18.932617 29.899738
v 65.297356 13.788370 22.200794
v 65.297356 10.244932 13.646193
v 65.297356 8.438494 4.564694
v 65.297356 8.438492 -4.694719
v 65.297356 10.244930 -13.776218
v 65.297356 13.788366 -22.330818
v 65.297356 18.932613 -30.029766
v 65.297356 25.480007 -36.577187
v 65.297356 33.178951 -41.721458
v 65.297356 41.733551 -45.264870
v 65.297356 50.815052 -47.071281
v 41.976871 55.444759 -47.527275
v 41.976871 46.185345 -46.615288
v 41.976871 37.281757 -43.914452
v 41.976871 29.076149 -39.528465
v 41.976871 21.883869 -33.625908
v 41.976871 15.981359 -26.433622
v 41.976871 11.595373 -18.228012
v 41.976871 8.894486 -9.324426
v 41.976871 7.982499 -0.065012
v 41.976871 8.894487 9.194400
v 41.976871 11.595375 18.097988
v 41.976871 15.981363 26.303595
v 41.976871 21.883873 33.495888
v 41.976871 29.076157 39.398430
v 41.976871 37.281765 43.784416
v 41.976871 46.185352 46.485260
v 41.976871 55.444767 47.397247
v 41.976871 64.704224 46.485260
v 41.976871 73.607811 43.784416
v 41.976871 81.813377 39.398430
v 41.976871 89.005661 33.495880
v 41.976871 94.908203 26.303589
v 41.976871 99.294189 18.097980
v 41.976871 101.995041 9.194393
v 41.976871 102.907028 -0.065020
v 41.976871 101.995041 -9.324432
v 41.976871 99.294189 -18.228020
v 41.976871 94.908203 -26.433628
v 41.976871 89.005661 -33.625916
v 41.976871 81.813377 -39.528465
v 41.976871 73.607811 -43.914452
v 41.976871 64.704216 -46.615288
v 46.640968 50.815052 -47.071281
v 46.640968 41.733551 -45.264870
v 46.640968 33.178951 -41.721458
v 46.640968 25.480011 -36.577187
v 46.640968 18.932613 -30.029766
v 46.640968 13.788366 -22.330818
v 46.640968 10.244930 -13.776218
v 46.640968 8.438492 -4.694719
v 46.640968 8.438494 4.564694
v 46.640968 10.244932 13.646193
v 46.640968 13.788370 22.200794
v 46.640968 18.932617 29.899738
v 46.640968 25.480015 36.447159
v 46.640968 33.178959 41.591423
v 46.640968 41.733559 45.134834
v 46.640968 50.815060 46.941254
v 46.640968 60.074493 46.941254
v 46.640968 69.156021 45.134834
v 46.640968 77.710594 41.591423
v 46.640968 85.409523 36.447151
v 46.640968 91.956932 29.899733
v 46.640968 97.101196 22.200787
v 46.640968 100.644615 13.646186
v 46.640968 102.451027 4.564687
v 46.640968 102.451027 -4.694726
v 46.640968 100.644615 -13.776225
v 46.640968 97.101196 -22.330826
v 46.640968 91.956932 -30.029772
v 46.640968 85.409523 -36.577194
v 46.640968 77.710594 -41.721458
v 46.640968 69.156021 -45.264870
v 46.640968 60.074486 -47.071281
v -41.976871 55.444759 -47.527275
v -41.976871 46.185345 -46.615288
v -41.976871 37.281757 -43.914452
v -41.976871 29.076149 -39.528465
v -41.976871 21.883900 -33.625908
v -41.976871 15.981359 -26.433622
v -41.976871 11.595373 -18.228012
v -41.976871 8.894486 -9.324426
v -41.976871 7.982499 -0.065012
v -41.976871 8.894487 9.194400
v -41.976871 11.595375 18.097988
v -41.976871 15.981363 26.303595
v -41.976871 21.883904 33.495888
v -41.976871 29.076157 39.398430
v -41.976871 37.281765 43.784416
v -41.976871 46.185352 46.485260
v -41.976871 55.444767 47.397247
v -41.976871 64.704224 46.485260
v -41.976871 73.607811 43.784416
v -41.976871 81.813400 39.398430
v -41.976871 89.005661 33.495880
v -41.976871 94.908203 26.303589
v -41.976871 99.294189 18.097980
v -41.976871 101.995064 9.194393
v -41.976871 102.907028 -0.065020
v -41.976871 101.995064 -9.324432
v -41.976871 99.294189 -18.228020
v -41.976871 94.908203 -26.433628
v -41.976871 89.005661 -33.625916
v -41.976871 81.813400 -39.528465
v -41.976871 73.607811 -43.914452
v -41.976871 64.704216 -46.615288
v -37.312775 50.815052 -47.071281
v -37.312775 41.733551 -45.264870
v -37.312775 33.178951 -41.721458
v -37.312775 25.480022 -36.577187
v -37.312775 18.932629 -30.029766
v -37.312775 13.788366 -22.330818
v -37.312775 10.244930 -13.776218
v -37.312775 8.438492 -4.694719
v -37.312775 8.438494 4.564694
v -37.312775 10.244932 13.646193
v -37.312775 13.788370 22.200794
v -37.312775 18.932632 29.899738
v -37.312775 25.480026 36.447159
v -37.312775 33.178959 41.591423
v -37.312775 41.733559 45.134834
v -37.312775 50.815060 46.941254
v -37.312775 60.074493 46.941254
v -37.312775 69.156021 45.134834
v -37.312775 77.710609 41.591423
v -37.312775 85.409531 36.447151
v -37.312775 91.956932 29.899733
v -37.312775 97.101196 22.200787
v -37.312775 100.644630 13.646186
v -37.312775 102.451050 4.564687
v -37.312775 102.451050 -4.694726
v -37.312775 100.644630 -13.776225
v -37.312775 97.101196 -22.330826
v -37.312775 91.956932 -30.029772
v -37.312775 85.409531 -36.577194
v -37.312775 77.710609 -41.721458
v -37.312775 69.156021 -45.264870
v -37.312775 60.074486 -47.071281
v -23.320484 55.444759 -47.527275
v -23.320484 46.185345 -46.615288
v -23.320484 37.281757 -43.914452
v -23.320484 29.076149 -39.528465
v -23.320484 21.883892 -33.625908
v -23.320484 15.981359 -26.433622
v -23.320484 11.595373 -18.228012
v -23.320484 8.894486 -9.324426
v -23.320484 7.982499 -0.065012
v -23.320484 8.894487 9.194400
v -23.320484 11.595375 18.097988
v -23.320484 15.981363 26.303595
v -23.320484 21.883896 33.495888
v -23.320484 29.076157 39.398430
v -23.320484 37.281765 43.784416
v -23.320484 46.185352 46.485260
v -23.320484 55.444767 47.397247
v -23.320484 64.704224 46.485260
v -23.320484 73.607811 43.784416
v -23.320484 81.813400 39.398430
v -23.320484 89.005661 33.495880
v -23.320484 94.908203 26.303589
v -23.320484 99.294189 18.097980
v -23.320484 101.995064 9.194393
v -23.320484 102.907028 -0.065020
v -23.320484 101.995064 -9.324432
v -23.320484 99.294189 -18.228020
v -23.320484 94.908203 -26.433628
v -23.320484 89.005661 -33.625916
v -23.320484 81.813400 -39.528465
v -23.320484 73.607811 -43.914452
v -23.320484 64.704216 -46.615288
v -18.656387 50.815052 -47.071281
v -18.656387 41.733551 -45.264870
v -18.656387 33.178951 -41.721458
v -18.656387 25.480022 -36.577187
v -18.656387 18.932625 -30.029766
v -18.656387 13.788366 -22.330818
v -18.656387 10.244930 -13.776218
v -18.656387 8.438492 -4.694719
v -18.656387 8.438494 4.564694
v -18.656387 10.244932 13.646193
v -18.656387 13.788370 22.200794
v -18.656387 18.932629 29.899738
v -18.656387 25.480026 36.447159
v -18.656387 33.178959 41.591423
v -18.656387 41.733559 45.134834
v -18.656387 50.815060 46.941254
v -18.656387 60.074493 46.941254
v -18.656387 69.156021 45.134834
v -18.656387 77.710602 41.591423
v -18.656387 85.409531 36.447151
v -18.656387 91.956932 29.899733
v -18.656387 97.101196 22.200787
v -18.656387 100.644630 13.646186
v -18.656387 102.451050 4.564687
v -18.656387 102.451050 -4.694726
v -18.656387 100.644630 -13.776225
v -18.656387 97.101196 -22.330826
v -18.656387 91.956932 -30.029772
v -18.656387 85.409531 -36.577194
v -18.656387 77.710602 -41.721458
v -18.656387 69.156021 -45.264870
v -18.656387 60.074486 -47.071281
v -13.992290 55.444759 -47.527275
v -13.992290 46.185345 -46.615288
v -13.992290 37.281757 -43.914452
v -13.992290 29.076149 -39.528465
v -13.992290 21.883892 -33.625908
v -13.992290 15.981359 -26.433622
v -13.992290 11.595373 -18.228012
v -13.992290 8.894486 -9.324426
v -13.992290 7.982499 -0.065012
v -13.992290 8.894487 9.194400
v -13.992290 11.595375 18.097988
v -13.992290 15.981363 26.303595
v -13.992290 21.883896 33.495888
v -13.992290 29.076157 39.398430
v -13.992290 37.281765 43.784416
v -13.992290 46.185352 46.485260
v -13.992290 55.444767 47.397247
v -13.992290 64.704224 46.485260
v -13.992290 73.607811 43.784416
v -13.992290 81.813393 39.398430
v -13.992290 89.005661 33.495880
v -13.992290 94.908203 26.303589
v -13.992290 99.294189 18.097980
v -13.992290 101.995064 9.194393
v -13.992290 102.907028 -0.065020
v -13.992290 101.995064 -9.324432
v -13.992290 99.294189 -18.228020
v -13.992290 94.908203 -26.433628
v -13.992290 89.005661 -33.625916
v -13.992290 81.813393 -39.528465
v -13.992290 73.607811 -43.914452
v -13.992290 64.704216 -46.615288
v -9.328194 50.815052 -47.071281
v -9.328194 41.733551 -45.264870
v -9.328194 33.178951 -41.721458
v -9.328194 25.480019 -36.577187
v -9.328194 18.932625 -30.029766
v -9.328194 13.788366 -22.330818
v -9.328194 10.244930 -13.776218
v -9.328194 8.438492 -4.694719
v -9.328194 8.438494 4.564694
v -9.328194 10.244932 13.646193
v -9.328194 13.788370 22.200794
v -9.328194 18.932629 29.899738
v -9.328194 25.480022 36.447159
v -9.328194 33.178959 41.591423
v -9.328194 41.733559 45.134834
v -9.328194 50.815060 46.941254
v -9.328194 60.074493 46.941254
v -9.328194 69.156021 45.134834
v -9.328194 77.710602 41.591423
v -9.328194 85.409523 36.447151
v -9.328194 91.956932 29.899733
v -9.328194 97.101196 22.200787
v -9.328194 100.644630 13.646186
v -9.328194 102.451050 4.564687
v -9.328194 102.451050 -4.694726
v -9.328194 100.644630 -13.776225
v -9.328194 97.101196 -22.330826
v -9.328194 91.956932 -30.029772
v -9.328194 85.409523 -36.577194
v -9.328194 77.710602 -41.721458
v -9.328194 69.156021 -45.264870
v -9.328194 60.074486 -47.071281
v -32.648678 55.444759 -47.527275
v -32.648678 46.185345 -46.615288
v -32.648678 37.281757 -43.914452
v -32.648678 29.076149 -39.528465
v -32.648678 21.883896 -33.625908
v -32.648678 15.981359 -26.433622
v -32.648678 11.595373 -18.228012
v -32.648678 8.894486 -9.324426
v -32.648678 7.982499 -0.065012
v -32.648678 8.894487 9.194400
v -32.648678 11.595375 18.097988
v -32.648678 15.981363 26.303595
v -32.648678 21.883900 33.495888
v -32.648678 29.076157 39.398430
v -32.648678 37.281765 43.784416
v -32.648678 46.185352 46.485260
v -32.648678 55.444767 47.397247
v -32.648678 64.704224 46.485260
v -32.648678 73.607811 43.784416
v -32.648678 81.813400 39.398430
v -32.648678 89.005661 33.495880
v -32.648678 94.908203 26.303589
v -32.648678 99.294189 18.097980
v -32.648678 101.995064 9.194393
v -32.648678 102.907028 -0.065020
v -32.648678 101.995064 -9.324432
v -32.648678 99.294189 -18.228020
v -32.648678 94.908203 -26.433628
v -32.648678 89.005661 -33.625916
v -32.648678 81.813400 -39.528465
v -32.648678 73.607811 -43.914452
v -32.648678 64.704216 -46.615288
v -27.984581 60.074486 -47.071281
v -27.984581 69.156021 -45.264870
v -27.984581 77.710609 -41.721458
v -27.984581 85.409531 -36.577194
v -27.984581 91.956932 -30.029772
v -27.984581 97.101196 -22.330826
v -27.984581 100.644630 -13.776225
v -27.984581 102.451050 -4.694726
v -27.984581 102.451050 4.564687
v -27.984581 100.644630 13.646186
v -27.984581 97.101196 22.200787
v -27.984581 91.956932 29.899733
v -27.984581 85.409531 36.447151
v -27.984581 77.710609 41.591423
v -27.984581 69.156021 45.134834
v -27.984581 60.074493 46.941254
v -27.984581 50.815060 46.941254
v -27.984581 41.733559 45.134834
v -27.984581 33.178959 41.591423
v -27.984581 25.480026 36.447159
v -27.984581 18.932632 29.899738
v -27.984581 13.788370 22.200794
v -27.984581 10.244932 13.646193
v -27.984581 8.438494 4.564694
v -27.984581 8.438492 -4.694719
v -27.984581 10.244930 -13.776218
v -27.984581 13.788366 -22.330818
v -27.984581 18.932629 -30.029766
v -27.984581 25.480022 -36.577187
v -27.984581 33.178951 -41.721458
v -27.984581 41.733551 -45.264870
v -27.984581 50.815052 -47.071281
v -60.633259 55.444759 -47.527275
v -60.633259 46.185345 -46.615288
v -60.633259 37.281757 -43.914452
v -60.633259 29.076149 -39.528465
v -60.633259 21.883904 -33.625908
v -60.633259 15.981359 -26.433622
v -60.633259 11.595373 -18.228012
v -60.633259 8.894486 -9.324426
v -60.633259 7.982499 -0.065012
v -60.633259 8.894487 9.194400
v -60.633259 11.595375 18.097988
v -60.633259 15.981363 26.303595
v -60.633259 21.883907 33.495888
v -60.633259 29.076157 39.398430
v -60.633259 37.281765 43.784416
v -60.633259 46.185352 46.485260
v -60.633259 55.444767 47.397247
v -60.633259 64.704224 46.485260
v -60.633259 73.607811 43.784416
v -60.633259 81.813416 39.398430
v -60.633259 89.005661 33.495880
v -60.633259 94.908203 26.303589
v -60.633259 99.294189 18.097980
v -60.633259 101.995064 9.194393
v -60.633259 102.907028 -0.065020
v -60.633259 101.995064 -9.324432
v -60.633259 99.294189 -18.228020
v -60.633259 94.908203 -26.433628
v -60.633259 89.005661 -33.625916
v -60.633259 81.813416 -39.528465
v -60.633259 73.607811 -43.914452
v -60.633259 64.704216 -46.615288
v -55.969162 60.074486 -47.071281
v -55.969162 69.156021 -45.264870
v -55.969162 77.710609 -41.721458
v -55.969162 85.409531 -36.577194
v -55.969162 91.956932 -30.029772
v -55.969162 97.101196 -22.330826
v -55.969162 100.644630 -13.776225
v -55.969162 102.451050 -4.694726
v -55.969162 102.451050 4.564687
v -55.969162 100.644630 13.646186
v -55.969162 97.101196 22.200787
v -55.969162 91.956932 29.899733
v -55.969162 85.409531 36.447151
v -55.969162 77.710609 41.591423
v -55.969162 69.156021 45.134834
v -55.969162 60.074493 46.941254
v -55.969162 50.815060 46.941254
v -55.969162 41.733559 45.134834
v -55.969162 33.178959 41.591423
v -55.969162 25.480030 36.447159
v -55.969162 18.932636 29.899738
v -55.969162 13.788370 22.200794
v -55.969162 10.244932 13.646193
v -55.969162 8.438494 4.564694
v -55.969162 8.438492 -4.694719
v -55.969162 10.244930 -13.776218
v -55.969162 13.788366 -22.330818
v -55.969162 18.932632 -30.029766
v -55.969162 25.480026 -36.577187
v -55.969162 33.178951 -41.721458
v -55.969162 41.733551 -45.264870
v -55.969162 50.815052 -47.071281
v -51.305065 55.444759 -47.527275
v -51.305065 46.185345 -46.615288
v -51.305065 37.281757 -43.914452
v -51.305065 29.076149 -39.528465
v -51.305065 21.883904 -33.625908
v -51.305065 15.981359 -26.433622
v -51.305065 11.595373 -18.228012
v -51.305065 8.894486 -9.324426
v -51.305065 7.982499 -0.065012
v -51.305065 8.894487 9.194400
v -51.305065 11.595375 18.097988
v -51.305065 15.981363 26.303595
v -51.305065 21.883907 33.495888
v -51.305065 29.076157 39.398430
v -51.305065 37.281765 43.784416
v -51.305065 46.185352 46.485260
v -51.305065 55.444767 47.397247
v -51.305065 64.704224 46.485260
v -51.305065 73.607811 43.784416
v -51.305065 81.813416 39.398430
v -51.305065 89.005661 33.495880
v -51.305065 94.908203 26.303589
v -51.305065 99.294189 18.097980
v -51.305065 101.995064 9.194393
v -51.305065 102.907028 -0.065020
v -51.305065 101.995064 -9.324432
v -51.305065 99.294189 -18.228020
v -51.305065 94.908203 -26.433628
v -51.305065 89.005661 -33.625916
v -51.305065 81.813416 -39.528465
v -51.305065 73.607811 -43.914452
v -51.305065 64.704216 -46.615288
v -46.640968 60.074486 -47.071281
v -46.640968 69.156021 -45.264870
v -46.640968 77.710609 -41.721458
v -46.640968 85.409531 -36.577194
v -46.640968 91.956932 -30.029772
v -46.640968 97.101196 -22.330826
v -46.640968 100.644630 -13.776225
v -46.640968 102.451050 -4.694726
v -46.640968 102.451050 4.564687
v -46.640968 100.644630 13.646186
v -46.640968 97.101196 22.200787
v -46.640968 91.956932 29.899733
v -46.640968 85.409531 36.447151
v -46.640968 77.710609 41.591423
v -46.640968 69.156021 45.134834
v -46.640968 60.074493 46.941254
v -46.640968 50.815060 46.941254
v -46.640968 41.733559 45.134834
v -46.640968 33.178959 41.591423
v -46.640968 25.480030 36.447159
v -46.640968 18.932632 29.899738
v -46.640968 13.788370 22.200794
v -46.640968 10.244932 13.646193
v -46.640968 8.438494 4.564694
v -46.640968 8.438492 -4.694719
v -46.640968 10.244930 -13.776218
v -46.640968 13.788366 -22.330818
v -46.640968 18.932629 -30.029766
v -46.640968 25.480026 -36.577187
v -46.640968 33.178951 -41.721458
v -46.640968 41.733551 -45.264870
v -46.640968 50.815052 -47.071281
v -69.961456 55.444759 -47.527275
v -69.961456 46.185345 -46.615288
v -69.961456 37.281757 -43.914452
v -69.961456 29.076149 -39.528465
v -69.961456 21.883907 -33.625908
v -69.961456 15.981359 -26.433622
v -69.961456 11.595373 -18.228012
v -69.961456 8.894486 -9.324426
v -69.961456 7.982499 -0.065012
v -69.961456 8.894487 9.194400
v -69.961456 11.595375 18.097988
v -69.961456 15.981363 26.303595
v -69.961456 21.883911 33.495888
v -69.961456 29.076157 39.398430
v -69.961456 37.281765 43.784416
v -69.961456 46.185352 46.485260
v -69.961456 55.444767 47.397247
v -69.961456 64.704224 46.485260
v -69.961456 73.607811 43.784416
v -69.961456 81.813416 39.398430
v -69.961456 89.005661 33.495880
v -69.961456 94.908203 26.303589
v -69.961456 99.294189 18.097980
v -69.961456 101.995064 9.194393
v -69.961456 102.907028 -0.065020
v -69.961456 101.995064 -9.324432
v -69.961456 99.294189 -18.228020
v -69.961456 94.908203 -26.433628
v -69.961456 89.005661 -33.625916
v -69.961456 81.813416 -39.528465
v -69.961456 73.607811 -43.914452
v -69.961456 64.704216 -46.615288
v -65.297356 50.815052 -47.071281
v -65.297356 41.733551 -45.264870
v -65.297356 33.178951 -41.721458
v -65.297356 25.480030 -36.577187
v -65.297356 18.932632 -30.029766
v -65.297356 13.788366 -22.330818
v -65.297356 10.244930 -13.776218
v -65.297356 8.438492 -4.694719
v -65.297356 8.438494 4.564694
v -65.297356 10.244932 13.646193
v -65.297356 13.788370 22.200794
v -65.297356 18.932636 29.899738
v -65.297356 25.480034 36.447159
v -65.297356 33.178959 41.591423
v -65.297356 41.733559 45.134834
v -65.297356 50.815060 46.941254
v -65.297356 60.074493 46.941254
v -65.297356 69.156021 45.134834
v -65.297356 77.710609 41.591423
v -65.297356 85.409531 36.447151
v -65.297356 91.956932 29.899733
v -65.297356 97.101196 22.200787
v -65.297356 100.644630 13.646186
v -65.297356 102.451050 4.564687
v -65.297356 102.451050 -4.694726
v -65.297356 100.644630 -13.776225
v -65.297356 97.101196 -22.330826
v -65.297356 91.956932 -30.029772
v -65.297356 85.409531 -36.577194
v -65.297356 77.710609 -41.721458
v -65.297356 69.156021 -45.264870
v -65.297356 60.074486 -47.071281
v 4.664097 47.489609 -40.058334
v 4.664097 55.444759 -40.841835
v 4.664097 39.840164 -37.737854
v 4.664097 32.790405 -33.969681
v 4.664097 26.611198 -28.898577
v 4.664097 21.540092 -22.719416
v 4.664097 17.771923 -15.669608
v 4.664097 15.451491 -8.020163
v 4.664097 14.667961 -0.065013
v 4.664097 15.451493 7.890137
v 4.664097 17.771925 15.539582
v 4.664097 21.540096 22.589388
v 4.664097 26.611202 28.768549
v 4.664097 32.790409 33.839653
v 4.664097 39.840172 37.607826
v 4.664097 47.489616 39.928299
v 4.664097 55.444767 40.711807
v 4.664097 63.399937 39.928299
v 4.664097 71.049400 37.607826
v 4.664097 78.099167 33.839645
v 4.664097 84.278320 28.768545
v 4.664097 89.349472 22.589384
v 4.664097 93.117645 15.539577
v 4.664097 95.438080 7.890131
v 4.664097 96.221581 -0.065019
v 4.664097 95.438080 -8.020168
v 4.664097 93.117645 -15.669614
v 4.664097 89.349472 -22.719419
v 4.664097 84.278320 -28.898581
v 4.664097 78.099167 -33.969688
v 4.664097 71.049400 -37.737854
v 4.664097 63.399929 -40.058334
v 0.000000 59.422344 -40.450089
v 0.000000 67.224670 -38.898094
v 0.000000 74.574287 -35.853767
v 0.000000 81.188744 -31.434134
v 0.000000 86.813904 -25.809000
v 0.000000 91.233559 -19.194517
v 0.000000 94.277863 -11.844892
v 0.000000 95.829834 -4.042594
v 0.000000 95.829834 3.912556
v 0.000000 94.277863 11.714854
v 0.000000 91.233559 19.064478
v 0.000000 86.813904 25.678965
v 0.000000 81.188744 31.304098
v 0.000000 74.574287 35.723740
v 0.000000 67.224670 38.768066
v 0.000000 59.422352 40.320053
v 0.000000 51.467190 40.320053
v 0.000000 43.664894 38.768066
v 0.000000 36.315292 35.723740
v 0.000000 29.700806 31.304102
v 0.000000 24.075649 25.678968
v 0.000000 19.656010 19.064484
v 0.000000 16.611710 11.714860
v 0.000000 15.059729 3.912562
v 0.000000 15.059729 -4.042588
v 0.000000 16.611706 -11.844886
v 0.000000 19.656006 -19.194511
v 0.000000 24.075645 -25.808996
v 0.000000 29.700802 -31.434130
v 0.000000 36.315285 -35.853767
v 0.000000 43.664886 -38.898094
v 0.000000 51.467182 -40.450089
v -32.648678 47.489609 -40.058334
v -32.648678 55.444759 -40.841835
v -32.648678 39.840164 -37.737854
v -32.648678 32.790405 -33.969681
v -32.648678 26.611198 -28.898577
v -32.648678 21.540092 -22.719416
v -32.648678 17.771923 -15.669608
v -32.648678 15.451491 -8.020163
v -32.648678 14.667974 -0.065013
v -32.648678 15.451493 7.890137
v -32.648678 17.771925 15.539582
v -32.648678 21.540096 22.589388
v -32.648678 26.611202 28.768549
v -32.648678 32.790409 33.839653
v -32.648678 39.840172 37.607826
v -32.648678 47.489616 39.928299
v -32.648678 55.444767 40.711807
v -32.648678 63.399948 39.928299
v -32.648678 71.049400 37.607826
v -32.648678 78.099167 33.839645
v -32.648678 84.278320 28.768545
v -32.648678 89.349472 22.589384
v -32.648678 93.117645 15.539577
v -32.648678 95.438080 7.890131
v -32.648678 96.221581 -0.065019
v -32.648678 95.438080 -8.020168
v -32.648678 93.117645 -15.669614
v -32.648678 89.349472 -22.719419
v -32.648678 84.278320 -28.898581
v -32.648678 78.099167 -33.969688
v -32.648678 71.049400 -37.737854
v -32.648678 63.399940 -40.058334
v -37.312775 51.467182 -40.450089
v -37.312775 43.664886 -38.898094
v -37.312775 36.315285 -35.853767
v -37.312775 29.700802 -31.434130
v -37.312775 86.813904 25.678965
v -37.312775 91.233559 19.064478
v -37.312775 94.277863 11.714854
v -37.312775 95.829834 3.912556
v -37.312775 95.829834 -4.042594
v -37.312775 94.277863 -11.844892
v -37.312775 91.233559 -19.194517
v -37.312775 86.813904 -25.809000
v -37.312775 81.188744 -31.434134
v -37.312775 74.574287 -35.853767
v -37.312775 67.224670 -38.898094
v -37.312775 59.422352 -40.450089
v -37.312775 81.188744 31.304098
v -37.312775 74.574287 35.723740
v -37.312775 67.224670 38.768066
v -37.312775 59.422359 40.320053
v -37.312775 51.467190 40.320053
v -37.312775 43.664894 38.768066
v -37.312775 36.315292 35.723740
v -37.312775 29.700806 31.304102
v -37.312775 24.075649 25.678968
v -37.312775 19.656010 19.064484
v -37.312775 16.611710 11.714860
v -37.312775 15.059733 3.912562
v -37.312775 15.059733 -4.042588
v -37.312775 16.611706 -11.844886
v -37.312775 19.656006 -19.194511
v -37.312775 24.075645 -25.808996
v -13.992290 47.489609 -40.058334
v -13.992290 55.444759 -40.841835
v -13.992290 39.840164 -37.737854
v -13.992290 32.790405 -33.969681
v -13.992290 26.611198 -28.898577
v -13.992290 21.540092 -22.719416
v -13.992290 17.771923 -15.669608
v -13.992290 15.451491 -8.020163
v -13.992290 14.667968 -0.065013
v -13.992290 15.451493 7.890137
v -13.992290 17.771925 15.539582
v -13.992290 21.540096 22.589388
v -13.992290 26.611202 28.768549
v -13.992290 32.790409 33.839653
v -13.992290 39.840172 37.607826
v -13.992290 47.489616 39.928299
v -13.992290 55.444767 40.711807
v -13.992290 63.399937 39.928299
v -13.992290 71.049400 37.607826
v -13.992290 78.099167 33.839645
v -13.992290 84.278320 28.768545
v -13.992290 89.349472 22.589384
v -13.992290 93.117645 15.539577
v -13.992290 95.438080 7.890131
v -13.992290 96.221581 -0.065019
v -13.992290 95.438080 -8.020168
v -13.992290 93.117645 -15.669614
v -13.992290 89.349472 -22.719419
v -13.992290 84.278320 -28.898581
v -13.992290 78.099167 -33.969688
v -13.992290 71.049400 -37.737854
v -13.992290 63.399929 -40.058334
v -18.656387 24.075645 -25.808996
v -18.656387 19.656006 -19.194511
v -18.656387 16.611706 -11.844886
v -18.656387 15.059731 -4.042588
v -18.656387 15.059731 3.912562
v -18.656387 16.611710 11.714860
v -18.656387 19.656010 19.064484
v -18.656387 24.075649 25.678968
v -18.656387 29.700806 31.304102
v -18.656387 36.315292 35.723740
v -18.656387 43.664894 38.768066
v -18.656387 51.467190 40.320053
v -18.656387 59.422359 40.320053
v -18.656387 67.224670 38.768066
v -18.656387 74.574287 35.723740
v -18.656387 81.188744 31.304098
v -18.656387 51.467182 -40.450089
v -18.656387 43.664886 -38.898094
v -18.656387 36.315285 -35.853767
v -18.656387 29.700802 -31.434130
v -18.656387 86.813904 25.678965
v -18.656387 91.233559 19.064478
v -18.656387 94.277863 11.714854
v -18.656387 95.829834 3.912556
v -18.656387 95.829834 -4.042594
v -18.656387 94.277863 -11.844892
v -18.656387 91.233559 -19.194517
v -18.656387 86.813904 -25.809000
v -18.656387 81.188744 -31.434134
v -18.656387 74.574287 -35.853767
v -18.656387 67.224670 -38.898094
v -18.656387 59.422352 -40.450089
v -4.664097 47.489609 -40.058334
v -4.664097 55.444759 -40.841835
v -4.664097 39.840164 -37.737854
v -4.664097 32.790405 -33.969681
v -4.664097 26.611198 -28.898577
v -4.664097 21.540092 -22.719416
v -4.664097 17.771923 -15.669608
v -4.664097 15.451491 -8.020163
v -4.664097 14.667964 -0.065013
v -4.664097 15.451493 7.890137
v -4.664097 17.771925 15.539582
v -4.664097 21.540096 22.589388
v -4.664097 26.611202 28.768549
v -4.664097 32.790409 33.839653
v -4.664097 39.840172 37.607826
v -4.664097 47.489616 39.928299
v -4.664097 55.444767 40.711807
v -4.664097 63.399937 39.928299
v -4.664097 71.049400 37.607826
v -4.664097 78.099167 33.839645
v -4.664097 84.278320 28.768545
v -4.664097 89.349472 22.589384
v -4.664097 93.117645 15.539577
v -4.664097 95.438080 7.890131
v -4.664097 96.221581 -0.065019
v -4.664097 95.438080 -8.020168
v -4.664097 93.117645 -15.669614
v -4.664097 89.349472 -22.719419
v -4.664097 84.278320 -28.898581
v -4.664097 78.099167 -33.969688
v -4.664097 71.049400 -37.737854
v -4.664097 63.399929 -40.058334
v -9.328194 81.188744 31.304098
v -9.328194 74.574287 35.723740
v -9.328194 67.224670 38.768066
v -9.328194 59.422352 40.320053
v -9.328194 51.467190 40.320053
v -9.328194 43.664894 38.768066
v -9.328194 36.315292 35.723740
v -9.328194 29.700806 31.304102
v -9.328194 24.075649 25.678968
v -9.328194 19.656010 19.064484
v -9.328194 16.611710 11.714860
v -9.328194 15.059730 3.912562
v -9.328194 15.059730 -4.042588
v -9.328194 16.611706 -11.844886
v -9.328194 19.656006 -19.194511
v -9.328194 24.075645 -25.808996
v -9.328194 51.467182 -40.450089
v -9.328194 43.664886 -38.898094
v -9.328194 36.315285 -35.853767
v -9.328194 29.700802 -31.434130
v -9.328194 86.813904 25.678965
v -9.328194 91.233559 19.064478
v -9.328194 94.277863 11.714854
v -9.328194 95.829834 3.912556
v -9.328194 95.829834 -4.042594
v -9.328194 94.277863 -11.844892
v -9.328194 91.233559 -19.194517
v -9.328194 86.813904 -25.809000
v -9.328194 81.188744 -31.434134
v -9.328194 74.574287 -35.853767
v -9.328194 67.224670 -38.898094
v -9.328194 59.422344 -40.450089
v 41.976871 47.489609 -40.058334
v 41.976871 55.444759 -40.841835
v 41.976871 39.840164 -37.737854
v 41.976871 32.790405 -33.969681
v 41.976871 26.611198 -28.898577
v 41.976871 21.540092 -22.719416
v 41.976871 17.771923 -15.669608
v 41.976871 15.451491 -8.020163
v 41.976871 14.667948 -0.065013
v 41.976871 15.451493 7.890137
v 41.976871 17.771925 15.539582
v 41.976871 21.540096 22.589388
v 41.976871 26.611202 28.768549
v 41.976871 32.790409 33.839653
v 41.976871 39.840172 37.607826
v 41.976871 47.489616 39.928299
v 41.976871 55.444767 40.711807
v 41.976871 63.399925 39.928299
v 41.976871 71.049400 37.607826
v 41.976871 78.099167 33.839645
v 41.976871 84.278320 28.768545
v 41.976871 89.349472 22.589384
v 41.976871 93.117645 15.539577
v 41.976871 95.438080 7.890131
v 41.976871 96.221581 -0.065019
v 41.976871 95.438080 -8.020168
v 41.976871 93.117645 -15.669614
v 41.976871 89.349472 -22.719419
v 41.976871 84.278320 -28.898581
v 41.976871 78.099167 -33.969688
v 41.976871 71.049400 -37.737854
v 41.976871 63.399918 -40.058334
v 37.312775 24.075645 -25.808996
v 37.312775 19.656006 -19.194511
v 37.312775 16.611706 -11.844886
v 37.312775 15.059721 -4.042588
v 37.312775 15.059721 3.912562
v 37.312775 16.611710 11.714860
v 37.312775 19.656010 19.064484
v 37.312775 24.075649 25.678968
v 37.312775 29.700806 31.304102
v 37.312775 36.315292 35.723740
v 37.312775 43.664894 38.768066
v 37.312775 51.467190 40.320053
v 37.312775 59.422348 40.320053
v 37.312775 67.224663 38.768066
v 37.312775 74.574287 35.723740
v 37.312775 81.188744 31.304098
v 37.312775 59.422340 -40.450089
v 37.312775 67.224663 -38.898094
v 37.312775 74.574287 -35.853767
v 37.312775 81.188744 -31.434134
v 37.312775 86.813904 -25.809000
v 37.312775 91.233559 -19.194517
v 37.312775 94.277863 -11.844892
v 37.312775 95.829834 -4.042594
v 37.312775 95.829834 3.912556
v 37.312775 94.277863 11.714854
v 37.312775 91.233559 19.064478
v 37.312775 86.813904 25.678965
v 37.312775 29.700802 -31.434130
v 37.312775 36.315285 -35.853767
v 37.312775 43.664886 -38.898094
v 37.312775 51.467182 -40.450089
v 23.320484 47.489609 -40.058334
v 23.320484 55.444759 -40.841835
v 23.320484 39.840164 -37.737854
v 23.320484 32.790405 -33.969681
v 23.320484 26.611198 -28.898577
v 23.320484 21.540092 -22.719416
v 23.320484 17.771923 -15.669608
v 23.320484 15.451491 -8.020163
v 23.320484 14.667953 -0.065013
v 23.320484 15.451493 7.890137
v 23.320484 17.771925 15.539582
v 23.320484 21.540096 22.589388
v 23.320484 26.611202 28.768549
v 23.320484 32.790409 33.839653
v 23.320484 39.840172 37.607826
v 23.320484 47.489616 39.928299
v 23.320484 55.444767 40.711807
v 23.320484 63.399925 39.928299
v 23.320484 71.049400 37.607826
v 23.320484 78.099167 33.839645
v 23.320484 84.278320 28.768545
v 23.320484 89.349472 22.589384
v 23.320484 93.117645 15.539577
v 23.320484 95.438080 7.890131
v 23.320484 96.221581 -0.065019
v 23.320484 95.438080 -8.020168
v 23.320484 93.117645 -15.669614
v 23.320484 89.349472 -22.719419
v 23.320484 84.278320 -28.898581
v 23.320484 78.099167 -33.969688
v 23.320484 71.049400 -37.737854
v 23.320484 63.399918 -40.058334
v 18.656387 51.467182 -40.450089
v 18.656387 43.664886 -38.898094
v 18.656387 36.315285 -35.853767
v 18.656387 29.700802 -31.434130
v 18.656387 86.813904 25.678965
v 18.656387 91.233559 19.064478
v 18.656387 94.277863 11.714854
v 18.656387 95.829834 3.912556
v 18.656387 95.829834 -4.042594
v 18.656387 94.277863 -11.844892
v 18.656387 91.233559 -19.194517
v 18.656387 86.813904 -25.809000
v 18.656387 81.188744 -31.434134
v 18.656387 74.574287 -35.853767
v 18.656387 67.224670 -38.898094
v 18.656387 59.422340 -40.450089
v 18.656387 24.075645 -25.808996
v 18.656387 19.656006 -19.194511
v 18.656387 16.611706 -11.844886
v 18.656387 15.059724 -4.042588
v 18.656387 15.059724 3.912562
v 18.656387 16.611710 11.714860
v 18.656387 19.656010 19.064484
v 18.656387 24.075649 25.678968
v 18.656387 29.700806 31.304102
v 18.656387 36.315292 35.723740
v 18.656387 43.664894 38.768066
v 18.656387 51.467190 40.320053
v 18.656387 59.422348 40.320053
v 18.656387 67.224670 38.768066
v 18.656387 74.574287 35.723740
v 18.656387 81.188744 31.304098
v 13.992290 47.489609 -40.058334
v 13.992290 55.444759 -40.841835
v 13.992290 39.840164 -37.737854
v 13.992290 32.790405 -33.969681
v 13.992290 26.611198 -28.898577
v 13.992290 21.540092 -22.719416
v 13.992290 17.771923 -15.669608
v 13.992290 15.451491 -8.020163
v 13.992290 14.667956 -0.065013
v 13.992290 15.451493 7.890137
v 13.992290 17.771925 15.539582
v 13.992290 21.540096 22.589388
v 13.992290 26.611202 28.768549
v 13.992290 32.790409 33.839653
v 13.992290 39.840172 37.607826
v 13.992290 47.489616 39.928299
v 13.992290 55.444767 40.711807
v 13.992290 63.399937 39.928299
v 13.992290 71.049400 37.607826
v 13.992290 78.099167 33.839645
v 13.992290 84.278320 28.768545
v 13.992290 89.349472 22.589384
v 13.992290 93.117645 15.539577
v 13.992290 95.438080 7.890131
v 13.992290 96.221581 -0.065019
v 13.992290 95.438080 -8.020168
v 13.992290 93.117645 -15.669614
v 13.992290 89.349472 -22.719419
v 13.992290 84.278320 -28.898581
v 13.992290 78.099167 -33.969688
v 13.992290 71.049400 -37.737854
v 13.992290 63.399929 -40.058334
v 9.328194 59.422344 -40.450089
v 9.328194 67.224670 -38.898094
v 9.328194 74.574287 -35.853767
v 9.328194 81.188744 -31.434134
v 9.328194 86.813904 -25.809000
v 9.328194 91.233559 -19.194517
v 9.328194 94.277863 -11.844892
v 9.328194 95.829834 -4.042594
v 9.328194 95.829834 3.912556
v 9.328194 94.277863 11.714854
v 9.328194 91.233559 19.064478
v 9.328194 86.813904 25.678965
v 9.328194 29.700802 -31.434130
v 9.328194 36.315285 -35.853767
v 9.328194 43.664886 -38.898094
v 9.328194 51.467182 -40.450089
v 9.328194 24.075645 -25.808996
v 9.328194 19.656006 -19.194511
v 9.328194 16.611706 -11.844886
v 9.328194 15.059726 -4.042588
v 9.328194 15.059726 3.912562
v 9.328194 16.611710 11.714860
v 9.328194 19.656010 19.064484
v 9.328194 24.075649 25.678968
v 9.328194 29.700806 31.304102
v 9.328194 36.315292 35.723740
v 9.328194 43.664894 38.768066
v 9.328194 51.467190 40.320053
v 9.328194 59.422352 40.320053
v 9.328194 67.224670 38.768066
v 9.328194 74.574287 35.723740
v 9.328194 81.188744 31.304098
v 32.648678 47.489609 -40.058334
v 32.648678 55.444759 -40.841835
v 32.648678 39.840164 -37.737854
v 32.648678 32.790405 -33.969681
v 32.648678 26.611198 -28.898577
v 32.648678 21.540092 -22.719416
v 32.648678 17.771923 -15.669608
v 32.648678 15.451491 -8.020163
v 32.648678 14.667951 -0.065013
v 32.648678 15.451493 7.890137
v 32.648678 17.771925 15.539582
v 32.648678 21.540096 22.589388
v 32.648678 26.611202 28.768549
v 32.648678 32.790409 33.839653
v 32.648678 39.840172 37.607826
v 32.648678 47.489616 39.928299
v 32.648678 55.444767 40.711807
v 32.648678 63.399925 39.928299
v 32.648678 71.049400 37.607826
v 32.648678 78.099167 33.839645
v 32.648678 84.278320 28.768545
v 32.648678 89.349472 22.589384
v 32.648678 93.117645 15.539577
v 32.648678 95.438080 7.890131
v 32.648678 96.221581 -0.065019
v 32.648678 95.438080 -8.020168
v 32.648678 93.117645 -15.669614
v 32.648678 89.349472 -22.719419
v 32.648678 84.278320 -28.898581
v 32.648678 78.099167 -33.969688
v 32.648678 71.049400 -37.737854
v 32.648678 63.399918 -40.058334
v 27.984581 81.188744 31.304098
v 27.984581 74.574287 35.723740
v 27.984581 67.224663 38.768066
v 27.984581 59.422348 40.320053
v 27.984581 51.467190 40.320053
v 27.984581 43.664894 38.768066
v 27.984581 36.315292 35.723740
v 27.984581 29.700806 31.304102
v 27.984581 24.075649 25.678968
v 27.984581 19.656010 19.064484
v 27.984581 16.611710 11.714860
v 27.984581 15.059723 3.912562
v 27.984581 15.059723 -4.042588
v 27.984581 16.611706 -11.844886
v 27.984581 19.656006 -19.194511
v 27.984581 24.075645 -25.808996
v 27.984581 51.467182 -40.450089
v 27.984581 43.664886 -38.898094
v 27.984581 36.315285 -35.853767
v 27.984581 29.700802 -31.434130
v 27.984581 86.813904 25.678965
v 27.984581 91.233559 19.064478
v 27.984581 94.277863 11.714854
v 27.984581 95.829834 3.912556
v 27.984581 95.829834 -4.042594
v 27.984581 94.277863 -11.844892
v 27.984581 91.233559 -19.194517
v 27.984581 86.813904 -25.809000
v 27.984581 81.188744 -31.434134
v 27.984581 74.574287 -35.853767
v 27.984581 67.224663 -38.898094
v 27.984581 59.422340 -40.450089
v 60.633259 47.489609 -40.058334
v 60.633259 55.444759 -40.841835
v 60.633259 39.840164 -37.737854
v 60.633259 32.790405 -33.969681
v 60.633259 26.611198 -28.898577
v 60.633259 21.540092 -22.719416
v 60.633259 17.771923 -15.669608
v 60.633259 15.451491 -8.020163
v 60.633259 14.667943 -0.065013
v 60.633259 15.451493 7.890137
v 60.633259 17.771925 15.539582
v 60.633259 21.540096 22.589388
v 60.633259 26.611202 28.768549
v 60.633259 32.790409 33.839653
v 60.633259 39.840172 37.607826
v 60.633259 47.489616 39.928299
v 60.633259 55.444767 40.711807
v 60.633259 63.399914 39.928299
v 60.633259 71.049400 37.607826
v 60.633259 78.099167 33.839645
v 60.633259 84.278320 28.768545
v 60.633259 89.349472 22.589384
v 60.633259 93.117645 15.539577
v 60.633259 95.438080 7.890131
v 60.633259 96.221581 -0.065019
v 60.633259 95.438080 -8.020168
v 60.633259 93.117645 -15.669614
v 60.633259 89.349472 -22.719419
v 60.633259 84.278320 -28.898581
v 60.633259 78.099167 -33.969688
v 60.633259 71.049400 -37.737854
v 60.633259 63.399906 -40.058334
v 55.969162 81.188744 31.304098
v 55.969162 74.574287 35.723740
v 55.969162 67.224655 38.768066
v 55.969162 59.422348 40.320053
v 55.969162 51.467190 40.320053
v 55.969162 43.664894 38.768066
v 55.969162 36.315292 35.723740
v 55.969162 29.700806 31.304102
v 55.969162 24.075649 25.678968
v 55.969162 19.656010 19.064484
v 55.969162 16.611710 11.714860
v 55.969162 15.059718 3.912562
v 55.969162 15.059718 -4.042588
v 55.969162 16.611706 -11.844886
v 55.969162 19.656006 -19.194511
v 55.969162 24.075645 -25.808996
v 55.969162 59.422340 -40.450089
v 55.969162 67.224655 -38.898094
v 55.969162 74.574287 -35.853767
v 55.969162 81.188744 -31.434134
v 55.969162 86.813904 -25.809000
v 55.969162 91.233559 -19.194517
v 55.969162 94.277863 -11.844892
v 55.969162 95.829834 -4.042594
v 55.969162 95.829834 3.912556
v 55.969162 94.277863 11.714854
v 55.969162 91.233559 19.064478
v 55.969162 86.813904 25.678965
v 55.969162 29.700802 -31.434130
v 55.969162 36.315285 -35.853767
v 55.969162 43.664886 -38.898094
v 55.969162 51.467182 -40.450089
v 51.305065 47.489609 -40.058334
v 51.305065 55.444759 -40.841835
v 51.305065 39.840164 -37.737854
v 51.305065 32.790405 -33.969681
v 51.305065 26.611198 -28.898577
v 51.305065 21.540092 -22.719416
v 51.305065 17.771923 -15.669608
v 51.305065 15.451491 -8.020163
v 51.305065 14.667945 -0.065013
v 51.305065 15.451493 7.890137
v 51.305065 17.771925 15.539582
v 51.305065 21.540096 22.589388
v 51.305065 26.611202 28.768549
v 51.305065 32.790409 33.839653
v 51.305065 39.840172 37.607826
v 51.305065 47.489616 39.928299
v 51.305065 55.444767 40.711807
v 51.305065 63.399925 39.928299
v 51.305065 71.049400 37.607826
v 51.305065 78.099167 33.839645
v 51.305065 84.278320 28.768545
v 51.305065 89.349472 22.589384
v 51.305065 93.117645 15.539577
v 51.305065 95.438080 7.890131
v 51.305065 96.221581 -0.065019
v 51.305065 95.438080 -8.020168
v 51.305065 93.117645 -15.669614
v 51.305065 89.349472 -22.719419
v 51.305065 84.278320 -28.898581
v 51.305065 78.099167 -33.969688
v 51.305065 71.049400 -37.737854
v 51.305065 63.399918 -40.058334
v 46.640968 51.467182 -40.450089
v 46.640968 43.664886 -38.898094
v 46.640968 36.315285 -35.853767
v 46.640968 29.700802 -31.434130
v 46.640968 86.813904 25.678965
v 46.640968 91.233559 19.064478
v 46.640968 94.277863 11.714854
v 46.640968 95.829834 3.912556
v 46.640968 95.829834 -4.042594
v 46.640968 94.277863 -11.844892
v 46.640968 91.233559 -19.194517
v 46.640968 86.813904 -25.809000
v 46.640968 81.188744 -31.434134
v 46.640968 74.574287 -35.853767
v 46.640968 67.224663 -38.898094
v 46.640968 59.422340 -40.450089
v 46.640968 81.188744 31.304098
v 46.640968 74.574287 35.723740
v 46.640968 67.224663 38.768066
v 46.640968 59.422348 40.320053
v 46.640968 51.467190 40.320053
v 46.640968 43.664894 38.768066
v 46.640968 36.315292 35.723740
v 46.640968 29.700806 31.304102
v 46.640968 24.075649 25.678968
v 46.640968 19.656010 19.064484
v 46.640968 16.611710 11.714860
v 46.640968 15.059720 3.912562
v 46.640968 15.059720 -4.042588
v 46.640968 16.611706 -11.844886
v 46.640968 19.656006 -19.194511
v 46.640968 24.075645 -25.808996
v 69.961456 47.489609 -40.058334
v 69.961456 55.444759 -40.841835
v 69.961456 39.840164 -37.737854
v 69.961456 32.790405 -33.969681
v 69.961456 26.611198 -28.898577
v 69.961456 21.540092 -22.719416
v 69.961456 17.771923 -15.669608
v 69.961456 15.451491 -8.020163
v 69.961456 14.667940 -0.065013
v 69.961456 15.451493 7.890137
v 69.961456 17.771925 15.539582
v 69.961456 21.540096 22.589388
v 69.961456 26.611202 28.768549
v 69.961456 32.790409 33.839653
v 69.961456 39.840172 37.607826
v 69.961456 47.489616 39.928299
v 69.961456 55.444767 40.711807
v 69.961456 63.399914 39.928299
v 69.961456 71.049400 37.607826
v 69.961456 78.099167 33.839645
v 69.961456 84.278320 28.768545
v 69.961456 89.349472 22.589384
v 69.961456 93.117645 15.539577
v 69.961456 95.438080 7.890131
v 69.961456 96.221581 -0.065019
v 69.961456 95.438080 -8.020168
v 69.961456 93.117645 -15.669614
v 69.961456 89.349472 -22.719419
v 69.961456 84.278320 -28.898581
v 69.961456 78.099167 -33.969688
v 69.961456 71.049400 -37.737854
v 69.961456 63.399906 -40.058334
v 65.297356 24.075645 -25.808996
v 65.297356 19.656006 -19.194511
v 65.297356 16.611706 -11.844886
v 65.297356 15.059717 -4.042588
v 65.297356 15.059717 3.912562
v 65.297356 16.611710 11.714860
v 65.297356 19.656010 19.064484
v 65.297356 24.075649 25.678968
v 65.297356 29.700806 31.304102
v 65.297356 36.315292 35.723740
v 65.297356 43.664894 38.768066
v 65.297356 51.467190 40.320053
v 65.297356 59.422340 40.320053
v 65.297356 67.224655 38.768066
v 65.297356 74.574287 35.723740
v 65.297356 81.188744 31.304098
v 65.297356 59.422333 -40.450089
v 65.297356 67.224655 -38.898094
v 65.297356 74.574287 -35.853767
v 65.297356 81.188744 -31.434134
v 65.297356 86.813904 -25.809000
v 65.297356 91.233559 -19.194517
v 65.297356 94.277863 -11.844892
v 65.297356 95.829834 -4.042594
v 65.297356 95.829834 3.912556
v 65.297356 94.277863 11.714854
v 65.297356 91.233559 19.064478
v 65.297356 86.813904 25.678965
v 65.297356 29.700802 -31.434130
v 65.297356 36.315285 -35.853767
v 65.297356 43.664886 -38.898094
v 65.297356 51.467182 -40.450089
v -23.320484 47.489609 -40.058334
v -23.320484 55.444759 -40.841835
v -23.320484 39.840164 -37.737854
v -23.320484 32.790405 -33.969681
v -23.320484 26.611198 -28.898577
v -23.320484 21.540092 -22.719416
v -23.320484 17.771923 -15.669608
v -23.320484 15.451491 -8.020163
v -23.320484 14.667971 -0.065013
v -23.320484 15.451493 7.890137
v -23.320484 17.771925 15.539582
v -23.320484 21.540096 22.589388
v -23.320484 26.611202 28.768549
v -23.320484 32.790409 33.839653
v -23.320484 39.840172 37.607826
v -23.320484 47.489616 39.928299
v -23.320484 55.444767 40.711807
v -23.320484 63.399948 39.928299
v -23.320484 71.049400 37.607826
v -23.320484 78.099167 33.839645
v -23.320484 84.278320 28.768545
v -23.320484 89.349472 22.589384
v -23.320484 93.117645 15.539577
v -23.320484 95.438080 7.890131
v -23.320484 96.221581 -0.065019
v -23.320484 95.438080 -8.020168
v -23.320484 93.117645 -15.669614
v -23.320484 89.349472 -22.719419
v -23.320484 84.278320 -28.898581
v -23.320484 78.099167 -33.969688
v -23.320484 71.049400 -37.737854
v -23.320484 63.399940 -40.058334
v -27.984581 59.422352 -40.450089
v -27.984581 67.224670 -38.898094
v -27.984581 74.574287 -35.853767
v -27.984581 81.188744 -31.434134
v -27.984581 86.813904 -25.809000
v -27.984581 91.233559 -19.194517
v -27.984581 94.277863 -11.844892
v -27.984581 95.829834 -4.042594
v -27.984581 95.829834 3.912556
v -27.984581 94.277863 11.714854
v -27.984581 91.233559 19.064478
v -27.984581 86.813904 25.678965
v -27.984581 29.700802 -31.434130
v -27.984581 36.315285 -35.853767
v -27.984581 43.664886 -38.898094
v -27.984581 51.467182 -40.450089
v -27.984581 24.075645 -25.808996
v -27.984581 19.656006 -19.194511
v -27.984581 16.611706 -11.844886
v -27.984581 15.059732 -4.042588
v -27.984581 15.059732 3.912562
v -27.984581 16.611710 11.714860
v -27.984581 19.656010 19.064484
v -27.984581 24.075649 25.678968
v -27.984581 29.700806 31.304102
v -27.984581 36.315292 35.723740
v -27.984581 43.664894 38.768066
v -27.984581 51.467190 40.320053
v -27.984581 59.422359 40.320053
v -27.984581 67.224670 38.768066
v -27.984581 74.574287 35.723740
v -27.984581 81.188744 31.304098
v -51.305065 47.489609 -40.058334
v -51.305065 55.444759 -40.841835
v -51.305065 39.840164 -37.737854
v -51.305065 32.790405 -33.969681
v -51.305065 26.611198 -28.898577
v -51.305065 21.540092 -22.719416
v -51.305065 17.771923 -15.669608
v -51.305065 15.451491 -8.020163
v -51.305065 14.667979 -0.065013
v -51.305065 15.451493 7.890137
v -51.305065 17.771925 15.539582
v -51.305065 21.540096 22.589388
v -51.305065 26.611202 28.768549
v -51.305065 32.790409 33.839653
v -51.305065 39.840172 37.607826
v -51.305065 47.489616 39.928299
v -51.305065 55.444767 40.711807
v -51.305065 63.399948 39.928299
v -51.305065 71.049400 37.607826
v -51.305065 78.099167 33.839645
v -51.305065 84.278320 28.768545
v -51.305065 89.349472 22.589384
v -51.305065 93.117645 15.539577
v -51.305065 95.438080 7.890131
v -51.305065 96.221581 -0.065019
v -51.305065 95.438080 -8.020168
v -51.305065 93.117645 -15.669614
v -51.305065 89.349472 -22.719419
v -51.305065 84.278320 -28.898581
v -51.305065 78.099167 -33.969688
v -51.305065 71.049400 -37.737854
v -51.305065 63.399940 -40.058334
v -55.969162 59.422352 -40.450089
v -55.969162 67.224678 -38.898094
v -55.969162 74.574287 -35.853767
v -55.969162 81.188744 -31.434134
v -55.969162 86.813904 -25.809000
v -55.969162 91.233559 -19.194517
v -55.969162 94.277863 -11.844892
v -55.969162 95.829834 -4.042594
v -55.969162 95.829834 3.912556
v -55.969162 94.277863 11.714854
v -55.969162 91.233559 19.064478
v -55.969162 86.813904 25.678965
v -55.969162 29.700802 -31.434130
v -55.969162 36.315285 -35.853767
v -55.969162 43.664886 -38.898094
v -55.969162 51.467182 -40.450089
v -55.969162 81.188744 31.304098
v -55.969162 74.574287 35.723740
v -55.969162 67.224678 38.768066
v -55.969162 59.422359 40.320053
v -55.969162 51.467190 40.320053
v -55.969162 43.664894 38.768066
v -55.969162 36.315292 35.723740
v -55.969162 29.700806 31.304102
v -55.969162 24.075649 25.678968
v -55.969162 19.656010 19.064484
v -55.969162 16.611710 11.714860
v -55.969162 15.059736 3.912562
v -55.969162 15.059736 -4.042588
v -55.969162 16.611706 -11.844886
v -55.969162 19.656006 -19.194511
v -55.969162 24.075645 -25.808996
v -41.976871 47.489609 -40.058334
v -41.976871 55.444759 -40.841835
v -41.976871 39.840164 -37.737854
v -41.976871 32.790405 -33.969681
v -41.976871 26.611198 -28.898577
v -41.976871 21.540092 -22.719416
v -41.976871 17.771923 -15.669608
v -41.976871 15.451491 -8.020163
v -41.976871 14.667976 -0.065013
v -41.976871 15.451493 7.890137
v -41.976871 17.771925 15.539582
v -41.976871 21.540096 22.589388
v -41.976871 26.611202 28.768549
v -41.976871 32.790409 33.839653
v -41.976871 39.840172 37.607826
v -41.976871 47.489616 39.928299
v -41.976871 55.444767 40.711807
v -41.976871 63.399948 39.928299
v -41.976871 71.049400 37.607826
v -41.976871 78.099167 33.839645
v -41.976871 84.278320 28.768545
v -41.976871 89.349472 22.589384
v -41.976871 93.117645 15.539577
v -41.976871 95.438080 7.890131
v -41.976871 96.221581 -0.065019
v -41.976871 95.438080 -8.020168
v -41.976871 93.117645 -15.669614
v -41.976871 89.349472 -22.719419
v -41.976871 84.278320 -28.898581
v -41.976871 78.099167 -33.969688
v -41.976871 71.049400 -37.737854
v -41.976871 63.399940 -40.058334
v -46.640968 24.075645 -25.808996
v -46.640968 19.656006 -19.194511
v -46.640968 16.611706 -11.844886
v -46.640968 15.059735 -4.042588
v -46.640968 15.059735 3.912562
v -46.640968 16.611710 11.714860
v -46.640968 19.656010 19.064484
v -46.640968 24.075649 25.678968
v -46.640968 29.700806 31.304102
v -46.640968 36.315292 35.723740
v -46.640968 43.664894 38.768066
v -46.640968 51.467190 40.320053
v -46.640968 59.422359 40.320053
v -46.640968 67.224670 38.768066
v -46.640968 74.574287 35.723740
v -46.640968 81.188744 31.304098
v -46.640968 59.422352 -40.450089
v -46.640968 67.224670 -38.898094
v -46.640968 74.574287 -35.853767
v -46.640968 81.188744 -31.434134
v -46.640968 86.813904 -25.809000
v -46.640968 91.233559 -19.194517
v -46.640968 94.277863 -11.844892
v -46.640968 95.829834 -4.042594
v -46.640968 95.829834 3.912556
v -46.640968 94.277863 11.714854
v -46.640968 91.233559 19.064478
v -46.640968 86.813904 25.678965
v -46.640968 29.700802 -31.434130
v -46.640968 36.315285 -35.853767
v -46.640968 43.664886 -38.898094
v -46.640968 51.467182 -40.450089
v -60.633259 47.489609 -40.058334
v -60.633259 55.444759 -40.841835
v -60.633259 39.840164 -37.737854
v -60.633259 32.790405 -33.969681
v -60.633259 26.611198 -28.898577
v -60.633259 21.540092 -22.719416
v -60.633259 17.771923 -15.669608
v -60.633259 15.451491 -8.020163
v -60.633259 14.667982 -0.065013
v -60.633259 15.451493 7.890137
v -60.633259 17.771925 15.539582
v -60.633259 21.540096 22.589388
v -60.633259 26.611202 28.768549
v -60.633259 32.790409 33.839653
v -60.633259 39.840172 37.607826
v -60.633259 47.489616 39.928299
v -60.633259 55.444767 40.711807
v -60.633259 63.399960 39.928299
v -60.633259 71.049400 37.607826
v -60.633259 78.099167 33.839645
v -60.633259 84.278320 28.768545
v -60.633259 89.349472 22.589384
v -60.633259 93.117645 15.539577
v -60.633259 95.438080 7.890131
v -60.633259 96.221581 -0.065019
v -60.633259 95.438080 -8.020168
v -60.633259 93.117645 -15.669614
v -60.633259 89.349472 -22.719419
v -60.633259 84.278320 -28.898581
v -60.633259 78.099167 -33.969688
v -60.633259 71.049400 -37.737854
v -60.633259 63.399952 -40.058334
v -65.297356 51.467182 -40.450089
v -65.297356 43.664886 -38.898094
v -65.297356 36.315285 -35.853767
v -65.297356 29.700802 -31.434130
v -65.297356 86.813904 25.678965
v -65.297356 91.233559 19.064478
v -65.297356 94.277863 11.714854
v -65.297356 95.829834 3.912556
v -65.297356 95.829834 -4.042594
v -65.297356 94.277863 -11.844892
v -65.297356 91.233559 -19.194517
v -65.297356 86.813904 -25.809000
v -65.297356 81.188744 -31.434134
v -65.297356 74.574287 -35.853767
v -65.297356 67.224678 -38.898094
v -65.297356 59.422356 -40.450089
v -65.297356 81.188744 31.304098
v -65.297356 74.574287 35.723740
v -65.297356 67.224678 38.768066
v -65.297356 59.422363 40.320053
v -65.297356 51.467190 40.320053
v -65.297356 43.664894 38.768066
v -65.297356 36.315292 35.723740
v -65.297356 29.700806 31.304102
v -65.297356 24.075649 25.678968
v -65.297356 19.656010 19.064484
v -65.297356 16.611710 11.714860
v -65.297356 15.059738 3.912562
v -65.297356 15.059738 -4.042588
v -65.297356 16.611706 -11.844886
v -65.297356 19.656006 -19.194511
v -65.297356 24.075645 -25.808996
v -60.633259 24.075645 -25.808996
v -60.633259 19.656006 -19.194511
v -60.633259 16.611706 -11.844886
v -60.633259 15.059736 -4.042588
v -60.633259 15.059736 3.912562
v -60.633259 16.611710 11.714860
v -60.633259 19.656010 19.064484
v -60.633259 24.075649 25.678968
v -60.633259 29.700806 31.304102
v -60.633259 36.315292 35.723740
v -60.633259 43.664894 38.768066
v -60.633259 51.467190 40.320053
v -60.633259 59.422359 40.320053
v -60.633259 67.224678 38.768066
v -60.633259 74.574287 35.723740
v -60.633259 81.188744 31.304098
v -69.961456 59.422356 -40.450089
v -69.961456 67.224678 -38.898094
v -69.961456 74.574287 -35.853767
v -69.961456 81.188744 -31.434134
v -69.961456 86.813904 -25.809000
v -69.961456 91.233559 -19.194517
v -69.961456 94.277863 -11.844892
v -69.961456 95.829834 -4.042594
v -69.961456 95.829834 3.912556
v -69.961456 94.277863 11.714854
v -69.961456 91.233559 19.064478
v -69.961456 86.813904 25.678965
v -69.961456 29.700802 -31.434130
v -69.961456 36.315285 -35.853767
v -69.961456 43.664886 -38.898094
v -69.961456 51.467182 -40.450089
v -51.305065 51.467182 -40.450089
v -51.305065 43.664886 -38.898094
v -51.305065 36.315285 -35.853767
v -51.305065 29.700802 -31.434130
v -51.305065 86.813904 25.678965
v -51.305065 91.233559 19.064478
v -51.305065 94.277863 11.714854
v -51.305065 95.829834 3.912556
v -51.305065 95.829834 -4.042594
v -51.305065 94.277863 -11.844892
v -51.305065 91.233559 -19.194517
v -51.305065 86.813904 -25.809000
v -51.305065 81.188744 -31.434134
v -51.305065 74.574287 -35.853767
v -51.305065 67.224670 -38.898094
v -51.305065 59.422352 -40.450089
v -41.976871 81.188744 31.304098
v -41.976871 74.574287 35.723740
v -41.976871 67.224670 38.768066
v -41.976871 59.422359 40.320053
v -41.976871 51.467190 40.320053
v -41.976871 43.664894 38.768066
v -41.976871 36.315292 35.723740
v -41.976871 29.700806 31.304102
v -41.976871 24.075649 25.678968
v -41.976871 19.656010 19.064484
v -41.976871 16.611710 11.714860
v -41.976871 15.059733 3.912562
v -41.976871 15.059733 -4.042588
v -41.976871 16.611706 -11.844886
v -41.976871 19.656006 -19.194511
v -41.976871 24.075645 -25.808996
v -51.305065 24.075645 -25.808996
v -51.305065 19.656006 -19.194511
v -51.305065 16.611706 -11.844886
v -51.305065 15.059736 -4.042588
v -51.305065 15.059736 3.912562
v -51.305065 16.611710 11.714860
v -51.305065 19.656010 19.064484
v -51.305065 24.075649 25.678968
v -51.305065 29.700806 31.304102
v -51.305065 36.315292 35.723740
v -51.305065 43.664894 38.768066
v -51.305065 51.467190 40.320053
v -51.305065 59.422359 40.320053
v -51.305065 67.224678 38.768066
v -51.305065 74.574287 35.723740
v -51.305065 81.188744 31.304098
v -60.633259 51.467182 -40.450089
v -60.633259 43.664886 -38.898094
v -60.633259 36.315285 -35.853767
v -60.633259 29.700802 -31.434130
v -60.633259 86.813904 25.678965
v -60.633259 91.233559 19.064478
v -60.633259 94.277863 11.714854
v -60.633259 95.829834 3.912556
v -60.633259 95.829834 -4.042594
v -60.633259 94.277863 -11.844892
v -60.633259 91.233559 -19.194517
v -60.633259 86.813904 -25.809000
v -60.633259 81.188744 -31.434134
v -60.633259 74.574287 -35.853767
v -60.633259 67.224678 -38.898094
v -60.633259 59.422356 -40.450089
v -23.320484 81.188744 31.304098
v -23.320484 74.574287 35.723740
v -23.320484 67.224670 38.768066
v -23.320484 59.422359 40.320053
v -23.320484 51.467190 40.320053
v -23.320484 43.664894 38.768066
v -23.320484 36.315292 35.723740
v -23.320484 29.700806 31.304102
v -23.320484 24.075649 25.678968
v -23.320484 19.656010 19.064484
v -23.320484 16.611710 11.714860
v -23.320484 15.059731 3.912562
v -23.320484 15.059731 -4.042588
v -23.320484 16.611706 -11.844886
v -23.320484 19.656006 -19.194511
v -23.320484 24.075645 -25.808996
v -32.648678 51.467182 -40.450089
v -32.648678 43.664886 -38.898094
v -32.648678 36.315285 -35.853767
v -32.648678 29.700802 -31.434130
v -32.648678 86.813904 25.678965
v -32.648678 91.233559 19.064478
v -32.648678 94.277863 11.714854
v -32.648678 95.829834 3.912556
v -32.648678 95.829834 -4.042594
v -32.648678 94.277863 -11.844892
v -32.648678 91.233559 -19.194517
v -32.648678 86.813904 -25.809000
v -32.648678 81.188744 -31.434134
v -32.648678 74.574287 -35.853767
v -32.648678 67.224670 -38.898094
v -32.648678 59.422352 -40.450089
v 60.633259 51.467182 -40.450089
v 60.633259 43.664886 -38.898094
v 60.633259 36.315285 -35.853767
v 60.633259 29.700802 -31.434130
v 60.633259 86.813904 25.678965
v 60.633259 91.233559 19.064478
v 60.633259 94.277863 11.714854
v 60.633259 95.829834 3.912556
v 60.633259 95.829834 -4.042594
v 60.633259 94.277863 -11.844892
v 60.633259 91.233559 -19.194517
v 60.633259 86.813904 -25.809000
v 60.633259 81.188744 -31.434134
v 60.633259 74.574287 -35.853767
v 60.633259 67.224655 -38.898094
v 60.633259 59.422333 -40.450089
v 69.961456 81.188744 31.304098
v 69.961456 74.574287 35.723740
v 69.961456 67.224655 38.768066
v 69.961456 59.422340 40.320053
v 69.961456 51.467190 40.320053
v 69.961456 43.664894 38.768066
v 69.961456 36.315292 35.723740
v 69.961456 29.700806 31.304102
v 69.961456 24.075649 25.678968
v 69.961456 19.656010 19.064484
v 69.961456 16.611710 11.714860
v 69.961456 15.059717 3.912562
v 69.961456 15.059717 -4.042588
v 69.961456 16.611706 -11.844886
v 69.961456 19.656006 -19.194511
v 69.961456 24.075645 -25.808996
v 51.305065 24.075645 -25.808996
v 51.305065 19.656006 -19.194511
v 51.305065 16.611706 -11.844886
v 51.305065 15.059720 -4.042588
v 51.305065 15.059720 3.912562
v 51.305065 16.611710 11.714860
v 51.305065 19.656010 19.064484
v 51.305065 24.075649 25.678968
v 51.305065 29.700806 31.304102
v 51.305065 36.315292 35.723740
v 51.305065 43.664894 38.768066
v 51.305065 51.467190 40.320053
v 51.305065 59.422348 40.320053
v 51.305065 67.224655 38.768066
v 51.305065 74.574287 35.723740
v 51.305065 81.188744 31.304098
v 41.976871 59.422340 -40.450089
v 41.976871 67.224663 -38.898094
v 41.976871 74.574287 -35.853767
v 41.976871 81.188744 -31.434134
v 41.976871 86.813904 -25.809000
v 41.976871 91.233559 -19.194517
v 41.976871 94.277863 -11.844892
v 41.976871 95.829834 -4.042594
v 41.976871 95.829834 3.912556
v 41.976871 94.277863 11.714854
v 41.976871 91.233559 19.064478
v 41.976871 86.813904 25.678965
v 41.976871 29.700802 -31.434130
v 41.976871 36.315285 -35.853767
v 41.976871 43.664886 -38.898094
v 41.976871 51.467182 -40.450089
v 51.305065 51.467182 -40.450089
v 51.305065 43.664886 -38.898094
v 51.305065 36.315285 -35.853767
v 51.305065 29.700802 -31.434130
v 51.305065 86.813904 25.678965
v 51.305065 91.233559 19.064478
v 51.305065 94.277863 11.714854
v 51.305065 95.829834 3.912556
v 51.305065 95.829834 -4.042594
v 51.305065 94.277863 -11.844892
v 51.305065 91.233559 -19.194517
v 51.305065 86.813904 -25.809000
v 51.305065 81.188744 -31.434134
v 51.305065 74.574287 -35.853767
v 51.305065 67.224663 -38.898094
v 51.305065 59.422340 -40.450089
v 60.633259 24.075645 -25.808996
v 60.633259 19.656006 -19.194511
v 60.633259 16.611706 -11.844886
v 60.633259 15.059717 -4.042588
v 60.633259 15.059717 3.912562
v 60.633259 16.611710 11.714860
v 60.633259 19.656010 19.064484
v 60.633259 24.075649 25.678968
v 60.633259 29.700806 31.304102
v 60.633259 36.315292 35.723740
v 60.633259 43.664894 38.768066
v 60.633259 51.467190 40.320053
v 60.633259 59.422348 40.320053
v 60.633259 67.224655 38.768066
v 60.633259 74.574287 35.723740
v 60.633259 81.188744 31.304098
v 23.320484 59.422340 -40.450089
v 23.320484 67.224663 -38.898094
v 23.320484 74.574287 -35.853767
v 23.320484 81.188744 -31.434134
v 23.320484 86.813904 -25.809000
v 23.320484 91.233559 -19.194517
v 23.320484 94.277863 -11.844892
v 23.320484 95.829834 -4.042594
v 23.320484 95.829834 3.912556
v 23.320484 94.277863 11.714854
v 23.320484 91.233559 19.064478
v 23.320484 86.813904 25.678965
v 23.320484 29.700802 -31.434130
v 23.320484 36.315285 -35.853767
v 23.320484 43.664886 -38.898094
v 23.320484 51.467182 -40.450089
v 32.648678 24.075645 -25.808996
v 32.648678 19.656006 -19.194511
v 32.648678 16.611706 -11.844886
v 32.648678 15.059723 -4.042588
v 32.648678 15.059723 3.912562
v 32.648678 16.611710 11.714860
v 32.648678 19.656010 19.064484
v 32.648678 24.075649 25.678968
v 32.648678 29.700806 31.304102
v 32.648678 36.315292 35.723740
v 32.648678 43.664894 38.768066
v 32.648678 51.467190 40.320053
v 32.648678 59.422348 40.320053
v 32.648678 67.224663 38.768066
v 32.648678 74.574287 35.723740
v 32.648678 81.188744 31.304098
v 13.992290 81.188744 31.304098
v 13.992290 74.574287 35.723740
v 13.992290 67.224670 38.768066
v 13.992290 59.422348 40.320053
v 13.992290 51.467190 40.320053
v 13.992290 43.664894 38.768066
v 13.992290 36.315292 35.723740
v 13.992290 29.700806 31.304102
v 13.992290 24.075649 25.678968
v 13.992290 19.656010 19.064484
v 13.992290 16.611710 11.714860
v 13.992290 15.059726 3.912562
v 13.992290 15.059726 -4.042588
v 13.992290 16.611706 -11.844886
v 13.992290 19.656006 -19.194511
v 13.992290 24.075645 -25.808996
v 4.664097 51.467182 -40.450089
v 4.664097 43.664886 -38.898094
v 4.664097 36.315285 -35.853767
v 4.664097 29.700802 -31.434130
v 4.664097 86.813904 25.678965
v 4.664097 91.233559 19.064478
v 4.664097 94.277863 11.714854
v 4.664097 95.829834 3.912556
v 4.664097 95.829834 -4.042594
v 4.664097 94.277863 -11.844892
v 4.664097 91.233559 -19.194517
v 4.664097 86.813904 -25.809000
v 4.664097 81.188744 -31.434134
v 4.664097 74.574287 -35.853767
v 4.664097 67.224670 -38.898094
v 4.664097 59.422344 -40.450089
v 23.320484 81.188744 31.304098
v 23.320484 74.574287 35.723740
v 23.320484 67.224670 38.768066
v 23.320484 59.422348 40.320053
v 23.320484 51.467190 40.320053
v 23.320484 43.664894 38.768066
v 23.320484 36.315292 35.723740
v 23.320484 29.700806 31.304102
v 23.320484 24.075649 25.678968
v 23.320484 19.656010 19.064484
v 23.320484 16.611710 11.714860
v 23.320484 15.059723 3.912562
v 23.320484 15.059723 -4.042588
v 23.320484 16.611706 -11.844886
v 23.320484 19.656006 -19.194511
v 23.320484 24.075645 -25.808996
v 13.992290 59.422344 -40.450089
v 13.992290 67.224670 -38.898094
v 13.992290 74.574287 -35.853767
v 13.992290 81.188744 -31.434134
v 13.992290 86.813904 -25.809000
v 13.992290 91.233559 -19.194517
v 13.992290 94.277863 -11.844892
v 13.992290 95.829834 -4.042594
v 13.992290 95.829834 3.912556
v 13.992290 94.277863 11.714854
v 13.992290 91.233559 19.064478
v 13.992290 86.813904 25.678965
v 13.992290 29.700802 -31.434130
v 13.992290 36.315285 -35.853767
v 13.992290 43.664886 -38.898094
v 13.992290 51.467182 -40.450089
v 32.648678 51.467182 -40.450089
v 32.648678 43.664886 -38.898094
v 32.648678 36.315285 -35.853767
v 32.648678 29.700802 -31.434130
v 32.648678 86.813904 25.678965
v 32.648678 91.233559 19.064478
v 32.648678 94.277863 11.714854
v 32.648678 95.829834 3.912556
v 32.648678 95.829834 -4.042594
v 32.648678 94.277863 -11.844892
v 32.648678 91.233559 -19.194517
v 32.648678 86.813904 -25.809000
v 32.648678 81.188744 -31.434134
v 32.648678 74.574287 -35.853767
v 32.648678 67.224663 -38.898094
v 32.648678 59.422340 -40.450089
v 41.976871 81.188744 31.304098
v 41.976871 74.574287 35.723740
v 41.976871 67.224663 38.768066
v 41.976871 59.422348 40.320053
v 41.976871 51.467190 40.320053
v 41.976871 43.664894 38.768066
v 41.976871 36.315292 35.723740
v 41.976871 29.700806 31.304102
v 41.976871 24.075649 25.678968
v 41.976871 19.656010 19.064484
v 41.976871 16.611710 11.714860
v 41.976871 15.059720 3.912562
v 41.976871 15.059720 -4.042588
v 41.976871 16.611706 -11.844886
v 41.976871 19.656006 -19.194511
v 41.976871 24.075645 -25.808996
v -13.992290 59.422344 -40.450089
v -13.992290 67.224670 -38.898094
v -13.992290 74.574287 -35.853767
v -13.992290 81.188744 -31.434134
v -13.992290 86.813904 -25.809000
v -13.992290 91.233559 -19.194517
v -13.992290 94.277863 -11.844892
v -13.992290 95.829834 -4.042594
v -13.992290 95.829834 3.912556
v -13.992290 94.277863 11.714854
v -13.992290 91.233559 19.064478
v -13.992290 86.813904 25.678965
v -13.992290 29.700802 -31.434130
v -13.992290 36.315285 -35.853767
v -13.992290 43.664886 -38.898094
v -13.992290 51.467182 -40.450089
v -4.664097 24.075645 -25.808996
v -4.664097 19.656006 -19.194511
v -4.664097 16.611706 -11.844886
v -4.664097 15.059729 -4.042588
v -4.664097 15.059729 3.912562
v -4.664097 16.611710 11.714860
v -4.664097 19.656010 19.064484
v -4.664097 24.075649 25.678968
v -4.664097 29.700806 31.304102
v -4.664097 36.315292 35.723740
v -4.664097 43.664894 38.768066
v -4.664097 51.467190 40.320053
v -4.664097 59.422352 40.320053
v -4.664097 67.224670 38.768066
v -4.664097 74.574287 35.723740
v -4.664097 81.188744 31.304098
v -23.320484 59.422352 -40.450089
v -23.320484 67.224670 -38.898094
v -23.320484 74.574287 -35.853767
v -23.320484 81.188744 -31.434134
v -23.320484 86.813904 -25.809000
v -23.320484 91.233559 -19.194517
v -23.320484 94.277863 -11.844892
v -23.320484 95.829834 -4.042594
v -23.320484 95.829834 3.912556
v -23.320484 94.277863 11.714854
v -23.320484 91.233559 19.064478
v -23.320484 86.813904 25.678965
v -23.320484 29.700802 -31.434130
v -23.320484 36.315285 -35.853767
v -23.320484 43.664886 -38.898094
v -23.320484 51.467182 -40.450089
v -13.992290 81.188744 31.304098
v -13.992290 74.574287 35.723740
v -13.992290 67.224670 38.768066
v -13.992290 59.422359 40.320053
v -13.992290 51.467190 40.320053
v -13.992290 43.664894 38.768066
v -13.992290 36.315292 35.723740
v -13.992290 29.700806 31.304102
v -13.992290 24.075649 25.678968
v -13.992290 19.656010 19.064484
v -13.992290 16.611710 11.714860
v -13.992290 15.059731 3.912562
v -13.992290 15.059731 -4.042588
v -13.992290 16.611706 -11.844886
v -13.992290 19.656006 -19.194511
v -13.992290 24.075645 -25.808996
v -32.648678 24.075645 -25.808996
v -32.648678 19.656006 -19.194511
v -32.648678 16.611706 -11.844886
v -32.648678 15.059733 -4.042588
v -32.648678 15.059733 3.912562
v -32.648678 16.611710 11.714860
v -32.648678 19.656010 19.064484
v -32.648678 24.075649 25.678968
v -32.648678 29.700806 31.304102
v -32.648678 36.315292 35.723740
v -32.648678 43.664894 38.768066
v -32.648678 51.467190 40.320053
v -32.648678 59.422359 40.320053
v -32.648678 67.224670 38.768066
v -32.648678 74.574287 35.723740
v -32.648678 81.188744 31.304098
v -41.976871 59.422352 -40.450089
v -41.976871 67.224670 -38.898094
v -41.976871 74.574287 -35.853767
v -41.976871 81.188744 -31.434134
v -41.976871 86.813904 -25.809000
v -41.976871 91.233559 -19.194517
v -41.976871 94.277863 -11.844892
v -41.976871 95.829834 -4.042594
v -41.976871 95.829834 3.912556
v -41.976871 94.277863 11.714854
v -41.976871 91.233559 19.064478
v -41.976871 86.813904 25.678965
v -41.976871 29.700802 -31.434130
v -41.976871 36.315285 -35.853767
v -41.976871 43.664886 -38.898094
v -41.976871 51.467182 -40.450089
v -4.664097 51.467182 -40.450089
v -4.664097 43.664886 -38.898094
v -4.664097 36.315285 -35.853767
v -4.664097 29.700802 -31.434130
v 4.664097 24.075645 -25.808996
v 4.664097 19.656006 -19.194511
v 4.664097 16.611706 -11.844886
v 4.664097 15.059727 -4.042588
v 4.664097 15.059727 3.912562
v 4.664097 16.611710 11.714860
v 4.664097 19.656010 19.064484
v 4.664097 24.075649 25.678968
v 4.664097 29.700806 31.304102
v 4.664097 36.315292 35.723740
v 4.664097 43.664894 38.768066
v 4.664097 51.467190 40.320053
v 4.664097 59.422352 40.320053
v 4.664097 67.224670 38.768066
v 4.664097 74.574287 35.723740
v 4.664097 81.188744 31.304098
v -4.664097 86.813904 25.678965
v -4.664097 91.233559 19.064478
v -4.664097 94.277863 11.714854
v -4.664097 95.829834 3.912556
v -4.664097 95.829834 -4.042594
v -4.664097 94.277863 -11.844892
v -4.664097 91.233559 -19.194517
v -4.664097 86.813904 -25.809000
v -4.664097 81.188744 -31.434134
v -4.664097 74.574287 -35.853767
v -4.664097 67.224670 -38.898094
v -4.664097 59.422344 -40.450089
v -69.961456 60.074486 -47.071281
v -69.961456 69.156021 -45.264870
v -69.961456 77.710609 -41.721458
v -69.961456 85.409531 -36.577194
v -69.961456 91.956932 -30.029772
v -69.961456 97.101196 -22.330826
v -69.961456 100.644630 -13.776225
v -69.961456 102.451050 -4.694726
v -69.961456 102.451050 4.564687
v -69.961456 100.644630 13.646186
v -69.961456 97.101196 22.200787
v -69.961456 91.956932 29.899733
v -69.961456 85.409531 36.447151
v -69.961456 77.710609 41.591423
v -69.961456 69.156021 45.134834
v -69.961456 60.074493 46.941254
v -69.961456 50.815060 46.941254
v -69.961456 41.733559 45.134834
v -69.961456 33.178959 41.591423
v -69.961456 25.480034 36.447159
v -69.961456 18.932636 29.899738
v -69.961456 13.788370 22.200794
v -69.961456 10.244932 13.646193
v -69.961456 8.438494 4.564694
v -69.961456 8.438492 -4.694719
v -69.961456 10.244930 -13.776218
v -69.961456 13.788366 -22.330818
v -69.961456 18.932632 -30.029766
v -69.961456 25.480030 -36.577187
v -69.961456 33.178951 -41.721458
v -69.961456 41.733551 -45.264870
v -69.961456 50.815052 -47.071281
v -51.305065 50.815052 -47.071281
v -51.305065 41.733551 -45.264870
v -51.305065 33.178951 -41.721458
v -51.305065 25.480026 -36.577187
v -51.305065 18.932629 -30.029766
v -51.305065 13.788366 -22.330818
v -51.305065 10.244930 -13.776218
v -51.305065 8.438492 -4.694719
v -51.305065 8.438494 4.564694
v -51.305065 10.244932 13.646193
v -51.305065 13.788370 22.200794
v -51.305065 18.932632 29.899738
v -51.305065 25.480030 36.447159
v -51.305065 33.178959 41.591423
v -51.305065 41.733559 45.134834
v -51.305065 50.815060 46.941254
v -51.305065 60.074493 46.941254
v -51.305065 69.156021 45.134834
v -51.305065 77.710609 41.591423
v -51.305065 85.409531 36.447151
v -51.305065 91.956932 29.899733
v -51.305065 97.101196 22.200787
v -51.305065 100.644630 13.646186
v -51.305065 102.451050 4.564687
v -51.305065 102.451050 -4.694726
v -51.305065 100.644630 -13.776225
v -51.305065 97.101196 -22.330826
v -51.305065 91.956932 -30.029772
v -51.305065 85.409531 -36.577194
v -51.305065 77.710609 -41.721458
v -51.305065 69.156021 -45.264870
v -51.305065 60.074486 -47.071281
v -60.633259 50.815052 -47.071281
v -60.633259 41.733551 -45.264870
v -60.633259 33.178951 -41.721458
v -60.633259 25.480026 -36.577187
v -60.633259 18.932632 -30.029766
v -60.633259 13.788366 -22.330818
v -60.633259 10.244930 -13.776218
v -60.633259 8.438492 -4.694719
v -60.633259 8.438494 4.564694
v -60.633259 10.244932 13.646193
v -60.633259 13.788370 22.200794
v -60.633259 18.932636 29.899738
v -60.633259 25.480030 36.447159
v -60.633259 33.178959 41.591423
v -60.633259 41.733559 45.134834
v -60.633259 50.815060 46.941254
v -60.633259 60.074493 46.941254
v -60.633259 69.156021 45.134834
v -60.633259 77.710609 41.591423
v -60.633259 85.409531 36.447151
v -60.633259 91.956932 29.899733
v -60.633259 97.101196 22.200787
v -60.633259 100.644630 13.646186
v -60.633259 102.451050 4.564687
v -60.633259 102.451050 -4.694726
v -60.633259 100.644630 -13.776225
v -60.633259 97.101196 -22.330826
v -60.633259 91.956932 -30.029772
v -60.633259 85.409531 -36.577194
v -60.633259 77.710609 -41.721458
v -60.633259 69.156021 -45.264870
v -60.633259 60.074486 -47.071281
v -32.648678 50.815052 -47.071281
v -32.648678 41.733551 -45.264870
v -32.648678 33.178951 -41.721458
v -32.648678 25.480022 -36.577187
v -32.648678 18.932629 -30.029766
v -32.648678 13.788366 -22.330818
v -32.648678 10.244930 -13.776218
v -32.648678 8.438492 -4.694719
v -32.648678 8.438494 4.564694
v -32.648678 10.244932 13.646193
v -32.648678 13.788370 22.200794
v -32.648678 18.932632 29.899738
v -32.648678 25.480026 36.447159
v -32.648678 33.178959 41.591423
v -32.648678 41.733559 45.134834
v -32.648678 50.815060 46.941254
v -32.648678 60.074493 46.941254
v -32.648678 69.156021 45.134834
v -32.648678 77.710609 41.591423
v -32.648678 85.409531 36.447151
v -32.648678 91.956932 29.899733
v -32.648678 97.101196 22.200787
v -32.648678 100.644630 13.646186
v -32.648678 102.451050 4.564687
v -32.648678 102.451050 -4.694726
v -32.648678 100.644630 -13.776225
v -32.648678 97.101196 -22.330826
v -32.648678 91.956932 -30.029772
v -32.648678 85.409531 -36.577194
v -32.648678 77.710609 -41.721458
v -32.648678 69.156021 -45.264870
v -32.648678 60.074486 -47.071281
v -13.992290 60.074486 -47.071281
v -13.992290 69.156021 -45.264870
v -13.992290 77.710602 -41.721458
v -13.992290 85.409523 -36.577194
v -13.992290 91.956932 -30.029772
v -13.992290 97.101196 -22.330826
v -13.992290 100.644630 -13.776225
v -13.992290 102.451050 -4.694726
v -13.992290 102.451050 4.564687
v -13.992290 100.644630 13.646186
v -13.992290 97.101196 22.200787
v -13.992290 91.956932 29.899733
v -13.992290 85.409523 36.447151
v -13.992290 77.710602 41.591423
v -13.992290 69.156021 45.134834
v -13.992290 60.074493 46.941254
v -13.992290 50.815060 46.941254
v -13.992290 41.733559 45.134834
v -13.992290 33.178959 41.591423
v -13.992290 25.480026 36.447159
v -13.992290 18.932629 29.899738
v -13.992290 13.788370 22.200794
v -13.992290 10.244932 13.646193
v -13.992290 8.438494 4.564694
v -13.992290 8.438492 -4.694719
v -13.992290 10.244930 -13.776218
v -13.992290 13.788366 -22.330818
v -13.992290 18.932625 -30.029766
v -13.992290 25.480022 -36.577187
v -13.992290 33.178951 -41.721458
v -13.992290 41.733551 -45.264870
v -13.992290 50.815052 -47.071281
v -23.320484 60.074486 -47.071281
v -23.320484 69.156021 -45.264870
v -23.320484 77.710609 -41.721458
v -23.320484 85.409531 -36.577194
v -23.320484 91.956932 -30.029772
v -23.320484 97.101196 -22.330826
v -23.320484 100.644630 -13.776225
v -23.320484 102.451050 -4.694726
v -23.320484 102.451050 4.564687
v -23.320484 100.644630 13.646186
v -23.320484 97.101196 22.200787
v -23.320484 91.956932 29.899733
v -23.320484 85.409531 36.447151
v -23.320484 77.710609 41.591423
v -23.320484 69.156021 45.134834
v -23.320484 60.074493 46.941254
v -23.320484 50.815060 46.941254
v -23.320484 41.733559 45.134834
v -23.320484 33.178959 41.591423
v -23.320484 25.480026 36.447159
v -23.320484 18.932632 29.899738
v -23.320484 13.788370 22.200794
v -23.320484 10.244932 13.646193
v -23.320484 8.438494 4.564694
v -23.320484 8.438492 -4.694719
v -23.320484 10.244930 -13.776218
v -23.320484 13.788366 -22.330818
v -23.320484 18.932629 -30.029766
v -23.320484 25.480022 -36.577187
v -23.320484 33.178951 -41.721458
v -23.320484 41.733551 -45.264870
v -23.320484 50.815052 -47.071281
v -41.976871 60.074486 -47.071281
v -41.976871 69.156021 -45.264870
v -41.976871 77.710609 -41.721458
v -41.976871 85.409531 -36.577194
v -41.976871 91.956932 -30.029772
v -41.976871 97.101196 -22.330826
v -41.976871 100.644630 -13.776225
v -41.976871 102.451050 -4.694726
v -41.976871 102.451050 4.564687
v -41.976871 100.644630 13.646186
v -41.976871 97.101196 22.200787
v -41.976871 91.956932 29.899733
v -41.976871 85.409531 36.447151
v -41.976871 77.710609 41.591423
v -41.976871 69.156021 45.134834
v -41.976871 60.074493 46.941254
v -41.976871 50.815060 46.941254
v -41.976871 41.733559 45.134834
v -41.976871 33.178959 41.591423
v -41.976871 25.480026 36.447159
v -41.976871 18.932632 29.899738
v -41.976871 13.788370 22.200794
v -41.976871 10.244932 13.646193
v -41.976871 8.438494 4.564694
v -41.976871 8.438492 -4.694719
v -41.976871 10.244930 -13.776218
v -41.976871 13.788366 -22.330818
v -41.976871 18.932629 -30.029766
v -41.976871 25.480022 -36.577187
v -41.976871 33.178951 -41.721458
v -41.976871 41.733551 -45.264870
v -41.976871 50.815052 -47.071281
v 41.976871 60.074486 -47.071281
v 41.976871 69.156021 -45.264870
v 41.976871 77.710594 -41.721458
v 41.976871 85.409523 -36.577194
v 41.976871 91.956932 -30.029772
v 41.976871 97.101196 -22.330826
v 41.976871 100.644615 -13.776225
v 41.976871 102.451027 -4.694726
v 41.976871 102.451027 4.564687
v 41.976871 100.644615 13.646186
v 41.976871 97.101196 22.200787
v 41.976871 91.956932 29.899733
v 41.976871 85.409523 36.447151
v 41.976871 77.710594 41.591423
v 41.976871 69.156021 45.134834
v 41.976871 60.074493 46.941254
v 41.976871 50.815060 46.941254
v 41.976871 41.733559 45.134834
v 41.976871 33.178959 41.591423
v 41.976871 25.480015 36.447159
v 41.976871 18.932621 29.899738
v 41.976871 13.788370 22.200794
v 41.976871 10.244932 13.646193
v 41.976871 8.438494 4.564694
v 41.976871 8.438492 -4.694719
v 41.976871 10.244930 -13.776218
v 41.976871 13.788366 -22.330818
v 41.976871 18.932617 -30.029766
v 41.976871 25.480011 -36.577187
v 41.976871 33.178951 -41.721458
v 41.976871 41.733551 -45.264870
v 41.976871 50.815052 -47.071281
v 60.633259 50.815052 -47.071281
v 60.633259 41.733551 -45.264870
v 60.633259 33.178951 -41.721458
v 60.633259 25.480007 -36.577187
v 60.633259 18.932613 -30.029766
v 60.633259 13.788366 -22.330818
v 60.633259 10.244930 -13.776218
v 60.633259 8.438492 -4.694719
v 60.633259 8.438494 4.564694
v 60.633259 10.244932 13.646193
v 60.633259 13.788370 22.200794
v 60.633259 18.932617 29.899738
v 60.633259 25.480011 36.447159
v 60.633259 33.178959 41.591423
v 60.633259 41.733559 45.134834
v 60.633259 50.815060 46.941254
v 60.633259 60.074493 46.941254
v 60.633259 69.156021 45.134834
v 60.633259 77.710587 41.591423
v 60.633259 85.409508 36.447151
v 60.633259 91.956932 29.899733
v 60.633259 97.101196 22.200787
v 60.633259 100.644615 13.646186
v 60.633259 102.451027 4.564687
v 60.633259 102.451027 -4.694726
v 60.633259 100.644615 -13.776225
v 60.633259 97.101196 -22.330826
v 60.633259 91.956932 -30.029772
v 60.633259 85.409508 -36.577194
v 60.633259 77.710587 -41.721458
v 60.633259 69.156021 -45.264870
v 60.633259 60.074486 -47.071281
v 51.305065 50.815052 -47.071281
v 51.305065 41.733551 -45.264870
v 51.305065 33.178951 -41.721458
v 51.305065 25.480011 -36.577187
v 51.305065 18.932613 -30.029766
v 51.305065 13.788366 -22.330818
v 51.305065 10.244930 -13.776218
v 51.305065 8.438492 -4.694719
v 51.305065 8.438494 4.564694
v 51.305065 10.244932 13.646193
v 51.305065 13.788370 22.200794
v 51.305065 18.932617 29.899738
v 51.305065 25.480015 36.447159
v 51.305065 33.178959 41.591423
v 51.305065 41.733559 45.134834
v 51.305065 50.815060 46.941254
v 51.305065 60.074493 46.941254
v 51.305065 69.156021 45.134834
v 51.305065 77.710594 41.591423
v 51.305065 85.409523 36.447151
v 51.305065 91.956932 29.899733
v 51.305065 97.101196 22.200787
v 51.305065 100.644615 13.646186
v 51.305065 102.451027 4.564687
v 51.305065 102.451027 -4.694726
v 51.305065 100.644615 -13.776225
v 51.305065 97.101196 -22.330826
v 51.305065 91.956932 -30.029772
v 51.305065 85.409523 -36.577194
v 51.305065 77.710594 -41.721458
v 51.305065 69.156021 -45.264870
v 51.305065 60.074486 -47.071281
v 23.320484 60.074486 -47.071281
v 23.320484 69.156021 -45.264870
v 23.320484 77.710594 -41.721458
v 23.320484 85.409523 -36.577194
v 23.320484 91.956932 -30.029772
v 23.320484 97.101196 -22.330826
v 23.320484 100.644615 -13.776225
v 23.320484 102.451027 -4.694726
v 23.320484 102.451027 4.564687
v 23.320484 100.644615 13.646186
v 23.320484 97.101196 22.200787
v 23.320484 91.956932 29.899733
v 23.320484 85.409523 36.447151
v 23.320484 77.710594 41.591423
v 23.320484 69.156021 45.134834
v 23.320484 60.074493 46.941254
v 23.320484 50.815060 46.941254
v 23.320484 41.733559 45.134834
v 23.320484 33.178959 41.591423
v 23.320484 25.480015 36.447159
v 23.320484 18.932621 29.899738
v 23.320484 13.788370 22.200794
v 23.320484 10.244932 13.646193
v 23.320484 8.438494 4.564694
v 23.320484 8.438492 -4.694719
v 23.320484 10.244930 -13.776218
v 23.320484 13.788366 -22.330818
v 23.320484 18.932617 -30.029766
v 23.320484 25.480011 -36.577187
v 23.320484 33.178951 -41.721458
v 23.320484 41.733551 -45.264870
v 23.320484 50.815052 -47.071281
v 4.664097 50.815052 -47.071281
v 4.664097 41.733551 -45.264870
v 4.664097 33.178951 -41.721458
v 4.664097 25.480019 -36.577187
v 4.664097 18.932621 -30.029766
v 4.664097 13.788366 -22.330818
v 4.664097 10.244930 -13.776218
v 4.664097 8.438492 -4.694719
v 4.664097 8.438494 4.564694
v 4.664097 10.244932 13.646193
v 4.664097 13.788370 22.200794
v 4.664097 18.932625 29.899738
v 4.664097 25.480022 36.447159
v 4.664097 33.178959 41.591423
v 4.664097 41.733559 45.134834
v 4.664097 50.815060 46.941254
v 4.664097 60.074493 46.941254
v 4.664097 69.156021 45.134834
v 4.664097 77.710602 41.591423
v 4.664097 85.409523 36.447151
v 4.664097 91.956932 29.899733
v 4.664097 97.101196 22.200787
v 4.664097 100.644615 13.646186
v 4.664097 102.451027 4.564687
v 4.664097 102.451027 -4.694726
v 4.664097 100.644615 -13.776225
v 4.664097 97.101196 -22.330826
v 4.664097 91.956932 -30.029772
v 4.664097 85.409523 -36.577194
v 4.664097 77.710602 -41.721458
v 4.664097 69.156021 -45.264870
v 4.664097 60.074486 -47.071281
v 13.992290 60.074486 -47.071281
v 13.992290 69.156021 -45.264870
v 13.992290 77.710602 -41.721458
v 13.992290 85.409523 -36.577194
v 13.992290 91.956932 -30.029772
v 13.992290 97.101196 -22.330826
v 13.992290 100.644615 -13.776225
v 13.992290 102.451027 -4.694726
v 13.992290 102.451027 4.564687
v 13.992290 100.644615 13.646186
v 13.992290 97.101196 22.200787
v 13.992290 91.956932 29.899733
v 13.992290 85.409523 36.447151
v 13.992290 77.710602 41.591423
v 13.992290 69.156021 45.134834
v 13.992290 60.074493 46.941254
v 13.992290 50.815060 46.941254
v 13.992290 41.733559 45.134834
v 13.992290 33.178959 41.591423
v 13.992290 25.480019 36.447159
v 13.992290 18.932621 29.899738
v 13.992290 13.788370 22.200794
v 13.992290 10.244932 13.646193
v 13.992290 8.438494 4.564694
v 13.992290 8.438492 -4.694719
v 13.992290 10.244930 -13.776218
v 13.992290 13.788366 -22.330818
v 13.992290 18.932617 -30.029766
v 13.992290 25.480015 -36.577187
v 13.992290 33.178951 -41.721458
v 13.992290 41.733551 -45.264870
v 13.992290 50.815052 -47.071281
v 32.648678 50.815052 -47.071281
v 32.648678 41.733551 -45.264870
v 32.648678 33.178951 -41.721458
v 32.648678 25.480011 -36.577187
v 32.648678 18.932617 -30.029766
v 32.648678 13.788366 -22.330818
v 32.648678 10.244930 -13.776218
v 32.648678 8.438492 -4.694719
v 32.648678 8.438494 4.564694
v 32.648678 10.244932 13.646193
v 32.648678 13.788370 22.200794
v 32.648678 18.932621 29.899738
v 32.648678 25.480015 36.447159
v 32.648678 33.178959 41.591423
v 32.648678 41.733559 45.134834
v 32.648678 50.815060 46.941254
v 32.648678 60.074493 46.941254
v 32.648678 69.156021 45.134834
v 32.648678 77.710594 41.591423
v 32.648678 85.409523 36.447151
v 32.648678 91.956932 29.899733
v 32.648678 97.101196 22.200787
v 32.648678 100.644615 13.646186
v 32.648678 102.451027 4.564687
v 32.648678 102.451027 -4.694726
v 32.648678 100.644615 -13.776225
v 32.648678 97.101196 -22.330826
v 32.648678 91.956932 -30.029772
v 32.648678 85.409523 -36.577194
v 32.648678 77.710594 -41.721458
v 32.648678 69.156021 -45.264870
v 32.648678 60.074486 -47.071281
v -4.664097 50.815052 -47.071281
v -4.664097 41.733551 -45.264870
v -4.664097 33.178951 -41.721458
v -4.664097 25.480019 -36.577187
v -4.664097 18.932625 -30.029766
v -4.664097 13.788366 -22.330818
v -4.664097 10.244930 -13.776218
v -4.664097 8.438492 -4.694719
v -4.664097 8.438494 4.564694
v -4.664097 10.244932 13.646193
v -4.664097 13.788370 22.200794
v -4.664097 18.932629 29.899738
v -4.664097 25.480022 36.447159
v -4.664097 33.178959 41.591423
v -4.664097 41.733559 45.134834
v -4.664097 50.815060 46.941254
v -4.664097 60.074493 46.941254
v -4.664097 69.156021 45.134834
v -4.664097 77.710602 41.591423
v -4.664097 85.409523 36.447151
v -4.664097 91.956932 29.899733
v -4.664097 97.101196 22.200787
v -4.664097 100.644630 13.646186
v -4.664097 102.451050 4.564687
v -4.664097 102.451050 -4.694726
v -4.664097 100.644630 -13.776225
v -4.664097 97.101196 -22.330826
v -4.664097 91.956932 -30.029772
v -4.664097 85.409523 -36.577194
v -4.664097 77.710602 -41.721458
v -4.664097 69.156021 -45.264870
v -4.664097 60.074486 -47.071281
v 69.961456 59.422333 -40.450089
v 69.961456 67.224655 -38.898094
v 69.961456 74.574287 -35.853767
v 69.961456 81.188744 -31.434134
v 69.961456 86.813904 -25.809000
v 69.961456 91.233559 -19.194517
v 69.961456 94.277863 -11.844892
v 69.961456 95.829834 -4.042594
v 69.961456 95.829834 3.912556
v 69.961456 94.277863 11.714854
v 69.961456 91.233559 19.064478
v 69.961456 86.813904 25.678965
v -69.961456 81.188744 31.304098
v -69.961456 74.574287 35.723740
v -69.961456 67.224678 38.768066
v -69.961456 59.422363 40.320053
v -69.961456 51.467190 40.320053
v -69.961456 43.664894 38.768066
v -69.961456 36.315292 35.723740
v -69.961456 29.700806 31.304102
v -69.961456 24.075649 25.678968
v -69.961456 19.656010 19.064484
v -69.961456 16.611710 11.714860
v -69.961456 15.059739 3.912562
v -69.961456 15.059739 -4.042588
v -69.961456 16.611706 -11.844886
v -69.961456 19.656006 -19.194511
v -69.961456 24.075645 -25.808996
v 69.961456 29.700802 -31.434130
v 69.961456 36.315285 -35.853767
v 69.961456 43.664886 -38.898094
v 69.961456 51.467182 -40.450089
v 69.961456 60.074486 -47.071281
v 69.961456 69.156021 -45.264870
v 69.961456 77.710587 -41.721458
v 69.961456 85.409508 -36.577194
v 69.961456 91.956932 -30.029772
v 69.961456 97.101196 -22.330826
v 69.961456 100.644615 -13.776225
v 69.961456 102.451027 -4.694726
v 69.961456 102.451027 4.564687
v 69.961456 100.644615 13.646186
v 69.961456 97.101196 22.200787
v 69.961456 91.956932 29.899733
v 69.961456 85.409508 36.447151
v 69.961456 77.710587 41.591423
v 69.961456 69.156021 45.134834
v 69.961456 60.074493 46.941254
v 69.961456 50.815060 46.941254
v 69.961456 41.733559 45.134834
v 69.961456 33.178959 41.591423
v 69.961456 25.480011 36.447159
v 69.961456 18.932613 29.899738
v 69.961456 13.788370 22.200794
v 69.961456 10.244932 13.646193
v 69.961456 8.438494 4.564694
v 69.961456 8.438492 -4.694719
v 69.961456 10.244930 -13.776218
v 69.961456 13.788366 -22.330818
v 69.961456 18.932610 -30.029766
v 69.961456 25.480007 -36.577187
v 69.961456 33.178951 -41.721458
v 69.961456 41.733551 -45.264870
v 69.961456 50.815052 -47.071281
vn -0.0000 -0.0980 -0.9952
vn -0.0000 -0.2903 -0.9569
vn -0.0000 -0.4714 -0.8819
vn -0.0000 -0.6344 -0.7730
vn -0.0000 -0.7730 -0.6344
vn -0.0000 -0.8819 -0.4714
vn -0.0000 -0.9569 -0.2903
vn -0.0000 -0.9952 -0.0980
vn -0.0000 -0.9952 0.0980
vn -0.0000 -0.9569 0.2903
vn -0.0000 -0.8819 0.4714
vn -0.0000 -0.7730 0.6344
vn -0.0000 -0.6344 0.7730
vn -0.0000 -0.4714 0.8819
vn -0.0000 -0.2903 0.9569
vn -0.0000 -0.0980 0.9952
vn -0.0000 0.0980 0.9952
vn -0.0000 0.2903 0.9569
vn -0.0000 0.4714 0.8819
vn -0.0000 0.6344 0.7730
vn -0.0000 0.7730 0.6344
vn -0.0000 0.8819 0.4714
vn -0.0000 0.9569 0.2903
vn -0.0000 0.9952 0.0980
vn -0.0000 0.9952 -0.0980
vn -0.0000 0.9569 -0.2903
vn -0.0000 0.8819 -0.4714
vn -0.0000 0.7730 -0.6344
vn -0.0000 0.6344 -0.7730
vn -0.0000 0.4714 -0.8819
vn 1.0000 -0.0000 -0.0000
vn -0.0000 0.2903 -0.9569
vn -0.0000 0.0980 -0.9952
vn -1.0000 -0.0000 -0.0000
vt 2.299543 2.424868
vt 2.240334 2.365659
vt 2.299543 2.365659
vt 2.181125 2.424868
vt 2.121916 2.365659
vt 2.181125 2.365659
vt 2.062707 2.424868
vt 2.003498 2.365659
vt 2.062707 2.365659
vt 1.944288 2.424868
vt 1.885080 2.365659
vt 1.944288 2.365659
vt 1.825871 2.424868
vt 1.766662 2.365659
vt 1.825871 2.365659
vt 1.707452 2.424868
vt 1.648243 2.365659
vt 1.707452 2.365659
vt 1.589035 2.424868
vt 1.529825 2.365659
vt 1.589035 2.365659
vt 1.470616 2.424868
vt 1.411407 2.365659
vt 1.470616 2.365659
vt 1.352198 2.424868
vt 1.292989 2.365659
vt 1.352198 2.365659
vt 1.233780 2.424868
vt 1.174571 2.365659
vt 1.233780 2.365659
vt 1.115362 2.424868
vt 1.056153 2.365659
vt 1.115362 2.365659
vt 0.996944 2.365659
vt 0.937735 2.424868
vt 0.937735 2.365659
vt 0.878526 2.424868
vt 0.819317 2.365659
vt 0.878526 2.365659
vt 0.760108 2.424868
vt 0.700899 2.365659
vt 0.760108 2.365659
vt 0.641690 2.424868
vt 0.582480 2.365659
vt 0.641690 2.365659
vt 0.523271 2.424868
vt 0.464062 2.365659
vt 0.523271 2.365659
vt 0.404853 2.424868
vt 0.345644 2.365659
vt 0.404853 2.365659
vt 0.286435 2.424868
vt 0.227226 2.365659
vt 0.286435 2.365659
vt 0.168017 2.424868
vt 0.108808 2.365659
vt 0.168017 2.365659
vt 0.049599 2.424868
vt -0.009610 2.365659
vt 0.049599 2.365659
vt -0.068819 2.424868
vt -0.128028 2.365659
vt -0.068819 2.365659
vt -0.187237 2.424868
vt -0.246446 2.365659
vt -0.187237 2.365659
vt -0.305656 2.365659
vt -0.364865 2.424868
vt -0.364865 2.365660
vt -0.424074 2.424868
vt -0.483283 2.365659
vt -0.424074 2.365659
vt -0.542492 2.424868
vt -0.601701 2.365659
vt -0.542492 2.365659
vt -0.660910 2.424868
vt -0.720119 2.365659
vt -0.660910 2.365659
vt -0.779328 2.424868
vt -0.838537 2.365659
vt -0.779328 2.365659
vt -0.897746 2.424868
vt -0.956955 2.365659
vt -0.897746 2.365659
vt -1.016164 2.424868
vt -1.075373 2.365659
vt -1.016164 2.365659
vt -1.134582 2.424868
vt -1.193791 2.365659
vt -1.134582 2.365659
vt 0.216349 0.157006
vt 0.069213 0.135329
vt 0.117798 0.076127
vt -0.976576 -1.018248
vt -1.035778 -0.969662
vt -1.057455 -1.116798
vt -1.253000 2.424868
vt -1.312209 2.365659
vt -1.253000 2.365659
vt -1.371418 2.424868
vt -1.430628 2.365659
vt -1.371418 2.365659
vt 0.510694 -0.505880
vt 0.637567 -0.493383
vt 0.645073 -0.569598
vt 2.312120 -0.328454
vt 2.185248 -0.340949
vt 2.177742 -0.264731
vt 2.299543 2.171578
vt 2.358752 2.128200
vt 2.299543 2.128200
vt 2.181125 2.171578
vt 2.240334 2.128200
vt 2.181125 2.128200
vt 2.062707 2.171578
vt 2.121916 2.128200
vt 2.062707 2.128200
vt 1.944288 2.171578
vt 2.003498 2.128200
vt 1.944288 2.128200
vt 1.885080 0.826846
vt 1.825871 0.783468
vt 1.825871 0.826846
vt 1.766662 0.826846
vt 1.707452 0.783468
vt 1.707452 0.826846
vt 1.648243 0.826846
vt 1.589035 0.783468
vt 1.589035 0.826846
vt 1.529825 0.826846
vt 1.470616 0.783468
vt 1.470616 0.826846
vt 1.411407 0.826846
vt 1.352198 0.783468
vt 1.352198 0.826846
vt 1.292989 0.826846
vt 1.233780 0.783468
vt 1.233780 0.826846
vt 1.174571 0.826846
vt 1.115362 0.783468
vt 1.115362 0.826846
vt 1.056153 0.826846
vt 0.996944 0.783468
vt 0.996944 0.826846
vt 0.937735 0.826846
vt 0.878526 0.783468
vt 0.878526 0.826846
vt 0.819317 0.826846
vt 0.760108 0.783468
vt 0.760108 0.826846
vt 0.700899 0.826846
vt 0.641690 0.783468
vt 0.641690 0.826846
vt 0.582480 0.826846
vt 0.523271 0.783468
vt 0.523271 0.826846
vt 0.464062 0.826846
vt 0.404853 0.783468
vt 0.404853 0.826846
vt 0.345644 0.826846
vt 0.286435 0.783468
vt 0.286435 0.826846
vt 0.227226 0.826846
vt 0.168017 0.783468
vt 0.168017 0.826846
vt 0.108808 0.826846
vt 0.049599 0.783468
vt 0.049599 0.826846
vt -0.068819 2.171578
vt -0.009610 2.128200
vt -0.068819 2.128200
vt -0.187237 2.171578
vt -0.128028 2.128200
vt -0.187237 2.128200
vt -0.305656 2.171578
vt -0.246446 2.128200
vt -0.305656 2.128200
vt -0.424074 2.171578
vt -0.364865 2.128200
vt -0.424074 2.128200
vt -0.542492 2.171578
vt -0.483283 2.128200
vt -0.542492 2.128200
vt -0.660910 2.171578
vt -0.601701 2.128200
vt -0.660910 2.128200
vt -0.779328 2.171578
vt -0.720119 2.128200
vt -0.779328 2.128200
vt -0.897746 2.171578
vt -0.838537 2.128200
vt -0.897746 2.128200
vt -1.016164 2.171578
vt -0.956955 2.128200
vt -1.016164 2.128200
vt -1.134582 2.171578
vt -1.075373 2.128200
vt -1.134582 2.128200
vt -1.253000 2.171578
vt -1.193791 2.128200
vt -1.253000 2.128200
vt -1.371418 2.171578
vt -1.312209 2.128200
vt -1.371418 2.128200
vt -1.371418 1.477523
vt -1.430628 1.418314
vt -1.371418 1.418314
vt -1.253000 1.477523
vt -1.312209 1.418314
vt -1.253000 1.418314
vt -1.134582 1.477523
vt -1.193791 1.418314
vt -1.134582 1.418314
vt -1.016164 1.477523
vt -1.075373 1.418314
vt -1.016164 1.418314
vt -0.897746 1.477523
vt -0.956955 1.418314
vt -0.897746 1.418314
vt -0.779328 1.477523
vt -0.838537 1.418314
vt -0.779328 1.418314
vt -0.660910 1.477523
vt -0.720119 1.418314
vt -0.660910 1.418314
vt -0.542492 1.477523
vt -0.601701 1.418314
vt -0.542492 1.418314
vt -0.424074 1.418314
vt -0.483283 1.477523
vt -0.483283 1.418314
vt -0.305656 1.418314
vt -0.364865 1.477523
vt -0.364865 1.418314
vt -0.187237 1.477523
vt -0.246446 1.418314
vt -0.187237 1.418314
vt -0.068819 1.477523
vt -0.128028 1.418314
vt -0.068819 1.418314
vt 0.049599 1.477523
vt -0.009610 1.418314
vt 0.049599 1.418314
vt 0.168017 1.477523
vt 0.108808 1.418314
vt 0.168017 1.418314
vt 0.286435 1.477523
vt 0.227226 1.418314
vt 0.286435 1.418314
vt 0.404853 1.477523
vt 0.345644 1.418314
vt 0.404853 1.418314
vt 0.523271 1.477523
vt 0.464062 1.418314
vt 0.523271 1.418314
vt 0.641690 1.477523
vt 0.582480 1.418314
vt 0.641690 1.418314
vt 0.760108 1.477523
vt 0.700899 1.418314
vt 0.760108 1.418314
vt 0.878526 1.477523
vt 0.819317 1.418314
vt 0.878526 1.418314
vt 0.996944 1.418314
vt 0.937735 1.477523
vt 0.937735 1.418314
vt 1.115362 1.477523
vt 1.056153 1.418314
vt 1.115362 1.418314
vt 1.233780 1.477523
vt 1.174571 1.418314
vt 1.233780 1.418314
vt 1.352198 1.477523
vt 1.292989 1.418314
vt 1.352198 1.418314
vt 1.470616 1.477523
vt 1.411407 1.418314
vt 1.470616 1.418314
vt 1.589035 1.477523
vt 1.529825 1.418314
vt 1.589035 1.418314
vt 1.707452 1.477523
vt 1.648243 1.418314
vt 1.707452 1.418314
vt 1.825871 1.477523
vt 1.766662 1.418314
vt 1.825871 1.418314
vt 1.944288 1.477523
vt 1.885080 1.418314
vt 1.944288 1.418314
vt 2.062707 1.477523
vt 2.003498 1.418314
vt 2.062707 1.418314
vt 2.181125 1.477523
vt 2.121916 1.418314
vt 2.181125 1.418314
vt 2.299543 1.477523
vt 2.240334 1.418314
vt 2.299543 1.418314
vt -1.371418 1.951196
vt -1.430628 1.891987
vt -1.371418 1.891987
vt -1.253000 1.951196
vt -1.312209 1.891987
vt -1.253000 1.891987
vt -1.134582 1.951196
vt -1.193791 1.891987
vt -1.134582 1.891986
vt -1.016164 1.951196
vt -1.075373 1.891986
vt -1.016164 1.891986
vt -0.897746 1.951196
vt -0.956955 1.891987
vt -0.897746 1.891987
vt -0.779328 1.951196
vt -0.838537 1.891987
vt -0.779328 1.891987
vt -0.660910 1.951196
vt -0.720119 1.891987
vt -0.660910 1.891987
vt -0.542492 1.951196
vt -0.601701 1.891987
vt -0.542492 1.891987
vt -0.424074 1.951196
vt -0.483283 1.891987
vt -0.424074 1.891987
vt -0.305656 1.951196
vt -0.364865 1.891987
vt -0.305656 1.891987
vt -0.187237 1.951196
vt -0.246446 1.891987
vt -0.187237 1.891987
vt -0.068819 1.951196
vt -0.128028 1.891987
vt -0.068819 1.891987
vt 0.049599 1.951196
vt -0.009610 1.891987
vt 0.049599 1.891987
vt 0.168017 1.951196
vt 0.108808 1.891987
vt 0.168017 1.891987
vt 0.286435 1.951196
vt 0.227226 1.891987
vt 0.286435 1.891987
vt 0.404853 1.951196
vt 0.345644 1.891987
vt 0.404853 1.891987
vt 0.523271 1.951196
vt 0.464062 1.891987
vt 0.523271 1.891987
vt 0.641690 1.951196
vt 0.582480 1.891987
vt 0.641690 1.891987
vt 0.760108 1.951196
vt 0.700899 1.891987
vt 0.760108 1.891987
vt 0.878526 1.891986
vt 0.819317 1.951196
vt 0.819317 1.891987
vt 0.996944 1.951196
vt 0.937735 1.891986
vt 0.996944 1.891986
vt 1.115362 1.951196
vt 1.056153 1.891987
vt 1.115362 1.891987
vt 1.233780 1.951196
vt 1.174571 1.891987
vt 1.233780 1.891987
vt 1.352198 1.951196
vt 1.292989 1.891987
vt 1.352198 1.891987
vt 1.470616 1.951196
vt 1.411407 1.891987
vt 1.470616 1.891987
vt 1.589035 1.951196
vt 1.529825 1.891987
vt 1.589035 1.891987
vt 1.707452 1.951196
vt 1.648243 1.891987
vt 1.707452 1.891987
vt 1.825871 1.951196
vt 1.766662 1.891987
vt 1.825871 1.891987
vt 1.944288 1.951196
vt 1.885080 1.891987
vt 1.944288 1.891987
vt 2.062707 1.951196
vt 2.003498 1.891987
vt 2.062707 1.891987
vt 2.181125 1.951196
vt 2.121916 1.891987
vt 2.181125 1.891987
vt 2.299543 1.951196
vt 2.240334 1.891987
vt 2.299543 1.891987
vt 2.299543 1.714359
vt 2.240334 1.655151
vt 2.299543 1.655151
vt 2.181125 1.714359
vt 2.121916 1.655151
vt 2.181125 1.655151
vt 2.062707 1.714359
vt 2.003498 1.655151
vt 2.062707 1.655151
vt 1.944288 1.714359
vt 1.885080 1.655150
vt 1.944288 1.655151
vt 1.825871 1.714359
vt 1.766662 1.655151
vt 1.825871 1.655151
vt 1.707452 1.714359
vt 1.648243 1.655151
vt 1.707452 1.655151
vt 1.589035 1.714359
vt 1.529825 1.655151
vt 1.589035 1.655151
vt 1.470616 1.714359
vt 1.411407 1.655151
vt 1.470616 1.655151
vt 1.352198 1.714359
vt 1.292989 1.655151
vt 1.352198 1.655151
vt 1.233780 1.714359
vt 1.174571 1.655151
vt 1.233780 1.655151
vt 1.115362 1.714359
vt 1.056153 1.655151
vt 1.115362 1.655151
vt 0.996944 1.655150
vt 0.937735 1.714358
vt 0.937735 1.655150
vt 0.878526 1.714359
vt 0.819317 1.655151
vt 0.878526 1.655150
vt 0.760108 1.714359
vt 0.700899 1.655151
vt 0.760108 1.655151
vt 0.641690 1.714359
vt 0.582480 1.655151
vt 0.641690 1.655151
vt 0.523271 1.714359
vt 0.464062 1.655151
vt 0.523271 1.655151
vt 0.404853 1.714359
vt 0.345644 1.655151
vt 0.404853 1.655151
vt 0.286435 1.714359
vt 0.227226 1.655151
vt 0.286435 1.655151
vt 0.168017 1.714359
vt 0.108808 1.655150
vt 0.168017 1.655150
vt 0.049599 1.714359
vt -0.009610 1.655151
vt 0.049599 1.655150
vt -0.068819 1.714359
vt -0.128028 1.655151
vt -0.068819 1.655151
vt -0.187237 1.714359
vt -0.246446 1.655151
vt -0.187237 1.655151
vt -0.305656 1.714359
vt -0.364865 1.655151
vt -0.305656 1.655151
vt -0.424074 1.714359
vt -0.483283 1.655151
vt -0.424074 1.655151
vt -0.542492 1.714359
vt -0.601701 1.655151
vt -0.542492 1.655151
vt -0.660910 1.714359
vt -0.720119 1.655151
vt -0.660910 1.655151
vt -0.779328 1.714359
vt -0.838537 1.655151
vt -0.779328 1.655151
vt -0.897746 1.714359
vt -0.956955 1.655151
vt -0.897746 1.655151
vt -1.016164 1.714359
vt -1.075373 1.655150
vt -1.016164 1.655150
vt -1.134582 1.714359
vt -1.193791 1.655151
vt -1.134582 1.655150
vt -1.253000 1.714359
vt -1.312209 1.655151
vt -1.253000 1.655151
vt -1.371418 1.714359
vt -1.430628 1.655151
vt -1.371418 1.655151
vt -1.371418 1.595941
vt -1.430628 1.536732
vt -1.371418 1.536732
vt -1.253000 1.595941
vt -1.312209 1.536732
vt -1.253000 1.536732
vt -1.134582 1.595941
vt -1.193791 1.536732
vt -1.134582 1.536731
vt -1.016164 1.595941
vt -1.075373 1.536731
vt -1.016164 1.536731
vt -0.897746 1.595941
vt -0.956955 1.536732
vt -0.897746 1.536732
vt -0.779328 1.595941
vt -0.838537 1.536732
vt -0.779328 1.536732
vt -0.660910 1.595941
vt -0.720119 1.536732
vt -0.660910 1.536732
vt -0.542492 1.595941
vt -0.601701 1.536732
vt -0.542492 1.536732
vt -0.424074 1.595941
vt -0.483283 1.536732
vt -0.424074 1.536732
vt -0.305656 1.595941
vt -0.364865 1.536732
vt -0.305656 1.536732
vt -0.187237 1.595941
vt -0.246446 1.536732
vt -0.187237 1.536732
vt -0.068819 1.595941
vt -0.128028 1.536732
vt -0.068819 1.536732
vt 0.049599 1.595941
vt -0.009610 1.536732
vt 0.049599 1.536732
vt 0.168017 1.595941
vt 0.108808 1.536731
vt 0.168017 1.536732
vt 0.286435 1.595941
vt 0.227226 1.536732
vt 0.286435 1.536732
vt 0.404853 1.595941
vt 0.345644 1.536732
vt 0.404853 1.536732
vt 0.523271 1.595941
vt 0.464062 1.536732
vt 0.523271 1.536732
vt 0.641690 1.595941
vt 0.582480 1.536732
vt 0.641690 1.536732
vt 0.760108 1.595941
vt 0.700899 1.536732
vt 0.760108 1.536732
vt 0.878526 1.536732
vt 0.819317 1.595941
vt 0.819317 1.536732
vt 0.996944 1.536732
vt 0.937735 1.595941
vt 0.937735 1.536731
vt 1.115362 1.595941
vt 1.056153 1.536732
vt 1.115362 1.536732
vt 1.233780 1.595941
vt 1.174571 1.536732
vt 1.233780 1.536732
vt 1.352198 1.595941
vt 1.292989 1.536732
vt 1.352198 1.536732
vt 1.470616 1.595941
vt 1.411407 1.536732
vt 1.470616 1.536732
vt 1.589035 1.595941
vt 1.529825 1.536732
vt 1.589035 1.536732
vt 1.707452 1.595941
vt 1.648243 1.536732
vt 1.707452 1.536732
vt 1.825871 1.595941
vt 1.766662 1.536732
vt 1.825871 1.536732
vt 1.944288 1.595941
vt 1.885080 1.536732
vt 1.944288 1.536732
vt 2.062707 1.595941
vt 2.003498 1.536732
vt 2.062707 1.536732
vt 2.181125 1.595941
vt 2.121916 1.536732
vt 2.181125 1.536732
vt 2.299543 1.595941
vt 2.240334 1.536732
vt 2.299543 1.536732
vt 2.299543 1.832777
vt 2.240334 1.773569
vt 2.299543 1.773569
vt 2.181125 1.832777
vt 2.121916 1.773569
vt 2.181125 1.773569
vt 2.062707 1.832777
vt 2.003498 1.773569
vt 2.062707 1.773569
vt 1.944288 1.832777
vt 1.885080 1.773568
vt 1.944288 1.773568
vt 1.825871 1.832777
vt 1.766662 1.773569
vt 1.825871 1.773569
vt 1.707452 1.832777
vt 1.648243 1.773569
vt 1.707452 1.773569
vt 1.589035 1.832777
vt 1.529825 1.773569
vt 1.589035 1.773569
vt 1.470616 1.832777
vt 1.411407 1.773569
vt 1.470616 1.773569
vt 1.352198 1.832777
vt 1.292989 1.773569
vt 1.352198 1.773569
vt 1.233780 1.832777
vt 1.174571 1.773569
vt 1.233780 1.773569
vt 1.115362 1.832777
vt 1.056153 1.773569
vt 1.115362 1.773569
vt 0.996944 1.832777
vt 0.937735 1.773568
vt 0.996944 1.773568
vt 0.878526 1.832777
vt 0.819317 1.773569
vt 0.878526 1.773568
vt 0.760108 1.832777
vt 0.700899 1.773569
vt 0.760108 1.773569
vt 0.641690 1.832777
vt 0.582480 1.773569
vt 0.641690 1.773569
vt 0.523271 1.832777
vt 0.464062 1.773569
vt 0.523271 1.773569
vt 0.404853 1.832777
vt 0.345644 1.773569
vt 0.404853 1.773569
vt 0.286435 1.832777
vt 0.227226 1.773569
vt 0.286435 1.773569
vt 0.168017 1.832777
vt 0.108808 1.773568
vt 0.168017 1.773569
vt 0.049599 1.832777
vt -0.009610 1.773569
vt 0.049599 1.773569
vt -0.068819 1.832777
vt -0.128028 1.773569
vt -0.068819 1.773569
vt -0.187237 1.832777
vt -0.246446 1.773569
vt -0.187237 1.773569
vt -0.305656 1.832777
vt -0.364865 1.773569
vt -0.305656 1.773569
vt -0.424074 1.832777
vt -0.483283 1.773569
vt -0.424074 1.773569
vt -0.542492 1.832777
vt -0.601701 1.773569
vt -0.542492 1.773569
vt -0.660910 1.832777
vt -0.720119 1.773569
vt -0.660910 1.773569
vt -0.779328 1.832777
vt -0.838537 1.773569
vt -0.779328 1.773569
vt -0.897746 1.832777
vt -0.956955 1.773569
vt -0.897746 1.773569
vt -1.016164 1.832777
vt -1.075373 1.773568
vt -1.016164 1.773568
vt -1.134582 1.832777
vt -1.193791 1.773569
vt -1.134582 1.773568
vt -1.253000 1.832777
vt -1.312209 1.773569
vt -1.253000 1.773569
vt -1.371418 1.832777
vt -1.430628 1.773569
vt -1.371418 1.773569
vt -1.371418 2.188032
vt -1.430628 2.128823
vt -1.371418 2.128823
vt -1.253000 2.188032
vt -1.312209 2.128823
vt -1.253000 2.128823
vt -1.134582 2.188032
vt -1.193791 2.128823
vt -1.134582 2.128823
vt -1.016164 2.188032
vt -1.075373 2.128823
vt -1.016164 2.128823
vt -0.897746 2.188032
vt -0.956955 2.128823
vt -0.897746 2.128823
vt -0.779328 2.188032
vt -0.838537 2.128823
vt -0.779328 2.128823
vt -0.660910 2.188032
vt -0.720119 2.128823
vt -0.660910 2.128823
vt -0.542492 2.188032
vt -0.601701 2.128823
vt -0.542492 2.128823
vt -0.424074 2.188032
vt -0.483283 2.128823
vt -0.424074 2.128823
vt -0.305656 2.188032
vt -0.364865 2.128823
vt -0.305656 2.128823
vt -0.187237 2.188032
vt -0.246446 2.128823
vt -0.187237 2.128823
vt -0.068819 2.188032
vt -0.128028 2.128823
vt -0.068819 2.128823
vt 0.049599 2.188032
vt -0.009610 2.128823
vt 0.049599 2.128823
vt 0.168017 2.128823
vt 0.108808 2.188032
vt 0.108808 2.128823
vt 0.286435 2.188032
vt 0.227226 2.128823
vt 0.286435 2.128823
vt 0.404853 2.188032
vt 0.345644 2.128823
vt 0.404853 2.128823
vt 0.523271 2.188032
vt 0.464062 2.128823
vt 0.523271 2.128823
vt 0.641690 2.188032
vt 0.582480 2.128823
vt 0.641690 2.128823
vt 0.760108 2.188032
vt 0.700899 2.128823
vt 0.760108 2.128823
vt 0.878526 2.188032
vt 0.819317 2.128823
vt 0.878526 2.128823
vt 0.996944 2.128823
vt 0.937734 2.188032
vt 0.937734 2.128823
vt 1.115362 2.188032
vt 1.056153 2.128823
vt 1.115362 2.128823
vt 1.233780 2.188032
vt 1.174571 2.128823
vt 1.233780 2.128823
vt 1.352198 2.188032
vt 1.292989 2.128823
vt 1.352198 2.128823
vt 1.470616 2.188032
vt 1.411407 2.128823
vt 1.470616 2.128823
vt 1.589035 2.188032
vt 1.529825 2.128823
vt 1.589035 2.128823
vt 1.707452 2.188032
vt 1.648243 2.128823
vt 1.707452 2.128823
vt 1.825871 2.188032
vt 1.766662 2.128823
vt 1.825871 2.128823
vt 1.944288 2.188032
vt 1.885080 2.128823
vt 1.944288 2.128823
vt 2.062707 2.188032
vt 2.003498 2.128823
vt 2.062707 2.128823
vt 2.181125 2.188032
vt 2.121916 2.128823
vt 2.181125 2.128823
vt 2.299543 2.188032
vt 2.240334 2.128823
vt 2.299543 2.128823
vt -1.371418 2.306450
vt -1.430628 2.247241
vt -1.371418 2.247241
vt -1.253000 2.306450
vt -1.312209 2.247241
vt -1.253000 2.247241
vt -1.134582 2.306450
vt -1.193791 2.247241
vt -1.134582 2.247241
vt -1.016164 2.306450
vt -1.075373 2.247241
vt -1.016164 2.247241
vt -0.897746 2.306450
vt -0.956955 2.247241
vt -0.897746 2.247241
vt -0.779328 2.306450
vt -0.838537 2.247241
vt -0.779328 2.247241
vt -0.660910 2.306450
vt -0.720119 2.247241
vt -0.660910 2.247241
vt -0.542492 2.306450
vt -0.601701 2.247241
vt -0.542492 2.247241
vt -0.424074 2.306450
vt -0.483283 2.247241
vt -0.424074 2.247241
vt -0.305656 2.306450
vt -0.364865 2.247241
vt -0.305656 2.247241
vt -0.187237 2.306450
vt -0.246446 2.247241
vt -0.187237 2.247241
vt -0.068819 2.306450
vt -0.128028 2.247241
vt -0.068819 2.247241
vt 0.049599 2.306450
vt -0.009610 2.247241
vt 0.049599 2.247241
vt 0.168017 2.306450
vt 0.108808 2.247241
vt 0.168017 2.247241
vt 0.286435 2.306450
vt 0.227226 2.247241
vt 0.286435 2.247241
vt 0.404853 2.306450
vt 0.345644 2.247241
vt 0.404853 2.247241
vt 0.523271 2.306450
vt 0.464062 2.247241
vt 0.523271 2.247241
vt 0.641690 2.306450
vt 0.582480 2.247241
vt 0.641690 2.247241
vt 0.760108 2.306450
vt 0.700899 2.247241
vt 0.760108 2.247241
vt 0.878526 2.306449
vt 0.819317 2.247241
vt 0.878526 2.247241
vt 0.996944 2.306449
vt 0.937734 2.247241
vt 0.996944 2.247241
vt 1.115362 2.306450
vt 1.056153 2.247241
vt 1.115362 2.247241
vt 1.233780 2.306450
vt 1.174571 2.247241
vt 1.233780 2.247241
vt 1.352198 2.306450
vt 1.292989 2.247241
vt 1.352198 2.247241
vt 1.470616 2.306450
vt 1.411407 2.247241
vt 1.470616 2.247241
vt 1.589035 2.306450
vt 1.529825 2.247241
vt 1.589035 2.247241
vt 1.707452 2.306450
vt 1.648243 2.247241
vt 1.707452 2.247241
vt 1.825871 2.306450
vt 1.766662 2.247241
vt 1.825871 2.247241
vt 1.944288 2.306450
vt 1.885080 2.247241
vt 1.944288 2.247241
vt 2.062707 2.306450
vt 2.003498 2.247241
vt 2.062707 2.247241
vt 2.181125 2.306450
vt 2.121916 2.247241
vt 2.181125 2.247241
vt 2.299543 2.306450
vt 2.240334 2.247241
vt 2.299543 2.247241
vt 2.299543 2.069614
vt 2.240334 2.010405
vt 2.299543 2.010405
vt 2.181125 2.069614
vt 2.121916 2.010405
vt 2.181125 2.010405
vt 2.062707 2.069614
vt 2.003498 2.010405
vt 2.062707 2.010405
vt 1.944288 2.069614
vt 1.885080 2.010405
vt 1.944288 2.010405
vt 1.825871 2.069614
vt 1.766662 2.010405
vt 1.825871 2.010405
vt 1.707452 2.069614
vt 1.648243 2.010405
vt 1.707452 2.010405
vt 1.589035 2.069614
vt 1.529825 2.010405
vt 1.589035 2.010405
vt 1.470616 2.069614
vt 1.411407 2.010405
vt 1.470616 2.010405
vt 1.352198 2.069614
vt 1.292989 2.010405
vt 1.352198 2.010405
vt 1.233780 2.069614
vt 1.174571 2.010405
vt 1.233780 2.010405
vt 1.115362 2.069614
vt 1.056153 2.010405
vt 1.115362 2.010405
vt 0.996944 2.069614
vt 0.937735 2.010404
vt 0.996944 2.010405
vt 0.878526 2.069614
vt 0.819317 2.010405
vt 0.878526 2.010405
vt 0.760108 2.069614
vt 0.700899 2.010405
vt 0.760108 2.010405
vt 0.641690 2.069614
vt 0.582480 2.010405
vt 0.641690 2.010405
vt 0.523271 2.069614
vt 0.464062 2.010405
vt 0.523271 2.010405
vt 0.404853 2.069614
vt 0.345644 2.010405
vt 0.404853 2.010405
vt 0.286435 2.069614
vt 0.227226 2.010405
vt 0.286435 2.010405
vt 0.168017 2.069614
vt 0.108808 2.010404
vt 0.168017 2.010405
vt 0.049599 2.069614
vt -0.009610 2.010405
vt 0.049599 2.010405
vt -0.068819 2.069614
vt -0.128028 2.010405
vt -0.068819 2.010405
vt -0.187237 2.069614
vt -0.246446 2.010405
vt -0.187237 2.010405
vt -0.305656 2.069614
vt -0.364865 2.010405
vt -0.305656 2.010405
vt -0.424074 2.069614
vt -0.483283 2.010405
vt -0.424074 2.010405
vt -0.542492 2.069614
vt -0.601701 2.010405
vt -0.542492 2.010405
vt -0.660910 2.069614
vt -0.720119 2.010405
vt -0.660910 2.010405
vt -0.779328 2.069614
vt -0.838537 2.010405
vt -0.779328 2.010405
vt -0.897746 2.069614
vt -0.956955 2.010405
vt -0.897746 2.010405
vt -1.016164 2.069614
vt -1.075373 2.010405
vt -1.016164 2.010405
vt -1.134582 2.069614
vt -1.193791 2.010405
vt -1.134582 2.010405
vt -1.253000 2.069614
vt -1.312209 2.010405
vt -1.253000 2.010405
vt -1.371418 2.069614
vt -1.430628 2.010405
vt -1.371418 2.010405
vt 2.299543 1.003851
vt 2.240334 0.944642
vt 2.299543 0.944642
vt 2.181125 1.003851
vt 2.121916 0.944642
vt 2.181125 0.944642
vt 2.062707 1.003851
vt 2.003498 0.944642
vt 2.062707 0.944642
vt 1.944288 1.003851
vt 1.885080 0.944641
vt 1.944288 0.944642
vt 1.825871 1.003851
vt 1.766662 0.944642
vt 1.825871 0.944642
vt 1.707452 1.003851
vt 1.648243 0.944642
vt 1.707452 0.944642
vt 1.589035 1.003851
vt 1.529825 0.944642
vt 1.589035 0.944642
vt 1.470616 1.003851
vt 1.411407 0.944642
vt 1.470616 0.944642
vt 1.352198 1.003851
vt 1.292989 0.944642
vt 1.352198 0.944642
vt 1.233780 1.003851
vt 1.174571 0.944642
vt 1.233780 0.944642
vt 1.115362 1.003851
vt 1.056153 0.944642
vt 1.115362 0.944642
vt 0.996944 0.944642
vt 0.937735 1.003850
vt 0.937735 0.944641
vt 0.878526 1.003851
vt 0.819317 0.944642
vt 0.878526 0.944642
vt 0.760108 1.003851
vt 0.700899 0.944642
vt 0.760108 0.944642
vt 0.641690 1.003851
vt 0.582480 0.944642
vt 0.641690 0.944642
vt 0.523271 1.003851
vt 0.464062 0.944642
vt 0.523271 0.944642
vt 0.404853 1.003851
vt 0.345644 0.944642
vt 0.404853 0.944642
vt 0.286435 1.003851
vt 0.227226 0.944642
vt 0.286435 0.944642
vt 0.168017 1.003850
vt 0.108808 0.944641
vt 0.168017 0.944641
vt 0.049599 1.003850
vt -0.009610 0.944642
vt 0.049599 0.944641
vt -0.068819 1.003851
vt -0.128028 0.944642
vt -0.068819 0.944642
vt -0.187237 1.003851
vt -0.246446 0.944642
vt -0.187237 0.944642
vt -0.305656 1.003851
vt -0.364865 0.944642
vt -0.305656 0.944642
vt -0.424074 1.003851
vt -0.483283 0.944642
vt -0.424074 0.944642
vt -0.542492 1.003851
vt -0.601701 0.944642
vt -0.542492 0.944642
vt -0.660910 1.003851
vt -0.720119 0.944642
vt -0.660910 0.944642
vt -0.779328 1.003851
vt -0.838537 0.944642
vt -0.779328 0.944642
vt -0.897746 1.003851
vt -0.956955 0.944642
vt -0.897746 0.944642
vt -1.016164 1.003851
vt -1.075373 0.944642
vt -1.016164 0.944642
vt -1.134582 1.003851
vt -1.193791 0.944642
vt -1.134582 0.944642
vt -1.253000 1.003851
vt -1.312209 0.944642
vt -1.253000 0.944642
vt -1.371418 1.003851
vt -1.430628 0.944642
vt -1.371418 0.944642
vt 2.299543 1.240687
vt 2.240334 1.181478
vt 2.299543 1.181478
vt 2.181125 1.240687
vt 2.121916 1.181478
vt 2.181125 1.181478
vt 2.062707 1.240687
vt 2.003498 1.181478
vt 2.062707 1.181478
vt 1.944288 1.240687
vt 1.885080 1.181477
vt 1.944288 1.181478
vt 1.825871 1.240687
vt 1.766662 1.181478
vt 1.825871 1.181478
vt 1.707452 1.240687
vt 1.648243 1.181478
vt 1.707452 1.181478
vt 1.589035 1.240687
vt 1.529825 1.181478
vt 1.589035 1.181478
vt 1.470616 1.240687
vt 1.411407 1.181478
vt 1.470616 1.181478
vt 1.352198 1.240687
vt 1.292989 1.181478
vt 1.352198 1.181478
vt 1.233780 1.240687
vt 1.174571 1.181478
vt 1.233780 1.181478
vt 1.115362 1.240687
vt 1.056153 1.181478
vt 1.115362 1.181478
vt 0.996944 1.181478
vt 0.937735 1.240687
vt 0.937735 1.181478
vt 0.878526 1.240687
vt 0.819317 1.181478
vt 0.878526 1.181478
vt 0.760108 1.240687
vt 0.700899 1.181478
vt 0.760108 1.181478
vt 0.641690 1.240687
vt 0.582480 1.181478
vt 0.641690 1.181478
vt 0.523271 1.240687
vt 0.464062 1.181478
vt 0.523271 1.181478
vt 0.404853 1.240687
vt 0.345644 1.181478
vt 0.404853 1.181478
vt 0.286435 1.240687
vt 0.227226 1.181478
vt 0.286435 1.181478
vt 0.168017 1.181478
vt 0.108807 1.240686
vt 0.108807 1.181477
vt 0.049599 1.181478
vt -0.009610 1.240687
vt -0.009610 1.181478
vt -0.068819 1.240687
vt -0.128028 1.181478
vt -0.068819 1.181478
vt -0.187237 1.240687
vt -0.246446 1.181478
vt -0.187237 1.181478
vt -0.305656 1.240687
vt -0.364865 1.181478
vt -0.305656 1.181478
vt -0.424074 1.240687
vt -0.483283 1.181478
vt -0.424074 1.181478
vt -0.542492 1.240687
vt -0.601701 1.181478
vt -0.542492 1.181478
vt -0.660910 1.240687
vt -0.720119 1.181478
vt -0.660910 1.181478
vt -0.779328 1.240687
vt -0.838537 1.181478
vt -0.779328 1.181478
vt -0.897746 1.240687
vt -0.956955 1.181478
vt -0.897746 1.181478
vt -1.016164 1.240687
vt -1.075373 1.181477
vt -1.016164 1.181477
vt -1.134582 1.240687
vt -1.193791 1.181478
vt -1.134582 1.181477
vt -1.253000 1.240687
vt -1.312209 1.181478
vt -1.253000 1.181478
vt -1.371418 1.240687
vt -1.430628 1.181478
vt -1.371418 1.181478
vt 2.299543 1.359105
vt 2.240334 1.299896
vt 2.299543 1.299896
vt 2.181125 1.359105
vt 2.121916 1.299896
vt 2.181125 1.299896
vt 2.062707 1.359105
vt 2.003498 1.299896
vt 2.062707 1.299896
vt 1.944288 1.359105
vt 1.885080 1.299895
vt 1.944288 1.299896
vt 1.825870 1.359105
vt 1.766662 1.299896
vt 1.825871 1.299896
vt 1.707452 1.359105
vt 1.648243 1.299896
vt 1.707452 1.299896
vt 1.589035 1.359105
vt 1.529825 1.299896
vt 1.589035 1.299896
vt 1.470616 1.359105
vt 1.411407 1.299896
vt 1.470616 1.299896
vt 1.352198 1.359105
vt 1.292989 1.299896
vt 1.352198 1.299896
vt 1.233780 1.359105
vt 1.174571 1.299896
vt 1.233780 1.299896
vt 1.115362 1.359105
vt 1.056153 1.299896
vt 1.115362 1.299896
vt 0.996944 1.299896
vt 0.937735 1.359105
vt 0.937735 1.299895
vt 0.878526 1.299896
vt 0.819317 1.359105
vt 0.819317 1.299896
vt 0.760108 1.359105
vt 0.700899 1.299896
vt 0.760108 1.299896
vt 0.641690 1.359105
vt 0.582480 1.299896
vt 0.641690 1.299896
vt 0.523271 1.359105
vt 0.464062 1.299896
vt 0.523271 1.299896
vt 0.404853 1.359105
vt 0.345644 1.299896
vt 0.404853 1.299896
vt 0.286435 1.359105
vt 0.227226 1.299896
vt 0.286435 1.299896
vt 0.168017 1.359105
vt 0.108807 1.299895
vt 0.168017 1.299896
vt 0.049599 1.359105
vt -0.009610 1.299896
vt 0.049599 1.299896
vt -0.068819 1.359105
vt -0.128028 1.299896
vt -0.068819 1.299896
vt -0.187237 1.359105
vt -0.246446 1.299896
vt -0.187237 1.299896
vt -0.305656 1.359105
vt -0.364865 1.299896
vt -0.305656 1.299896
vt -0.424074 1.359105
vt -0.483283 1.299896
vt -0.424074 1.299896
vt -0.542492 1.359105
vt -0.601701 1.299896
vt -0.542492 1.299896
vt -0.660910 1.359105
vt -0.720119 1.299896
vt -0.660910 1.299896
vt -0.779328 1.359105
vt -0.838537 1.299896
vt -0.779328 1.299896
vt -0.897746 1.359105
vt -0.956955 1.299896
vt -0.897746 1.299896
vt -1.016164 1.359105
vt -1.075373 1.299895
vt -1.016164 1.299895
vt -1.134582 1.359105
vt -1.193791 1.299896
vt -1.134582 1.299895
vt -1.253000 1.359105
vt -1.312209 1.299896
vt -1.253000 1.299896
vt -1.371418 1.359105
vt -1.430628 1.299896
vt -1.371418 1.299896
vt -1.371418 1.122269
vt -1.430628 1.063060
vt -1.371418 1.063060
vt -1.253000 1.122269
vt -1.312209 1.063060
vt -1.253000 1.063060
vt -1.134582 1.122269
vt -1.193791 1.063060
vt -1.134582 1.063060
vt -1.016164 1.122269
vt -1.075373 1.063059
vt -1.016164 1.063060
vt -0.897746 1.122269
vt -0.956955 1.063060
vt -0.897746 1.063060
vt -0.779328 1.122269
vt -0.838537 1.063060
vt -0.779328 1.063060
vt -0.660910 1.122269
vt -0.720119 1.063060
vt -0.660910 1.063060
vt -0.542492 1.122269
vt -0.601701 1.063060
vt -0.542492 1.063060
vt -0.424074 1.122269
vt -0.483283 1.063060
vt -0.424074 1.063060
vt -0.305656 1.122269
vt -0.364865 1.063060
vt -0.305656 1.063060
vt -0.187237 1.122269
vt -0.246446 1.063060
vt -0.187237 1.063060
vt -0.068819 1.122269
vt -0.128028 1.063060
vt -0.068819 1.063060
vt 0.049599 1.122269
vt -0.009610 1.063060
vt 0.049599 1.063060
vt 0.168017 1.122269
vt 0.108808 1.063059
vt 0.168017 1.063060
vt 0.286435 1.122269
vt 0.227226 1.063060
vt 0.286435 1.063060
vt 0.404853 1.122269
vt 0.345644 1.063060
vt 0.404853 1.063060
vt 0.523271 1.122269
vt 0.464062 1.063060
vt 0.523271 1.063060
vt 0.641690 1.122269
vt 0.582480 1.063060
vt 0.641690 1.063060
vt 0.760108 1.122269
vt 0.700899 1.063060
vt 0.760108 1.063060
vt 0.878526 1.063060
vt 0.819317 1.122269
vt 0.819317 1.063060
vt 0.996944 1.122269
vt 0.937735 1.063060
vt 0.996944 1.063060
vt 1.115362 1.122269
vt 1.056153 1.063060
vt 1.115362 1.063060
vt 1.233780 1.122269
vt 1.174571 1.063060
vt 1.233780 1.063060
vt 1.352198 1.122269
vt 1.292989 1.063060
vt 1.352198 1.063060
vt 1.470616 1.122269
vt 1.411407 1.063060
vt 1.470616 1.063060
vt 1.589035 1.122269
vt 1.529825 1.063060
vt 1.589035 1.063060
vt 1.707452 1.122269
vt 1.648243 1.063060
vt 1.707452 1.063060
vt 1.825871 1.122269
vt 1.766662 1.063060
vt 1.825871 1.063060
vt 1.944288 1.122269
vt 1.885080 1.063060
vt 1.944288 1.063060
vt 2.062707 1.122269
vt 2.003498 1.063060
vt 2.062707 1.063060
vt 2.181125 1.122269
vt 2.121916 1.063060
vt 2.181125 1.063060
vt 2.299543 1.122269
vt 2.240334 1.063060
vt 2.299543 1.063060
vt -1.371418 0.767014
vt -1.430628 0.707805
vt -1.371418 0.707805
vt -1.253000 0.767014
vt -1.312209 0.707805
vt -1.253000 0.707805
vt -1.134582 0.767014
vt -1.193791 0.707805
vt -1.134582 0.707805
vt -1.016164 0.767014
vt -1.075373 0.707805
vt -1.016164 0.707805
vt -0.897746 0.767014
vt -0.956955 0.707805
vt -0.897746 0.707805
vt -0.779328 0.767014
vt -0.838537 0.707805
vt -0.779328 0.707805
vt -0.660910 0.767014
vt -0.720119 0.707805
vt -0.660910 0.707805
vt -0.542492 0.767014
vt -0.601701 0.707805
vt -0.542492 0.707805
vt -0.424074 0.767014
vt -0.483283 0.707805
vt -0.424074 0.707805
vt -0.305656 0.767014
vt -0.364865 0.707805
vt -0.305656 0.707805
vt -0.187237 0.767014
vt -0.246446 0.707805
vt -0.187237 0.707805
vt -0.068819 0.767014
vt -0.128028 0.707805
vt -0.068819 0.707805
vt 0.049599 0.767014
vt -0.009610 0.707805
vt 0.049599 0.707805
vt 0.168017 0.767014
vt 0.108808 0.707805
vt 0.168017 0.707805
vt 0.286435 0.767014
vt 0.227226 0.707805
vt 0.286435 0.707805
vt 0.404853 0.767014
vt 0.345644 0.707805
vt 0.404853 0.707805
vt 0.523271 0.767014
vt 0.464062 0.707805
vt 0.523271 0.707805
vt 0.641690 0.767014
vt 0.582480 0.707805
vt 0.641690 0.707805
vt 0.760108 0.767014
vt 0.700899 0.707805
vt 0.760108 0.707805
vt 0.878526 0.767014
vt 0.819317 0.707805
vt 0.878526 0.707805
vt 0.996944 0.767014
vt 0.937735 0.707805
vt 0.996944 0.707805
vt 1.115362 0.767014
vt 1.056153 0.707805
vt 1.115362 0.707805
vt 1.233780 0.767014
vt 1.174571 0.707805
vt 1.233780 0.707805
vt 1.352198 0.767014
vt 1.292989 0.707805
vt 1.352198 0.707805
vt 1.470616 0.767014
vt 1.411407 0.707805
vt 1.470616 0.707805
vt 1.589035 0.767014
vt 1.529825 0.707805
vt 1.589035 0.707805
vt 1.707452 0.767014
vt 1.648243 0.707805
vt 1.707452 0.707805
vt 1.825871 0.767014
vt 1.766662 0.707805
vt 1.825870 0.707805
vt 1.944288 0.767014
vt 1.885080 0.707805
vt 1.944288 0.707805
vt 2.062707 0.767014
vt 2.003498 0.707805
vt 2.062707 0.707805
vt 2.181125 0.767014
vt 2.121916 0.707805
vt 2.181125 0.707805
vt 2.299543 0.767014
vt 2.240334 0.707805
vt 2.299543 0.707805
vt -1.371418 0.885432
vt -1.430628 0.826223
vt -1.371418 0.826223
vt -1.253000 0.885432
vt -1.312209 0.826223
vt -1.253000 0.826223
vt -1.134582 0.885432
vt -1.193791 0.826223
vt -1.134582 0.826223
vt -1.016164 0.885432
vt -1.075373 0.826223
vt -1.016164 0.826223
vt -0.897746 0.885432
vt -0.956955 0.826223
vt -0.897746 0.826223
vt -0.779328 0.885432
vt -0.838537 0.826223
vt -0.779328 0.826223
vt -0.660910 0.885432
vt -0.720119 0.826223
vt -0.660910 0.826223
vt -0.542492 0.885432
vt -0.601701 0.826223
vt -0.542492 0.826223
vt -0.424074 0.885432
vt -0.483283 0.826223
vt -0.424074 0.826223
vt -0.305656 0.885432
vt -0.364865 0.826223
vt -0.305656 0.826223
vt -0.187237 0.885432
vt -0.246446 0.826223
vt -0.187237 0.826223
vt -0.068819 0.885432
vt -0.128028 0.826223
vt -0.068819 0.826223
vt 0.049599 0.885432
vt -0.009610 0.826223
vt 0.049599 0.826223
vt 0.168017 0.885432
vt 0.108808 0.826223
vt 0.168017 0.826223
vt 0.286435 0.885432
vt 0.227226 0.826223
vt 0.286435 0.826223
vt 0.404853 0.885432
vt 0.345644 0.826223
vt 0.404853 0.826223
vt 0.523271 0.885432
vt 0.464062 0.826223
vt 0.523271 0.826223
vt 0.641690 0.885432
vt 0.582480 0.826223
vt 0.641690 0.826223
vt 0.760108 0.885432
vt 0.700899 0.826223
vt 0.760108 0.826223
vt 0.878526 0.885432
vt 0.819317 0.826223
vt 0.878526 0.826223
vt 0.996944 0.826223
vt 0.937735 0.885432
vt 0.937735 0.826223
vt 1.115362 0.885432
vt 1.056153 0.826223
vt 1.115362 0.826223
vt 1.233780 0.885432
vt 1.174571 0.826223
vt 1.233780 0.826223
vt 1.352198 0.885432
vt 1.292989 0.826223
vt 1.352198 0.826223
vt 1.470616 0.885432
vt 1.411407 0.826223
vt 1.470616 0.826223
vt 1.589035 0.885432
vt 1.529825 0.826223
vt 1.589035 0.826223
vt 1.707452 0.885432
vt 1.648243 0.826223
vt 1.707452 0.826223
vt 1.825871 0.885432
vt 1.766662 0.826223
vt 1.825871 0.826223
vt 1.944288 0.885432
vt 1.885080 0.826223
vt 1.944288 0.826223
vt 2.062707 0.885432
vt 2.003498 0.826223
vt 2.062707 0.826223
vt 2.181125 0.885432
vt 2.121916 0.826223
vt 2.181125 0.826223
vt 2.299543 0.885432
vt 2.240334 0.826223
vt 2.299543 0.826223
vt 2.299543 0.648596
vt 2.240334 0.589387
vt 2.299543 0.589387
vt 2.181125 0.648596
vt 2.121916 0.589387
vt 2.181125 0.589387
vt 2.062707 0.648596
vt 2.003498 0.589387
vt 2.062707 0.589387
vt 1.944288 0.648596
vt 1.885080 0.589387
vt 1.944288 0.589387
vt 1.825870 0.648596
vt 1.766662 0.589387
vt 1.825871 0.589387
vt 1.707452 0.648596
vt 1.648243 0.589387
vt 1.707452 0.589387
vt 1.589035 0.648596
vt 1.529825 0.589387
vt 1.589035 0.589387
vt 1.470616 0.648596
vt 1.411407 0.589387
vt 1.470616 0.589387
vt 1.352198 0.648596
vt 1.292989 0.589387
vt 1.352198 0.589387
vt 1.233780 0.648596
vt 1.174571 0.589387
vt 1.233780 0.589387
vt 1.115362 0.648596
vt 1.056153 0.589387
vt 1.115362 0.589387
vt 0.996944 0.589387
vt 0.937735 0.648596
vt 0.937735 0.589387
vt 0.878526 0.648596
vt 0.819317 0.589387
vt 0.878526 0.589387
vt 0.760108 0.648596
vt 0.700899 0.589387
vt 0.760108 0.589387
vt 0.641690 0.648596
vt 0.582480 0.589387
vt 0.641690 0.589387
vt 0.523271 0.648596
vt 0.464062 0.589387
vt 0.523271 0.589387
vt 0.404853 0.648596
vt 0.345644 0.589387
vt 0.404853 0.589387
vt 0.286435 0.648596
vt 0.227226 0.589387
vt 0.286435 0.589387
vt 0.168017 0.648596
vt 0.108808 0.589387
vt 0.168017 0.589387
vt 0.049599 0.648596
vt -0.009610 0.589387
vt 0.049599 0.589387
vt -0.068819 0.648596
vt -0.128028 0.589387
vt -0.068819 0.589387
vt -0.187237 0.648596
vt -0.246446 0.589387
vt -0.187237 0.589387
vt -0.305656 0.648596
vt -0.364865 0.589387
vt -0.305656 0.589387
vt -0.424074 0.648596
vt -0.483283 0.589387
vt -0.424074 0.589387
vt -0.542492 0.648596
vt -0.601701 0.589387
vt -0.542492 0.589387
vt -0.660910 0.648596
vt -0.720119 0.589387
vt -0.660910 0.589387
vt -0.779328 0.648596
vt -0.838537 0.589387
vt -0.779328 0.589387
vt -0.897746 0.648596
vt -0.956955 0.589387
vt -0.897746 0.589387
vt -1.016164 0.648596
vt -1.075373 0.589387
vt -1.016164 0.589387
vt -1.134582 0.648596
vt -1.193791 0.589387
vt -1.134582 0.589387
vt -1.253000 0.648596
vt -1.312209 0.589387
vt -1.253000 0.589387
vt -1.371418 0.648596
vt -1.430628 0.589387
vt -1.371418 0.589387
vt -1.312209 1.434145
vt -1.371418 1.434145
vt -1.193791 1.434145
vt -1.253000 1.434145
vt -1.134582 1.477523
vt -1.075373 1.434145
vt -1.134582 1.434145
vt -1.016164 1.477523
vt -0.956955 1.434145
vt -1.016164 1.434145
vt -0.838537 1.434145
vt -0.897746 1.434145
vt -0.720119 1.434145
vt -0.779328 1.434145
vt -0.601701 1.434145
vt -0.660910 1.434145
vt -0.483283 1.434145
vt -0.542492 1.434145
vt -0.424074 1.477523
vt -0.364865 1.434145
vt -0.424074 1.434145
vt -0.305656 1.477523
vt -0.246446 1.434145
vt -0.305656 1.434145
vt -0.128028 1.434145
vt -0.187237 1.434145
vt -0.009610 1.434145
vt -0.068819 1.434145
vt 0.108808 1.520902
vt 0.049599 1.477523
vt 0.049599 1.520902
vt 0.227226 1.520902
vt 0.168017 1.477523
vt 0.168017 1.520902
vt 0.345644 1.520901
vt 0.286435 1.477523
vt 0.286435 1.520901
vt 0.464062 1.520902
vt 0.404853 1.477523
vt 0.404853 1.520901
vt 0.582480 1.520902
vt 0.523271 1.520902
vt 0.700899 1.520902
vt 0.641690 1.520902
vt 0.819317 1.520902
vt 0.760108 1.520902
vt 0.937735 1.520902
vt 0.878526 1.477523
vt 0.878526 1.520902
vt 1.056153 1.520902
vt 0.996944 1.477523
vt 0.996944 1.520902
vt 1.174571 1.520902
vt 1.115362 1.520902
vt 1.292989 1.520902
vt 1.233780 1.520902
vt 1.352198 1.520902
vt 1.411407 1.477523
vt 1.529825 1.520902
vt 1.470616 1.520902
vt 1.648243 1.520902
vt 1.589035 1.520902
vt 1.766662 1.520902
vt 1.707452 1.520902
vt 1.885080 1.520902
vt 1.825871 1.520902
vt 2.003498 1.434145
vt 1.944288 1.434145
vt 2.121916 1.434145
vt 2.062707 1.434145
vt 2.240334 1.434145
vt 2.181125 1.434145
vt 2.358752 1.434145
vt 2.299543 1.434145
vt 2.299543 1.130496
vt 2.358752 1.087117
vt 2.299543 1.087117
vt 2.181125 1.130496
vt 2.240334 1.087117
vt 2.181125 1.087117
vt 2.062707 1.130496
vt 2.121916 1.087117
vt 2.062707 1.087117
vt 1.944288 1.130496
vt 2.003498 1.087117
vt 1.944288 1.087117
vt -0.068819 1.130496
vt -0.009610 1.087117
vt -0.068819 1.087117
vt -0.187237 1.130496
vt -0.128028 1.087117
vt -0.187237 1.087117
vt -0.305656 1.130496
vt -0.246446 1.087117
vt -0.305656 1.087117
vt -0.424074 1.130496
vt -0.364865 1.087117
vt -0.424074 1.087117
vt -0.542492 1.130496
vt -0.483283 1.087117
vt -0.542492 1.087117
vt -0.660910 1.130496
vt -0.601701 1.087117
vt -0.660910 1.087117
vt -0.779328 1.130496
vt -0.720119 1.087117
vt -0.779328 1.087117
vt -0.897746 1.130496
vt -0.838537 1.087117
vt -0.897746 1.087117
vt -1.016164 1.130496
vt -0.956955 1.087117
vt -1.016164 1.087117
vt -1.134582 1.130496
vt -1.075373 1.087117
vt -1.134582 1.087117
vt -1.253000 1.130496
vt -1.193791 1.087117
vt -1.253000 1.087117
vt -1.371418 1.130496
vt -1.312209 1.087117
vt -1.371418 1.087117
vt 0.108808 1.173874
vt 0.049599 1.130496
vt 0.049599 1.173874
vt 0.227226 1.173874
vt 0.168017 1.130496
vt 0.168017 1.173874
vt 0.345644 1.173873
vt 0.286435 1.130495
vt 0.286435 1.173874
vt 0.464062 1.173874
vt 0.404853 1.130495
vt 0.404853 1.173874
vt 0.582480 1.173874
vt 0.523271 1.130496
vt 0.523271 1.173874
vt 0.700899 1.173874
vt 0.641690 1.130496
vt 0.641690 1.173874
vt 0.819317 1.173874
vt 0.760108 1.130496
vt 0.760108 1.173874
vt 0.937735 1.173874
vt 0.878526 1.130496
vt 0.878526 1.173874
vt 1.056153 1.173874
vt 0.996944 1.130496
vt 0.996944 1.173874
vt 1.174571 1.173874
vt 1.115362 1.130496
vt 1.115362 1.173874
vt 1.292989 1.173874
vt 1.233780 1.130496
vt 1.233780 1.173874
vt 1.411407 1.173874
vt 1.352198 1.130496
vt 1.352198 1.173874
vt 1.529825 1.173874
vt 1.470616 1.130496
vt 1.470616 1.173874
vt 1.648243 1.173874
vt 1.589035 1.130496
vt 1.589035 1.173874
vt 1.766662 1.173874
vt 1.707452 1.130496
vt 1.707452 1.173874
vt 1.885080 1.173874
vt 1.825871 1.130496
vt 1.825871 1.173874
vt 1.885080 1.347388
vt 1.825871 1.304009
vt 1.825871 1.347388
vt 1.766662 1.347388
vt 1.707452 1.304009
vt 1.707452 1.347388
vt 1.648243 1.347388
vt 1.589035 1.304009
vt 1.589035 1.347388
vt 1.529825 1.347388
vt 1.470616 1.304009
vt 1.470616 1.347388
vt 1.411407 1.347388
vt 1.352198 1.304009
vt 1.352198 1.347388
vt 1.292989 1.347388
vt 1.233780 1.304009
vt 1.233780 1.347388
vt 1.174571 1.347388
vt 1.115362 1.304009
vt 1.115362 1.347388
vt 1.056153 1.347388
vt 0.996944 1.304009
vt 0.996944 1.347388
vt 0.937735 1.347388
vt 0.878526 1.304009
vt 0.878526 1.347388
vt 0.819317 1.347388
vt 0.760108 1.304009
vt 0.760108 1.347388
vt 0.700899 1.347388
vt 0.641690 1.304009
vt 0.641690 1.347388
vt 0.582480 1.347388
vt 0.523271 1.304009
vt 0.523271 1.347388
vt 0.464062 1.347388
vt 0.404853 1.304009
vt 0.404853 1.347388
vt 0.345644 1.347387
vt 0.286435 1.304009
vt 0.286435 1.347388
vt 0.227226 1.347388
vt 0.168017 1.304009
vt 0.168017 1.347388
vt 0.108808 1.347388
vt 0.049599 1.304009
vt 0.049599 1.347388
vt 2.299543 1.304009
vt 2.358752 1.260631
vt 2.299543 1.260631
vt 2.181125 1.304009
vt 2.240334 1.260631
vt 2.181125 1.260631
vt 2.062707 1.304009
vt 2.121916 1.260631
vt 2.062707 1.260631
vt 1.944288 1.304009
vt 2.003498 1.260631
vt 1.944288 1.260631
vt -0.068819 1.304009
vt -0.009610 1.260631
vt -0.068819 1.260631
vt -0.187237 1.304009
vt -0.128028 1.260631
vt -0.187237 1.260631
vt -0.305656 1.304009
vt -0.246446 1.260631
vt -0.305656 1.260631
vt -0.424074 1.304009
vt -0.364865 1.260631
vt -0.424074 1.260631
vt -0.542492 1.304009
vt -0.483283 1.260631
vt -0.542492 1.260631
vt -0.660910 1.304009
vt -0.601701 1.260631
vt -0.660910 1.260631
vt -0.779328 1.304009
vt -0.720119 1.260631
vt -0.779328 1.260631
vt -0.897746 1.304009
vt -0.838537 1.260631
vt -0.897746 1.260631
vt -1.016164 1.304009
vt -0.956955 1.260631
vt -1.016164 1.260631
vt -1.134582 1.304009
vt -1.075373 1.260631
vt -1.134582 1.260631
vt -1.253000 1.260631
vt -1.193791 1.304009
vt -1.193791 1.260631
vt -1.371418 1.260631
vt -1.312209 1.304009
vt -1.312209 1.260631
vt 0.108808 1.434145
vt 0.049599 1.390766
vt 0.049599 1.434145
vt 0.227226 1.434145
vt 0.168017 1.390766
vt 0.168017 1.434145
vt 0.345644 1.434144
vt 0.286435 1.390766
vt 0.286435 1.434145
vt 0.464062 1.434145
vt 0.404853 1.390766
vt 0.404853 1.434145
vt 0.582480 1.434145
vt 0.523271 1.390766
vt 0.523271 1.434145
vt 0.700899 1.434145
vt 0.641690 1.390766
vt 0.641690 1.434145
vt 0.819317 1.434145
vt 0.760108 1.390766
vt 0.760108 1.434145
vt 0.937735 1.434145
vt 0.878526 1.390766
vt 0.878526 1.434145
vt 1.056153 1.434145
vt 0.996944 1.390766
vt 0.996944 1.434145
vt 1.174571 1.434145
vt 1.115362 1.390766
vt 1.115362 1.434145
vt 1.292989 1.434145
vt 1.233780 1.390766
vt 1.233780 1.434145
vt 1.411407 1.434145
vt 1.352198 1.390766
vt 1.352198 1.434145
vt 1.529825 1.434145
vt 1.470616 1.390766
vt 1.470616 1.434145
vt 1.648243 1.434145
vt 1.589035 1.390766
vt 1.589035 1.434145
vt 1.766662 1.434145
vt 1.707452 1.390766
vt 1.707452 1.434145
vt 1.885080 1.434145
vt 1.825871 1.390766
vt 1.825871 1.434145
vt 2.299543 1.390766
vt 2.358752 1.347388
vt 2.299543 1.347388
vt 2.181125 1.390766
vt 2.240334 1.347388
vt 2.181125 1.347388
vt 2.062707 1.390766
vt 2.121916 1.347388
vt 2.062707 1.347388
vt 1.944288 1.390766
vt 2.003498 1.347388
vt 1.944288 1.347388
vt -0.068819 1.390766
vt -0.009610 1.347388
vt -0.068819 1.347388
vt -0.187237 1.390766
vt -0.128028 1.347388
vt -0.187237 1.347388
vt -0.305656 1.390766
vt -0.246446 1.347388
vt -0.305656 1.347388
vt -0.424074 1.390766
vt -0.364865 1.347388
vt -0.424074 1.347388
vt -0.542492 1.390766
vt -0.483283 1.347388
vt -0.542492 1.347388
vt -0.660910 1.390766
vt -0.601701 1.347388
vt -0.660910 1.347388
vt -0.779328 1.390766
vt -0.720119 1.347388
vt -0.779328 1.347388
vt -0.897746 1.390766
vt -0.838537 1.347388
vt -0.897746 1.347388
vt -1.016164 1.390766
vt -0.956955 1.347388
vt -1.016164 1.347388
vt -1.134582 1.390766
vt -1.075373 1.347388
vt -1.134582 1.347388
vt -1.253000 1.390766
vt -1.193791 1.347388
vt -1.253000 1.347388
vt -1.371418 1.390766
vt -1.312209 1.347388
vt -1.371418 1.347388
vt 1.885080 1.867929
vt 1.825871 1.824551
vt 1.825871 1.867929
vt 1.766662 1.867929
vt 1.707452 1.824551
vt 1.707452 1.867929
vt 1.648243 1.867929
vt 1.589035 1.824551
vt 1.589035 1.867929
vt 1.529825 1.867929
vt 1.470616 1.824551
vt 1.470616 1.867929
vt 1.411407 1.867929
vt 1.352198 1.824551
vt 1.352198 1.867929
vt 1.292989 1.867929
vt 1.233780 1.824551
vt 1.233780 1.867929
vt 1.174571 1.867929
vt 1.115362 1.824551
vt 1.115362 1.867929
vt 1.056153 1.867929
vt 0.996944 1.824551
vt 0.996944 1.867929
vt 0.937735 1.867929
vt 0.878526 1.824551
vt 0.878526 1.867929
vt 0.819317 1.867929
vt 0.760108 1.824551
vt 0.760108 1.867929
vt 0.700899 1.867929
vt 0.641690 1.824551
vt 0.641690 1.867929
vt 0.582480 1.867929
vt 0.523271 1.824551
vt 0.523271 1.867929
vt 0.464062 1.867929
vt 0.404853 1.824551
vt 0.404853 1.867929
vt 0.345644 1.867928
vt 0.286435 1.824550
vt 0.286435 1.867929
vt 0.227226 1.867929
vt 0.168017 1.824551
vt 0.168017 1.867929
vt 0.108808 1.867929
vt 0.049599 1.824551
vt 0.049599 1.867929
vt -1.371418 1.824551
vt -1.312209 1.781172
vt -1.371418 1.781172
vt -1.253000 1.824551
vt -1.193791 1.781173
vt -1.253000 1.781173
vt -1.134582 1.824551
vt -1.075373 1.781172
vt -1.134582 1.781173
vt -1.016164 1.824551
vt -0.956955 1.781172
vt -1.016164 1.781172
vt -0.897746 1.824551
vt -0.838537 1.781172
vt -0.897746 1.781172
vt -0.779328 1.824551
vt -0.720119 1.781172
vt -0.779328 1.781172
vt -0.660910 1.824551
vt -0.601701 1.781172
vt -0.660910 1.781172
vt -0.542492 1.824551
vt -0.483283 1.781172
vt -0.542492 1.781172
vt -0.424074 1.824551
vt -0.364865 1.781172
vt -0.424074 1.781172
vt -0.305656 1.824551
vt -0.246446 1.781172
vt -0.305656 1.781172
vt -0.187237 1.824551
vt -0.128028 1.781172
vt -0.187237 1.781172
vt -0.068819 1.824551
vt -0.009610 1.781172
vt -0.068819 1.781172
vt 1.944288 1.824551
vt 2.003498 1.781172
vt 1.944288 1.781172
vt 2.062707 1.824551
vt 2.121916 1.781172
vt 2.062707 1.781172
vt 2.181125 1.824551
vt 2.240334 1.781172
vt 2.181125 1.781172
vt 2.299543 1.824551
vt 2.358752 1.781172
vt 2.299543 1.781172
vt 2.299543 1.651037
vt 2.358752 1.607659
vt 2.299543 1.607659
vt 2.181125 1.651037
vt 2.240334 1.607659
vt 2.181125 1.607659
vt 2.062707 1.651037
vt 2.121916 1.607659
vt 2.062707 1.607659
vt 1.944288 1.651037
vt 2.003498 1.607659
vt 1.944288 1.607659
vt -0.068819 1.651037
vt -0.009610 1.607659
vt -0.068819 1.607659
vt -0.187237 1.651037
vt -0.128028 1.607659
vt -0.187237 1.607659
vt -0.305656 1.651037
vt -0.246446 1.607659
vt -0.305656 1.607659
vt -0.424074 1.651037
vt -0.364865 1.607659
vt -0.424074 1.607659
vt -0.542492 1.651037
vt -0.483283 1.607659
vt -0.542492 1.607659
vt -0.660910 1.651037
vt -0.601701 1.607659
vt -0.660910 1.607659
vt -0.779328 1.651037
vt -0.720119 1.607659
vt -0.779328 1.607659
vt -0.897746 1.651037
vt -0.838537 1.607659
vt -0.897746 1.607659
vt -1.016164 1.651037
vt -0.956955 1.607659
vt -1.016164 1.607659
vt -1.134582 1.651037
vt -1.075373 1.607659
vt -1.134582 1.607659
vt -1.253000 1.651037
vt -1.193791 1.607659
vt -1.253000 1.607659
vt -1.371418 1.607659
vt -1.312209 1.651037
vt -1.312209 1.607659
vt 1.885080 1.694415
vt 1.825871 1.651037
vt 1.825871 1.694415
vt 1.766662 1.694415
vt 1.707452 1.651037
vt 1.707452 1.694415
vt 1.648243 1.694415
vt 1.589035 1.651037
vt 1.589035 1.694415
vt 1.529825 1.694415
vt 1.470616 1.651037
vt 1.470616 1.694416
vt 1.411407 1.694416
vt 1.352198 1.651037
vt 1.352198 1.694416
vt 1.292989 1.694415
vt 1.233780 1.651037
vt 1.233780 1.694415
vt 1.174571 1.694415
vt 1.115362 1.651037
vt 1.115362 1.694415
vt 1.056153 1.694415
vt 0.996944 1.651037
vt 0.996944 1.694415
vt 0.937735 1.694415
vt 0.878526 1.651037
vt 0.878526 1.694415
vt 0.819317 1.694415
vt 0.760108 1.651037
vt 0.760108 1.694415
vt 0.700899 1.694415
vt 0.641690 1.651037
vt 0.641690 1.694415
vt 0.582480 1.694415
vt 0.523271 1.651037
vt 0.523271 1.694415
vt 0.464062 1.694416
vt 0.404853 1.651037
vt 0.404853 1.694415
vt 0.286435 1.694415
vt 0.345644 1.651037
vt 0.286435 1.651037
vt 0.227226 1.694416
vt 0.168017 1.651037
vt 0.168017 1.694415
vt 0.108808 1.694415
vt 0.049599 1.651037
vt 0.049599 1.694415
vt -1.371418 1.564280
vt -1.312209 1.520902
vt -1.371418 1.520902
vt -1.253000 1.564280
vt -1.193791 1.520902
vt -1.253000 1.520902
vt -1.134582 1.564280
vt -1.075373 1.520902
vt -1.134582 1.520902
vt -1.016164 1.564280
vt -0.956955 1.520902
vt -1.016164 1.520902
vt -0.897746 1.564280
vt -0.838537 1.520902
vt -0.897746 1.520902
vt -0.779328 1.564280
vt -0.720119 1.520902
vt -0.779328 1.520902
vt -0.660910 1.564280
vt -0.601701 1.520902
vt -0.660910 1.520902
vt -0.542492 1.564280
vt -0.483283 1.520902
vt -0.542492 1.520902
vt -0.424074 1.564280
vt -0.364865 1.520902
vt -0.424074 1.520902
vt -0.305656 1.564280
vt -0.246446 1.520902
vt -0.305656 1.520902
vt -0.187237 1.564280
vt -0.128028 1.520902
vt -0.187237 1.520902
vt -0.068819 1.564280
vt -0.009610 1.520902
vt -0.068819 1.520902
vt 1.944288 1.564280
vt 2.003498 1.520902
vt 1.944288 1.520902
vt 2.062707 1.564280
vt 2.121916 1.520902
vt 2.062707 1.520902
vt 2.181125 1.564280
vt 2.240334 1.520902
vt 2.181125 1.520902
vt 2.299543 1.564280
vt 2.358752 1.520902
vt 2.299543 1.520902
vt 1.885080 1.607659
vt 1.825871 1.564280
vt 1.825871 1.607659
vt 1.766662 1.607659
vt 1.707452 1.564280
vt 1.707452 1.607659
vt 1.648243 1.607659
vt 1.589035 1.564280
vt 1.589035 1.607659
vt 1.529825 1.607659
vt 1.470616 1.564280
vt 1.470616 1.607659
vt 1.411407 1.607659
vt 1.352198 1.564280
vt 1.352198 1.607659
vt 1.292989 1.607659
vt 1.233780 1.564280
vt 1.233780 1.607659
vt 1.174571 1.607659
vt 1.115362 1.564280
vt 1.115362 1.607659
vt 1.056153 1.607659
vt 0.996944 1.564280
vt 0.996944 1.607659
vt 0.937735 1.607659
vt 0.878526 1.564280
vt 0.878526 1.607659
vt 0.819317 1.607659
vt 0.760108 1.564280
vt 0.760108 1.607659
vt 0.700899 1.607659
vt 0.641690 1.564280
vt 0.641690 1.607659
vt 0.582480 1.607659
vt 0.523271 1.564280
vt 0.523271 1.607659
vt 0.404853 1.607658
vt 0.464062 1.564280
vt 0.404853 1.564279
vt 0.345644 1.607658
vt 0.286435 1.564279
vt 0.286435 1.607658
vt 0.227226 1.607659
vt 0.168017 1.564280
vt 0.168017 1.607659
vt 0.108808 1.607659
vt 0.049599 1.564280
vt 0.049599 1.607659
vt 0.108808 1.781172
vt 0.049599 1.737794
vt 0.049599 1.781172
vt 0.227226 1.781172
vt 0.168017 1.737794
vt 0.168017 1.781172
vt 0.345644 1.781172
vt 0.286435 1.737794
vt 0.286435 1.781172
vt 0.464062 1.781173
vt 0.404853 1.737794
vt 0.404853 1.781172
vt 0.582480 1.781172
vt 0.523271 1.737794
vt 0.523271 1.781172
vt 0.700899 1.781172
vt 0.641690 1.737794
vt 0.641690 1.781172
vt 0.819317 1.781172
vt 0.760108 1.737794
vt 0.760108 1.781172
vt 0.937735 1.781172
vt 0.878526 1.737794
vt 0.878526 1.781172
vt 1.056153 1.781172
vt 0.996944 1.737794
vt 0.996944 1.781172
vt 1.174571 1.781172
vt 1.115362 1.737794
vt 1.115362 1.781172
vt 1.292989 1.781172
vt 1.233780 1.737794
vt 1.233780 1.781172
vt 1.411407 1.781173
vt 1.352198 1.737794
vt 1.352198 1.781173
vt 1.529825 1.781172
vt 1.470616 1.737794
vt 1.470616 1.781173
vt 1.648243 1.781172
vt 1.589035 1.737794
vt 1.589035 1.781172
vt 1.766662 1.781172
vt 1.707452 1.737794
vt 1.707452 1.781172
vt 1.885080 1.781172
vt 1.825871 1.737794
vt 1.825871 1.781172
vt 2.299543 1.737794
vt 2.358752 1.694415
vt 2.299543 1.694415
vt 2.181125 1.737794
vt 2.240334 1.694415
vt 2.181125 1.694415
vt 2.062707 1.737794
vt 2.121916 1.694415
vt 2.062707 1.694415
vt 1.944288 1.737794
vt 2.003498 1.694415
vt 1.944288 1.694415
vt -0.068819 1.737794
vt -0.009610 1.694415
vt -0.068819 1.694415
vt -0.187237 1.737794
vt -0.128028 1.694415
vt -0.187237 1.694415
vt -0.305656 1.737794
vt -0.246446 1.694415
vt -0.305656 1.694415
vt -0.424074 1.737794
vt -0.364865 1.694415
vt -0.424074 1.694415
vt -0.542492 1.737794
vt -0.483283 1.694415
vt -0.542492 1.694415
vt -0.660910 1.737794
vt -0.601701 1.694415
vt -0.660910 1.694415
vt -0.779328 1.737794
vt -0.720119 1.694415
vt -0.779328 1.694415
vt -0.897746 1.737794
vt -0.838537 1.694415
vt -0.897746 1.694415
vt -1.016164 1.737794
vt -0.956955 1.694415
vt -1.016164 1.694415
vt -1.134582 1.737794
vt -1.075373 1.694415
vt -1.134582 1.694416
vt -1.253000 1.737794
vt -1.193791 1.694416
vt -1.253000 1.694416
vt -1.371418 1.737794
vt -1.312209 1.694415
vt -1.371418 1.694415
vt 0.108808 2.041443
vt 0.049599 1.998064
vt 0.049599 2.041443
vt 0.227226 2.041443
vt 0.168017 1.998064
vt 0.168017 2.041443
vt 0.286435 2.041443
vt 0.345644 1.998064
vt 0.286435 1.998064
vt 0.464062 2.041443
vt 0.404853 1.998064
vt 0.404853 2.041443
vt 0.582480 2.041443
vt 0.523271 1.998064
vt 0.523271 2.041443
vt 0.700899 2.041443
vt 0.641690 1.998064
vt 0.641690 2.041443
vt 0.819317 2.041443
vt 0.760108 1.998064
vt 0.760108 2.041443
vt 0.937735 2.041443
vt 0.878526 1.998064
vt 0.878526 2.041443
vt 1.056153 2.041443
vt 0.996944 1.998064
vt 0.996944 2.041443
vt 1.174571 2.041443
vt 1.115362 1.998064
vt 1.115362 2.041443
vt 1.292989 2.041443
vt 1.233780 1.998064
vt 1.233780 2.041443
vt 1.411407 2.041443
vt 1.352198 1.998064
vt 1.352198 2.041443
vt 1.529825 2.041443
vt 1.470616 1.998064
vt 1.470616 2.041443
vt 1.648243 2.041443
vt 1.589035 1.998064
vt 1.589035 2.041443
vt 1.766662 2.041443
vt 1.707452 1.998064
vt 1.707452 2.041443
vt 1.885080 2.041443
vt 1.825871 1.998064
vt 1.825871 2.041443
vt -1.371418 1.954686
vt -1.312209 1.998064
vt -1.312209 1.954686
vt -1.253000 1.998064
vt -1.193791 1.954686
vt -1.253000 1.954686
vt -1.134582 1.998064
vt -1.075373 1.954686
vt -1.134582 1.954686
vt -1.016164 1.998064
vt -0.956955 1.954686
vt -1.016164 1.954686
vt -0.897746 1.998064
vt -0.838537 1.954686
vt -0.897746 1.954686
vt -0.779328 1.998064
vt -0.720119 1.954686
vt -0.779328 1.954686
vt -0.660910 1.998064
vt -0.601701 1.954686
vt -0.660910 1.954686
vt -0.542492 1.998064
vt -0.483283 1.954686
vt -0.542492 1.954686
vt -0.424074 1.998064
vt -0.364865 1.954686
vt -0.424074 1.954686
vt -0.305656 1.998064
vt -0.246446 1.954686
vt -0.305656 1.954686
vt -0.187237 1.998064
vt -0.128028 1.954686
vt -0.187237 1.954686
vt -0.068819 1.998064
vt -0.009610 1.954686
vt -0.068819 1.954686
vt 1.944288 1.998064
vt 2.003498 1.954686
vt 1.944288 1.954686
vt 2.062707 1.998064
vt 2.121916 1.954686
vt 2.062707 1.954686
vt 2.181125 1.998064
vt 2.240334 1.954686
vt 2.181125 1.954686
vt 2.299543 1.998064
vt 2.358752 1.954686
vt 2.299543 1.954686
vt 2.299543 1.911307
vt 2.358752 1.867929
vt 2.299543 1.867929
vt 2.181125 1.911307
vt 2.240334 1.867929
vt 2.181125 1.867929
vt 2.062707 1.911307
vt 2.121916 1.867929
vt 2.062707 1.867929
vt 1.944288 1.911307
vt 2.003498 1.867929
vt 1.944288 1.867929
vt -0.068819 1.911307
vt -0.009610 1.867929
vt -0.068819 1.867929
vt -0.187237 1.911307
vt -0.128028 1.867929
vt -0.187237 1.867929
vt -0.305656 1.911307
vt -0.246446 1.867929
vt -0.305656 1.867929
vt -0.424074 1.911307
vt -0.364865 1.867929
vt -0.424074 1.867929
vt -0.542492 1.911307
vt -0.483283 1.867929
vt -0.542492 1.867929
vt -0.660910 1.911307
vt -0.601701 1.867929
vt -0.660910 1.867929
vt -0.779328 1.911307
vt -0.720119 1.867929
vt -0.779328 1.867929
vt -0.897746 1.911307
vt -0.838537 1.867929
vt -0.897746 1.867929
vt -1.016164 1.911307
vt -0.956955 1.867929
vt -1.016164 1.867929
vt -1.134582 1.911307
vt -1.075373 1.867929
vt -1.134582 1.867929
vt -1.253000 1.911307
vt -1.193791 1.867929
vt -1.253000 1.867929
vt -1.371418 1.911307
vt -1.312209 1.867929
vt -1.371418 1.867929
vt 0.108808 1.954686
vt 0.049599 1.911307
vt 0.049599 1.954686
vt 0.227226 1.954686
vt 0.168017 1.911307
vt 0.168017 1.954686
vt 0.286435 1.954686
vt 0.345644 1.911307
vt 0.286435 1.911307
vt 0.464062 1.954686
vt 0.404853 1.911307
vt 0.404853 1.954686
vt 0.582480 1.954686
vt 0.523271 1.911307
vt 0.523271 1.954686
vt 0.700899 1.954686
vt 0.641690 1.911307
vt 0.641690 1.954686
vt 0.819317 1.954686
vt 0.760108 1.911307
vt 0.760108 1.954686
vt 0.937735 1.954686
vt 0.878526 1.911307
vt 0.878526 1.954686
vt 1.056153 1.954686
vt 0.996944 1.911307
vt 0.996944 1.954686
vt 1.174571 1.954686
vt 1.115362 1.911307
vt 1.115362 1.954686
vt 1.292989 1.954686
vt 1.233780 1.911307
vt 1.233780 1.954686
vt 1.411407 1.954686
vt 1.352198 1.911307
vt 1.352198 1.954686
vt 1.529825 1.954686
vt 1.470616 1.911307
vt 1.470616 1.954686
vt 1.648243 1.954686
vt 1.589035 1.911307
vt 1.589035 1.954686
vt 1.766662 1.954686
vt 1.707452 1.911307
vt 1.707452 1.954686
vt 1.885080 1.954686
vt 1.825871 1.911307
vt 1.825871 1.954686
vt 1.885080 2.128200
vt 1.825871 2.084821
vt 1.825871 2.128200
vt 1.766662 2.128200
vt 1.707452 2.084821
vt 1.707452 2.128200
vt 1.648243 2.128200
vt 1.589035 2.084821
vt 1.589035 2.128200
vt 1.529825 2.128200
vt 1.470616 2.084821
vt 1.470616 2.128200
vt 1.411407 2.128200
vt 1.352198 2.084821
vt 1.352198 2.128200
vt 1.292989 2.128200
vt 1.233780 2.084821
vt 1.233780 2.128200
vt 1.174571 2.128200
vt 1.115362 2.084821
vt 1.115362 2.128200
vt 1.056153 2.128200
vt 0.996944 2.084821
vt 0.996944 2.128200
vt 0.937735 2.128200
vt 0.878526 2.084821
vt 0.878526 2.128200
vt 0.819317 2.128200
vt 0.760108 2.084821
vt 0.760108 2.128200
vt 0.700899 2.128200
vt 0.641690 2.084821
vt 0.641690 2.128200
vt 0.582480 2.128200
vt 0.523271 2.084821
vt 0.523271 2.128200
vt 0.464062 2.128200
vt 0.404853 2.084821
vt 0.404853 2.128200
vt 0.345644 2.128200
vt 0.286435 2.084821
vt 0.286435 2.128200
vt 0.227226 2.128200
vt 0.168017 2.084821
vt 0.168017 2.128200
vt 0.108808 2.128200
vt 0.049599 2.084821
vt 0.049599 2.128200
vt -1.371418 2.084821
vt -1.312209 2.041443
vt -1.371418 2.041443
vt -1.253000 2.084821
vt -1.193791 2.041443
vt -1.253000 2.041443
vt -1.134582 2.084821
vt -1.075373 2.041443
vt -1.134582 2.041443
vt -1.016164 2.084821
vt -0.956955 2.041443
vt -1.016164 2.041443
vt -0.897746 2.084821
vt -0.838537 2.041443
vt -0.897746 2.041443
vt -0.779328 2.084821
vt -0.720119 2.041443
vt -0.779328 2.041443
vt -0.660910 2.084821
vt -0.601701 2.041443
vt -0.660910 2.041443
vt -0.542492 2.084821
vt -0.483283 2.041443
vt -0.542492 2.041443
vt -0.424074 2.084821
vt -0.364865 2.041443
vt -0.424074 2.041443
vt -0.305656 2.084821
vt -0.246446 2.041443
vt -0.305656 2.041443
vt -0.187237 2.084821
vt -0.128028 2.041443
vt -0.187237 2.041443
vt -0.068819 2.084821
vt -0.009610 2.041443
vt -0.068819 2.041443
vt 1.944288 2.084821
vt 2.003498 2.041443
vt 1.944288 2.041443
vt 2.062707 2.084821
vt 2.121916 2.041443
vt 2.062707 2.041443
vt 2.181125 2.084821
vt 2.240334 2.041443
vt 2.181125 2.041443
vt 2.299543 2.084821
vt 2.358752 2.041443
vt 2.299543 2.041443
vt -1.371418 1.217252
vt -1.312209 1.173874
vt -1.371418 1.173874
vt -1.253000 1.217252
vt -1.193791 1.173874
vt -1.253000 1.173874
vt -1.134582 1.217252
vt -1.075373 1.173874
vt -1.134582 1.173874
vt -1.016164 1.217252
vt -0.956955 1.173874
vt -1.016164 1.173874
vt -0.897746 1.217252
vt -0.838537 1.173874
vt -0.897746 1.173874
vt -0.779328 1.217252
vt -0.720119 1.173874
vt -0.779328 1.173874
vt -0.660910 1.217252
vt -0.601701 1.173874
vt -0.660910 1.173874
vt -0.542492 1.217252
vt -0.483283 1.173874
vt -0.542492 1.173874
vt -0.424074 1.217252
vt -0.364865 1.173874
vt -0.424074 1.173874
vt -0.305656 1.217252
vt -0.246446 1.173874
vt -0.305656 1.173874
vt -0.187237 1.217252
vt -0.128028 1.173874
vt -0.187237 1.173874
vt -0.068819 1.217252
vt -0.009610 1.173874
vt -0.068819 1.173874
vt 1.944288 1.217252
vt 2.003498 1.173874
vt 1.944288 1.173874
vt 2.062707 1.217252
vt 2.121916 1.173874
vt 2.062707 1.173874
vt 2.181125 1.217252
vt 2.240334 1.173874
vt 2.181125 1.173874
vt 2.299543 1.217252
vt 2.358752 1.173874
vt 2.299543 1.173874
vt 1.885080 1.260631
vt 1.825871 1.217252
vt 1.825871 1.260631
vt 1.766662 1.260631
vt 1.707452 1.217252
vt 1.707452 1.260631
vt 1.648243 1.260631
vt 1.589035 1.217252
vt 1.589035 1.260631
vt 1.529825 1.260631
vt 1.470616 1.217252
vt 1.470616 1.260631
vt 1.411407 1.260631
vt 1.352198 1.217252
vt 1.352198 1.260631
vt 1.292989 1.260631
vt 1.233780 1.217252
vt 1.233780 1.260631
vt 1.174571 1.260631
vt 1.115362 1.217252
vt 1.115362 1.260631
vt 1.056153 1.260631
vt 0.996944 1.217252
vt 0.996944 1.260631
vt 0.937735 1.260631
vt 0.878526 1.217252
vt 0.878526 1.260631
vt 0.819317 1.260631
vt 0.760108 1.217252
vt 0.760108 1.260631
vt 0.700899 1.260631
vt 0.641690 1.217252
vt 0.641690 1.260631
vt 0.582480 1.260631
vt 0.523271 1.217252
vt 0.523271 1.260631
vt 0.464062 1.260631
vt 0.404853 1.217252
vt 0.404853 1.260630
vt 0.345644 1.260630
vt 0.286435 1.217252
vt 0.286435 1.260630
vt 0.227226 1.260631
vt 0.168017 1.217252
vt 0.168017 1.260631
vt 0.108808 1.260631
vt 0.049599 1.217252
vt 0.049599 1.260631
vt -1.371418 0.913603
vt -1.312209 0.956982
vt -1.312209 0.913603
vt -1.253000 0.956982
vt -1.193791 0.913604
vt -1.253000 0.913603
vt -1.134582 0.956982
vt -1.075373 0.913604
vt -1.134582 0.913604
vt -1.016164 0.956982
vt -0.956955 0.913604
vt -1.016164 0.913604
vt -0.897746 0.956982
vt -0.838537 0.913604
vt -0.897746 0.913604
vt -0.779328 0.956982
vt -0.720119 0.913604
vt -0.779328 0.913604
vt -0.660910 0.956982
vt -0.601701 0.913604
vt -0.660910 0.913604
vt -0.542492 0.956982
vt -0.483283 0.913604
vt -0.542492 0.913604
vt -0.424074 0.956982
vt -0.364865 0.913604
vt -0.424074 0.913604
vt -0.305656 0.956982
vt -0.246446 0.913604
vt -0.305656 0.913604
vt -0.187237 0.956982
vt -0.128028 0.913604
vt -0.187237 0.913604
vt -0.068819 0.956982
vt -0.009610 0.913604
vt -0.068819 0.913604
vt 1.944288 0.956982
vt 2.003498 0.913604
vt 1.944288 0.913604
vt 2.062707 0.956982
vt 2.121916 0.913604
vt 2.062707 0.913604
vt 2.181125 0.956982
vt 2.240334 0.913604
vt 2.181125 0.913604
vt 2.299543 0.956982
vt 2.358752 0.913604
vt 2.299543 0.913604
vt 0.108808 1.000360
vt 0.049599 0.956982
vt 0.049599 1.000360
vt 0.227226 1.000360
vt 0.168017 0.956982
vt 0.168017 1.000360
vt 0.286435 1.000360
vt 0.345644 0.956981
vt 0.286435 0.956981
vt 0.464062 1.000360
vt 0.404853 0.956981
vt 0.404853 1.000360
vt 0.582480 1.000360
vt 0.523271 0.956982
vt 0.523271 1.000360
vt 0.700899 1.000360
vt 0.641690 0.956982
vt 0.641690 1.000360
vt 0.819317 1.000360
vt 0.760108 0.956982
vt 0.760108 1.000360
vt 0.937735 1.000360
vt 0.878526 0.956982
vt 0.878526 1.000360
vt 1.056153 1.000360
vt 0.996944 0.956982
vt 0.996944 1.000360
vt 1.174571 1.000360
vt 1.115362 0.956982
vt 1.115362 1.000360
vt 1.292989 1.000360
vt 1.233780 0.956982
vt 1.233780 1.000360
vt 1.411407 1.000360
vt 1.352198 0.956982
vt 1.352198 1.000360
vt 1.529825 1.000360
vt 1.470616 0.956982
vt 1.470616 1.000360
vt 1.648243 1.000360
vt 1.589035 0.956982
vt 1.589035 1.000360
vt 1.766662 1.000360
vt 1.707452 0.956982
vt 1.707452 1.000360
vt 1.885080 1.000360
vt 1.825871 0.956982
vt 1.825871 1.000360
vt 1.885080 1.087117
vt 1.825871 1.043739
vt 1.825871 1.087117
vt 1.766662 1.087117
vt 1.707452 1.043739
vt 1.707452 1.087117
vt 1.648243 1.087117
vt 1.589035 1.043739
vt 1.589035 1.087117
vt 1.529825 1.087117
vt 1.470616 1.043739
vt 1.470616 1.087117
vt 1.411407 1.087117
vt 1.352198 1.043739
vt 1.352198 1.087117
vt 1.292989 1.087117
vt 1.233780 1.043739
vt 1.233780 1.087117
vt 1.174571 1.087117
vt 1.115362 1.043739
vt 1.115362 1.087117
vt 1.056153 1.087117
vt 0.996944 1.043739
vt 0.996944 1.087117
vt 0.937735 1.087117
vt 0.878526 1.043739
vt 0.878526 1.087117
vt 0.819317 1.087117
vt 0.760108 1.043739
vt 0.760108 1.087117
vt 0.700899 1.087117
vt 0.641690 1.043739
vt 0.641690 1.087117
vt 0.582480 1.087117
vt 0.523271 1.043739
vt 0.523271 1.087117
vt 0.464062 1.087117
vt 0.404853 1.043739
vt 0.404853 1.087117
vt 0.345644 1.087116
vt 0.286435 1.043739
vt 0.286435 1.087117
vt 0.227226 1.087117
vt 0.168017 1.043739
vt 0.168017 1.087117
vt 0.108808 1.087117
vt 0.049599 1.043739
vt 0.049599 1.087117
vt -1.371418 1.043739
vt -1.312209 1.000360
vt -1.371418 1.000360
vt -1.253000 1.043739
vt -1.193791 1.000360
vt -1.253000 1.000360
vt -1.134582 1.043739
vt -1.075373 1.000360
vt -1.134582 1.000360
vt -1.016164 1.043739
vt -0.956955 1.000360
vt -1.016164 1.000360
vt -0.897746 1.043739
vt -0.838537 1.000360
vt -0.897746 1.000360
vt -0.779328 1.043739
vt -0.720119 1.000360
vt -0.779328 1.000360
vt -0.660910 1.043739
vt -0.601701 1.000360
vt -0.660910 1.000360
vt -0.542492 1.043739
vt -0.483283 1.000360
vt -0.542492 1.000360
vt -0.424074 1.043739
vt -0.364865 1.000360
vt -0.424074 1.000360
vt -0.305656 1.043739
vt -0.246446 1.000360
vt -0.305656 1.000360
vt -0.187237 1.043739
vt -0.128028 1.000360
vt -0.187237 1.000360
vt -0.068819 1.043739
vt -0.009610 1.000360
vt -0.068819 1.000360
vt 1.944288 1.043739
vt 2.003498 1.000360
vt 1.944288 1.000360
vt 2.062707 1.043739
vt 2.121916 1.000360
vt 2.062707 1.000360
vt 2.181125 1.043739
vt 2.240334 1.000360
vt 2.181125 1.000360
vt 2.299543 1.043739
vt 2.358752 1.000360
vt 2.299543 1.000360
vt 2.299543 0.870225
vt 2.358752 0.826846
vt 2.299543 0.826846
vt 2.181125 0.870225
vt 2.240334 0.826846
vt 2.181125 0.826846
vt 2.062707 0.870225
vt 2.121916 0.826846
vt 2.062707 0.826846
vt 1.944288 0.870225
vt 2.003498 0.826846
vt 1.944288 0.826846
vt -0.068819 0.870225
vt -0.009610 0.826846
vt -0.068819 0.826846
vt -0.187237 0.870225
vt -0.128028 0.826846
vt -0.187237 0.826846
vt -0.305656 0.870225
vt -0.246446 0.826846
vt -0.305656 0.826846
vt -0.424074 0.870225
vt -0.364865 0.826846
vt -0.424074 0.826846
vt -0.542492 0.870225
vt -0.483283 0.826846
vt -0.542492 0.826846
vt -0.660910 0.870225
vt -0.601701 0.826846
vt -0.660910 0.826846
vt -0.779328 0.870225
vt -0.720119 0.826846
vt -0.779328 0.826846
vt -0.897746 0.870225
vt -0.838537 0.826846
vt -0.897746 0.826846
vt -1.016164 0.870225
vt -0.956955 0.826846
vt -1.016164 0.826846
vt -1.134582 0.870225
vt -1.075373 0.826846
vt -1.134582 0.826846
vt -1.253000 0.870225
vt -1.193791 0.826846
vt -1.253000 0.826846
vt -1.371418 0.870225
vt -1.312209 0.826846
vt -1.371418 0.826846
vt 0.108808 0.913604
vt 0.049599 0.870225
vt 0.049599 0.913604
vt 0.227226 0.913604
vt 0.168017 0.870225
vt 0.168017 0.913604
vt 0.345644 0.913603
vt 0.286435 0.870225
vt 0.286435 0.913603
vt 0.464062 0.913604
vt 0.404853 0.870225
vt 0.404853 0.913603
vt 0.582480 0.913604
vt 0.523271 0.870225
vt 0.523271 0.913604
vt 0.700899 0.913604
vt 0.641690 0.870225
vt 0.641690 0.913604
vt 0.819317 0.913604
vt 0.760108 0.870225
vt 0.760108 0.913604
vt 0.937735 0.913604
vt 0.878526 0.870225
vt 0.878526 0.913604
vt 1.056153 0.913604
vt 0.996944 0.870225
vt 0.996944 0.913604
vt 1.174571 0.913604
vt 1.115362 0.870225
vt 1.115362 0.913604
vt 1.292989 0.913604
vt 1.233780 0.870225
vt 1.233780 0.913604
vt 1.411407 0.913603
vt 1.352198 0.870225
vt 1.352198 0.913603
vt 1.470616 0.913603
vt 1.529825 0.870225
vt 1.470616 0.870225
vt 1.648243 0.913604
vt 1.589035 0.870225
vt 1.589035 0.913604
vt 1.766662 0.913604
vt 1.707452 0.870225
vt 1.707452 0.913604
vt 1.885080 0.913604
vt 1.825871 0.870225
vt 1.825871 0.913604
vt 1.766662 0.870225
vt 1.766662 0.956982
vt 1.885080 0.956982
vt 1.648243 0.870225
vt 1.648243 0.956982
vt 1.529825 0.913604
vt 1.529825 0.956982
vt 1.411407 0.870225
vt 1.411407 0.956981
vt 1.292989 0.870225
vt 1.292989 0.956982
vt 1.174571 0.870225
vt 1.174571 0.956982
vt 1.056153 0.870225
vt 1.056153 0.956982
vt 0.937735 0.870225
vt 0.937735 0.956982
vt 0.819317 0.870225
vt 0.819317 0.956982
vt 0.700899 0.870225
vt 0.700899 0.956982
vt 0.582480 0.870225
vt 0.582480 0.956982
vt 0.464062 0.870225
vt 0.464062 0.956982
vt 0.345644 0.870225
vt 0.227226 0.870225
vt 0.227226 0.956982
vt 0.108808 0.870225
vt 0.108808 0.956982
vt -0.009610 0.870225
vt -0.009610 0.956982
vt -1.312209 0.783468
vt -1.371418 0.783468
vt -1.430628 0.826846
vt -1.430628 0.783468
vt -1.430628 0.870225
vt -1.193791 0.783468
vt -1.253000 0.783468
vt -1.312209 0.870225
vt -1.075373 0.783468
vt -1.134582 0.783468
vt -1.193791 0.870225
vt -0.956955 0.783468
vt -1.016164 0.783468
vt -1.075373 0.870225
vt -0.838537 0.783468
vt -0.897746 0.783468
vt -0.956955 0.870225
vt -0.720119 0.783468
vt -0.779328 0.783468
vt -0.838537 0.870225
vt -0.601701 0.783468
vt -0.660910 0.783468
vt -0.720119 0.870225
vt -0.483283 0.783468
vt -0.542492 0.783468
vt -0.601701 0.870225
vt -0.364865 0.783468
vt -0.424074 0.783468
vt -0.483283 0.870225
vt -0.246446 0.783468
vt -0.305656 0.783468
vt -0.364865 0.870225
vt -0.128028 0.783468
vt -0.187237 0.783468
vt -0.246446 0.870225
vt -0.009610 0.783468
vt -0.068819 0.783468
vt -0.128028 0.870225
vt 2.003498 0.783468
vt 1.944288 0.783468
vt 1.885080 0.783468
vt 1.885080 0.870225
vt 2.121916 0.783468
vt 2.062707 0.783468
vt 2.003498 0.870225
vt 2.240334 0.783468
vt 2.181125 0.783468
vt 2.121916 0.870225
vt 2.358752 0.783468
vt 2.299543 0.783468
vt 2.240334 0.870225
vt 2.358752 0.956982
vt 2.240334 0.956982
vt 2.240334 1.043739
vt 2.121916 0.956982
vt 2.121916 1.043739
vt 2.003498 0.956982
vt 2.003498 1.043739
vt 1.885080 1.043739
vt -0.128028 0.956982
vt -0.128028 1.043739
vt -0.246446 0.956982
vt -0.246446 1.043739
vt -0.364865 0.956982
vt -0.364865 1.043739
vt -0.483283 0.956982
vt -0.483283 1.043739
vt -0.601701 0.956982
vt -0.601701 1.043739
vt -0.720119 0.956982
vt -0.720119 1.043739
vt -0.838537 0.956982
vt -0.838537 1.043739
vt -0.956955 0.956982
vt -0.956955 1.043739
vt -1.075373 0.956982
vt -1.075373 1.043739
vt -1.193791 0.956982
vt -1.193791 1.043739
vt -1.312209 1.043739
vt -1.371418 0.956982
vt -1.430628 1.000360
vt -1.430628 0.956982
vt -1.430628 1.043739
vt -0.009610 1.043739
vt -0.009610 1.130496
vt 0.108808 1.130496
vt 0.108808 1.043739
vt 0.227226 1.130496
vt 0.227226 1.043739
vt 0.345644 1.130495
vt 0.345644 1.043738
vt 0.464062 1.130496
vt 0.464062 1.043739
vt 0.582480 1.130496
vt 0.582480 1.043739
vt 0.700899 1.130496
vt 0.700899 1.043739
vt 0.819317 1.130496
vt 0.819317 1.043739
vt 0.937735 1.130496
vt 0.937735 1.043739
vt 1.056153 1.130496
vt 1.056153 1.043739
vt 1.174571 1.130496
vt 1.174571 1.043739
vt 1.292989 1.130496
vt 1.292989 1.043739
vt 1.411407 1.130496
vt 1.411407 1.043739
vt 1.529825 1.130496
vt 1.529825 1.043739
vt 1.648243 1.130496
vt 1.648243 1.043739
vt 1.766662 1.130496
vt 1.766662 1.043739
vt 1.885080 1.130496
vt 0.345644 1.000359
vt 2.358752 0.870225
vt -1.430628 0.913604
vt -0.009610 1.217252
vt -0.009610 1.304009
vt 0.108808 1.304009
vt 0.108808 1.217252
vt 0.227226 1.304009
vt 0.227226 1.217252
vt 0.345644 1.217251
vt 0.345644 1.304009
vt 0.464062 1.304010
vt 0.464062 1.217252
vt 0.582480 1.304009
vt 0.582480 1.217252
vt 0.700899 1.304009
vt 0.700899 1.217252
vt 0.819317 1.304009
vt 0.819317 1.217252
vt 0.937735 1.304009
vt 0.937735 1.217252
vt 1.056153 1.304009
vt 1.056153 1.217252
vt 1.174571 1.304009
vt 1.174571 1.217252
vt 1.292989 1.304009
vt 1.292989 1.217252
vt 1.411407 1.304009
vt 1.411407 1.217252
vt 1.529825 1.304009
vt 1.529825 1.217252
vt 1.648243 1.304009
vt 1.648243 1.217252
vt 1.766662 1.304009
vt 1.766662 1.217252
vt 1.885080 1.304009
vt 2.358752 1.130496
vt 2.240334 1.130496
vt 2.240334 1.217252
vt 2.121916 1.130496
vt 2.121916 1.217252
vt 2.003498 1.130496
vt 2.003498 1.217252
vt 1.885080 1.217252
vt -0.128028 1.130496
vt -0.128028 1.217252
vt -0.246446 1.130496
vt -0.246446 1.217252
vt -0.364865 1.130496
vt -0.364865 1.217252
vt -0.483283 1.130496
vt -0.483283 1.217252
vt -0.601701 1.130496
vt -0.601701 1.217252
vt -0.720119 1.130496
vt -0.720119 1.217252
vt -0.838537 1.130496
vt -0.838537 1.217252
vt -0.956955 1.130496
vt -0.956955 1.217252
vt -1.075373 1.130496
vt -1.075373 1.217252
vt -1.193791 1.130496
vt -1.193791 1.217252
vt -1.312209 1.130496
vt -1.312209 1.217252
vt -1.430628 1.173874
vt -1.430628 1.130496
vt -1.430628 1.217252
vt 2.358752 1.998064
vt 2.240334 1.998064
vt 2.240334 2.084821
vt 2.121916 1.998064
vt 2.121916 2.084821
vt 2.003498 1.998064
vt 2.003498 2.084821
vt 1.885080 1.998064
vt 1.885080 2.084821
vt -0.009610 1.998064
vt -0.128028 1.998064
vt -0.128028 2.084821
vt -0.246446 1.998064
vt -0.246446 2.084821
vt -0.364865 1.998064
vt -0.364865 2.084821
vt -0.483283 1.998064
vt -0.483283 2.084821
vt -0.601701 1.998064
vt -0.601701 2.084821
vt -0.720119 1.998064
vt -0.720119 2.084821
vt -0.838537 1.998064
vt -0.838537 2.084821
vt -0.956955 1.998064
vt -0.956955 2.084821
vt -1.075373 1.998064
vt -1.075373 2.084821
vt -1.193791 1.998065
vt -1.193791 2.084822
vt -1.312209 2.084821
vt -1.371418 1.998064
vt -1.430628 1.998064
vt -1.430628 2.084821
vt -1.430628 2.041443
vt -0.009610 2.084821
vt 0.049599 2.171578
vt -0.009610 2.171578
vt 0.108808 2.171578
vt 0.108808 2.084821
vt 0.168017 2.171578
vt 0.227226 2.171578
vt 0.227226 2.084821
vt 0.286435 2.171578
vt 0.345644 2.171578
vt 0.345644 2.084821
vt 0.404853 2.171578
vt 0.464062 2.171578
vt 0.464062 2.084822
vt 0.523271 2.171578
vt 0.582480 2.171578
vt 0.582480 2.084821
vt 0.641690 2.171578
vt 0.700899 2.171578
vt 0.700899 2.084821
vt 0.760108 2.171578
vt 0.819317 2.171578
vt 0.819317 2.084821
vt 0.878526 2.171578
vt 0.937735 2.171578
vt 0.937735 2.084821
vt 0.996944 2.171578
vt 1.056153 2.171578
vt 1.056153 2.084821
vt 1.115362 2.171578
vt 1.174571 2.171578
vt 1.174571 2.084821
vt 1.233780 2.171578
vt 1.292989 2.171578
vt 1.292989 2.084821
vt 1.352198 2.171578
vt 1.411407 2.171578
vt 1.411407 2.084821
vt 1.470616 2.171578
vt 1.529825 2.171578
vt 1.529825 2.084822
vt 1.589035 2.171578
vt 1.648243 2.171578
vt 1.648243 2.084821
vt 1.707452 2.171578
vt 1.766662 2.171578
vt 1.766662 2.084821
vt 1.825871 2.171578
vt 1.885080 2.171578
vt 1.766662 1.911307
vt 1.766662 1.998064
vt 1.648243 1.911307
vt 1.648243 1.998064
vt 1.529825 1.911307
vt 1.529825 1.998065
vt 1.411407 1.911307
vt 1.411407 1.998064
vt 1.292989 1.911307
vt 1.292989 1.998064
vt 1.174571 1.911307
vt 1.174571 1.998064
vt 1.056153 1.911307
vt 1.056153 1.998064
vt 0.937735 1.911307
vt 0.937735 1.998064
vt 0.819317 1.911307
vt 0.819317 1.998064
vt 0.700899 1.911307
vt 0.700899 1.998064
vt 0.582480 1.911307
vt 0.582480 1.998064
vt 0.464062 1.911308
vt 0.464062 1.998065
vt 0.345644 1.954685
vt 0.227226 1.911307
vt 0.227226 1.998064
vt 0.108808 1.911307
vt 0.108808 1.998064
vt -0.009610 1.911307
vt -1.312209 1.824551
vt -1.430628 1.867929
vt -1.430628 1.824551
vt -1.430628 1.911307
vt -1.193791 1.824551
vt -1.312209 1.911307
vt -1.075373 1.824551
vt -1.193791 1.911308
vt -0.956955 1.824551
vt -1.075373 1.911307
vt -0.838537 1.824551
vt -0.956955 1.911307
vt -0.720119 1.824551
vt -0.838537 1.911307
vt -0.601701 1.824551
vt -0.720119 1.911307
vt -0.483283 1.824551
vt -0.601701 1.911307
vt -0.364865 1.824551
vt -0.483283 1.911307
vt -0.246446 1.824551
vt -0.364865 1.911307
vt -0.128028 1.824551
vt -0.246446 1.911307
vt -0.009610 1.824551
vt -0.128028 1.911307
vt 2.003498 1.824551
vt 1.885080 1.824551
vt 1.885080 1.911307
vt 2.121916 1.824551
vt 2.003498 1.911307
vt 2.240334 1.824551
vt 2.121916 1.911307
vt 2.358752 1.824551
vt 2.240334 1.911307
vt 2.358752 1.911307
vt -1.430628 1.954686
vt 0.345644 2.041443
vt -1.371418 1.651037
vt -1.430628 1.694415
vt -1.430628 1.651037
vt -1.430628 1.737794
vt -1.193791 1.651037
vt -1.312209 1.737794
vt -1.075373 1.651037
vt -1.193791 1.737794
vt -0.956955 1.651037
vt -1.075373 1.737794
vt -0.838537 1.651037
vt -0.956955 1.737794
vt -0.720119 1.651037
vt -0.838537 1.737794
vt -0.601701 1.651037
vt -0.720119 1.737794
vt -0.483283 1.651037
vt -0.601701 1.737794
vt -0.364865 1.651037
vt -0.483283 1.737794
vt -0.246446 1.651037
vt -0.364865 1.737794
vt -0.128028 1.651037
vt -0.246446 1.737794
vt -0.009610 1.651037
vt -0.128028 1.737794
vt 2.003498 1.651037
vt 1.885080 1.651037
vt 1.885080 1.737794
vt 2.121916 1.651037
vt 2.003498 1.737794
vt 2.240334 1.651037
vt 2.121916 1.737794
vt 2.358752 1.651037
vt 2.240334 1.737794
vt 1.766662 1.737794
vt 1.766662 1.824551
vt 1.648243 1.737794
vt 1.648243 1.824551
vt 1.529825 1.737794
vt 1.529825 1.824551
vt 1.411407 1.737794
vt 1.411407 1.824551
vt 1.292989 1.737794
vt 1.292989 1.824551
vt 1.174571 1.737794
vt 1.174571 1.824551
vt 1.056153 1.737794
vt 1.056153 1.824551
vt 0.937735 1.737794
vt 0.937735 1.824551
vt 0.819317 1.737794
vt 0.819317 1.824551
vt 0.700899 1.737794
vt 0.700899 1.824551
vt 0.582480 1.737794
vt 0.582480 1.824551
vt 0.464062 1.737794
vt 0.464062 1.824551
vt 0.345644 1.737794
vt 0.345644 1.824550
vt 0.227226 1.737794
vt 0.227226 1.824551
vt 0.108808 1.737794
vt 0.108808 1.824551
vt -0.009610 1.737794
vt -0.009610 1.564280
vt 0.108808 1.651037
vt 0.108808 1.564280
vt 0.227226 1.651037
vt 0.227226 1.564280
vt 0.345644 1.564279
vt 0.464062 1.651037
vt 0.464062 1.607659
vt 0.582480 1.651037
vt 0.582480 1.564280
vt 0.700899 1.651037
vt 0.700899 1.564280
vt 0.819317 1.651037
vt 0.819317 1.564280
vt 0.937735 1.651037
vt 0.937735 1.564280
vt 1.056153 1.651037
vt 1.056153 1.564280
vt 1.174571 1.651037
vt 1.174571 1.564280
vt 1.292989 1.651037
vt 1.292989 1.564280
vt 1.411407 1.564280
vt 1.411407 1.651037
vt 1.529825 1.651037
vt 1.529825 1.564280
vt 1.648243 1.651037
vt 1.648243 1.564280
vt 1.766662 1.651037
vt 1.766662 1.564280
vt 2.358752 1.477523
vt 2.240334 1.477523
vt 2.240334 1.564280
vt 2.121916 1.477523
vt 2.121916 1.564280
vt 2.003498 1.477523
vt 2.003498 1.564280
vt 1.885080 1.477523
vt 1.885080 1.564280
vt -0.009610 1.477523
vt -0.128028 1.477523
vt -0.128028 1.564280
vt -0.246446 1.477523
vt -0.246446 1.564280
vt -0.364865 1.564280
vt -0.483283 1.564280
vt -0.601701 1.477523
vt -0.601701 1.564280
vt -0.720119 1.477523
vt -0.720119 1.564280
vt -0.838537 1.477523
vt -0.838537 1.564280
vt -0.956955 1.477523
vt -0.956955 1.564280
vt -1.075373 1.477523
vt -1.075373 1.564280
vt -1.193791 1.477523
vt -1.193791 1.564280
vt -1.312209 1.477523
vt -1.312209 1.564280
vt -1.430628 1.520902
vt -1.430628 1.477523
vt -1.430628 1.564280
vt 0.345644 1.694415
vt -1.430628 1.607659
vt 2.358752 1.564280
vt 2.358752 1.737794
vt -1.430628 1.781172
vt -1.371418 1.304009
vt -1.430628 1.347388
vt -1.430628 1.304009
vt -1.430628 1.390766
vt -1.253000 1.304009
vt -1.312209 1.390766
vt -1.075373 1.304009
vt -1.193791 1.390766
vt -0.956955 1.304009
vt -1.075373 1.390766
vt -0.838537 1.304009
vt -0.956955 1.390766
vt -0.720119 1.304009
vt -0.838537 1.390766
vt -0.601701 1.304009
vt -0.720119 1.390766
vt -0.483283 1.304009
vt -0.601701 1.390766
vt -0.364865 1.304009
vt -0.483283 1.390766
vt -0.246446 1.304009
vt -0.364865 1.390766
vt -0.128028 1.304009
vt -0.246446 1.390766
vt -0.128028 1.390766
vt 2.003498 1.304009
vt 1.885080 1.390766
vt 2.121916 1.304009
vt 2.003498 1.390766
vt 2.240334 1.304009
vt 2.121916 1.390766
vt 2.358752 1.304009
vt 2.240334 1.390766
vt 1.766662 1.390766
vt 1.766662 1.477523
vt 1.648243 1.390766
vt 1.648243 1.477523
vt 1.529825 1.390766
vt 1.529825 1.477523
vt 1.411407 1.390766
vt 1.292989 1.390766
vt 1.292989 1.477523
vt 1.174571 1.390766
vt 1.174571 1.477523
vt 1.056153 1.390766
vt 1.056153 1.477523
vt 0.937735 1.390766
vt 0.937735 1.477523
vt 0.819317 1.390766
vt 0.819317 1.477523
vt 0.700899 1.390766
vt 0.700899 1.477523
vt 0.582480 1.390766
vt 0.582480 1.477523
vt 0.464062 1.390766
vt 0.464062 1.477523
vt 0.345644 1.390766
vt 0.345644 1.477523
vt 0.227226 1.390766
vt 0.227226 1.477523
vt 0.108808 1.390766
vt 0.108808 1.477523
vt -0.009610 1.390766
vt -1.430628 1.260631
vt 2.358752 1.217252
vt -1.430628 1.087117
vt 2.358752 1.043739
vt 2.358752 1.390766
vt 1.411407 1.520902
vt -1.430628 1.434145
vt -1.430628 0.530178
vt -1.371418 0.530178
vt -1.312209 0.530178
vt -1.312209 0.648596
vt -1.253000 0.530178
vt -1.193791 0.530178
vt -1.193791 0.648596
vt -1.134582 0.530178
vt -1.075373 0.530178
vt -1.075373 0.648596
vt -1.016164 0.530178
vt -0.956955 0.530178
vt -0.956955 0.648596
vt -0.897746 0.530178
vt -0.838537 0.530178
vt -0.838537 0.648596
vt -0.779328 0.530178
vt -0.720119 0.530178
vt -0.720119 0.648596
vt -0.660910 0.530178
vt -0.601701 0.530178
vt -0.601701 0.648596
vt -0.542492 0.530178
vt -0.483283 0.530178
vt -0.483283 0.648596
vt -0.424074 0.530178
vt -0.364865 0.530178
vt -0.364865 0.648596
vt -0.305656 0.530178
vt -0.246446 0.530178
vt -0.246446 0.648596
vt -0.187237 0.530178
vt -0.128028 0.530178
vt -0.128028 0.648596
vt -0.068819 0.530178
vt -0.009610 0.530178
vt -0.009610 0.648596
vt 0.049599 0.530178
vt 0.108808 0.530178
vt 0.108808 0.648596
vt 0.168017 0.530178
vt 0.227226 0.530178
vt 0.227226 0.648596
vt 0.286435 0.530178
vt 0.345644 0.530178
vt 0.345644 0.648596
vt 0.404853 0.530178
vt 0.464062 0.530178
vt 0.464062 0.648596
vt 0.523271 0.530178
vt 0.582480 0.530178
vt 0.582480 0.648596
vt 0.641690 0.530178
vt 0.700899 0.530178
vt 0.700899 0.648596
vt 0.760108 0.530178
vt 0.819317 0.530178
vt 0.819317 0.648596
vt 0.878526 0.530178
vt 0.937735 0.530178
vt 0.996944 0.530178
vt 1.056153 0.530178
vt 1.056153 0.648596
vt 1.115362 0.530178
vt 1.174571 0.530178
vt 1.174571 0.648596
vt 1.233780 0.530178
vt 1.292989 0.530178
vt 1.292989 0.648596
vt 1.352198 0.530178
vt 1.411407 0.530178
vt 1.411407 0.648596
vt 1.470616 0.530178
vt 1.529825 0.530178
vt 1.529825 0.648596
vt 1.589035 0.530178
vt 1.648243 0.530178
vt 1.648243 0.648596
vt 1.707452 0.530178
vt 1.766662 0.530178
vt 1.766662 0.648596
vt 1.825871 0.530178
vt 1.885080 0.530178
vt 1.885080 0.648596
vt 1.944288 0.530178
vt 2.003498 0.530178
vt 2.003498 0.648596
vt 2.062707 0.530178
vt 2.121916 0.530178
vt 2.121916 0.648596
vt 2.181125 0.530178
vt 2.240334 0.530178
vt 2.240334 0.648596
vt 2.299543 0.530178
vt 2.358752 0.589387
vt 2.358752 0.530178
vt 2.358752 0.648596
vt 2.240334 0.767014
vt 2.358752 0.826223
vt 2.358752 0.767014
vt 2.358752 0.885432
vt 2.121916 0.767014
vt 2.240334 0.885432
vt 2.003498 0.767014
vt 2.121916 0.885432
vt 1.885080 0.767014
vt 2.003498 0.885432
vt 1.766662 0.767014
vt 1.885080 0.885432
vt 1.648243 0.767014
vt 1.766662 0.885432
vt 1.529825 0.767014
vt 1.648243 0.885432
vt 1.411407 0.767014
vt 1.529825 0.885432
vt 1.292989 0.767014
vt 1.411407 0.885432
vt 1.174571 0.767014
vt 1.292989 0.885432
vt 1.056153 0.767014
vt 1.174571 0.885432
vt 0.937735 0.767014
vt 1.056153 0.885432
vt 0.819317 0.767014
vt 0.700899 0.767014
vt 0.819317 0.885432
vt 0.582480 0.767014
vt 0.700899 0.885432
vt 0.464062 0.767014
vt 0.582480 0.885432
vt 0.345644 0.767014
vt 0.464062 0.885432
vt 0.227226 0.767014
vt 0.345644 0.885432
vt 0.108808 0.767014
vt 0.227226 0.885432
vt -0.009610 0.767014
vt -0.128028 0.767014
vt -0.009610 0.885432
vt -0.246446 0.767014
vt -0.128028 0.885432
vt -0.364865 0.767014
vt -0.246446 0.885432
vt -0.483283 0.767014
vt -0.364865 0.885432
vt -0.601701 0.767014
vt -0.483283 0.885432
vt -0.720119 0.767014
vt -0.601701 0.885432
vt -0.838537 0.767014
vt -0.720119 0.885432
vt -0.956955 0.767014
vt -0.838537 0.885432
vt -1.075373 0.767014
vt -0.956955 0.885432
vt -1.193791 0.767014
vt -1.075373 0.885432
vt -1.312209 0.767014
vt -1.193791 0.885432
vt -1.430628 0.767014
vt -1.312209 0.885432
vt 2.358752 0.707805
vt 0.996944 0.648596
vt -1.430628 0.648596
vt 2.240334 1.003851
vt 2.358752 1.063060
vt 2.358752 1.003851
vt 2.358752 1.122269
vt 2.121916 1.003851
vt 2.240334 1.122269
vt 2.003498 1.003851
vt 2.121916 1.122269
vt 1.885080 1.003851
vt 2.003498 1.122269
vt 1.766662 1.003851
vt 1.885080 1.122268
vt 1.648243 1.003851
vt 1.766662 1.122269
vt 1.529825 1.003851
vt 1.648243 1.122269
vt 1.411407 1.003851
vt 1.529825 1.122269
vt 1.292989 1.003851
vt 1.411407 1.122269
vt 1.174571 1.003851
vt 1.292989 1.122269
vt 1.056153 1.003851
vt 1.174571 1.122269
vt 0.996944 1.003851
vt 1.056153 1.122269
vt 0.819317 1.003851
vt 0.878526 1.122269
vt 0.700899 1.003851
vt 0.582480 1.003851
vt 0.700899 1.122269
vt 0.464062 1.003851
vt 0.582480 1.122269
vt 0.345644 1.003851
vt 0.464062 1.122269
vt 0.227226 1.003851
vt 0.345644 1.122269
vt 0.108808 1.003850
vt 0.227226 1.122269
vt -0.009610 1.003851
vt 0.108808 1.122268
vt -0.128028 1.003851
vt -0.009610 1.122269
vt -0.246446 1.003851
vt -0.128028 1.122269
vt -0.364865 1.003851
vt -0.246446 1.122269
vt -0.483283 1.003851
vt -0.364865 1.122269
vt -0.601701 1.003851
vt -0.483283 1.122269
vt -0.720119 1.003851
vt -0.601701 1.122269
vt -0.838537 1.003851
vt -0.720119 1.122269
vt -0.956955 1.003851
vt -0.838537 1.122269
vt -1.075373 1.003850
vt -0.956955 1.122269
vt -1.193791 1.003851
vt -1.075373 1.122268
vt -1.312209 1.003851
vt -1.193791 1.122269
vt -1.430628 1.003851
vt -1.312209 1.122269
vt -1.430628 1.240687
vt -1.312209 1.240687
vt -1.312209 1.359105
vt -1.193791 1.240687
vt -1.193791 1.359105
vt -1.075373 1.240686
vt -1.075373 1.359105
vt -0.956955 1.240687
vt -0.956955 1.359105
vt -0.838537 1.240687
vt -0.838537 1.359105
vt -0.720119 1.240687
vt -0.720119 1.359105
vt -0.601701 1.240687
vt -0.601701 1.359105
vt -0.483283 1.240687
vt -0.483283 1.359105
vt -0.364865 1.240687
vt -0.364865 1.359105
vt -0.246446 1.240687
vt -0.246446 1.359105
vt -0.128028 1.240687
vt -0.128028 1.359105
vt -0.009610 1.359105
vt 0.049599 1.240687
vt 0.108808 1.359105
vt 0.168017 1.240687
vt 0.227226 1.240687
vt 0.227226 1.359105
vt 0.345644 1.240687
vt 0.345644 1.359105
vt 0.464062 1.240687
vt 0.464062 1.359105
vt 0.582480 1.240687
vt 0.582480 1.359105
vt 0.700899 1.240687
vt 0.700899 1.359105
vt 0.819317 1.240687
vt 0.878526 1.359105
vt 0.996944 1.240687
vt 1.056153 1.240687
vt 1.056153 1.359105
vt 1.174571 1.240687
vt 1.174571 1.359105
vt 1.292989 1.240687
vt 1.292989 1.359105
vt 1.411407 1.240687
vt 1.411407 1.359105
vt 1.529825 1.240687
vt 1.529825 1.359105
vt 1.648243 1.240687
vt 1.648243 1.359105
vt 1.766662 1.240687
vt 1.766662 1.359105
vt 1.885080 1.240687
vt 1.885079 1.359105
vt 2.003498 1.240687
vt 2.003498 1.359105
vt 2.121916 1.240687
vt 2.121916 1.359105
vt 2.240334 1.240687
vt 2.240334 1.359105
vt 2.358752 1.299896
vt 2.358752 1.240687
vt 2.358752 1.359105
vt -1.430628 1.122269
vt 0.937735 1.122269
vt 2.358752 1.181478
vt -1.430628 0.885432
vt 0.108808 0.885432
vt 0.996944 0.885432
vt 2.358752 0.944642
vt -1.430628 1.951196
vt -1.312209 1.951196
vt -1.312209 2.069614
vt -1.193791 1.951196
vt -1.193791 2.069614
vt -1.075373 1.951196
vt -1.075373 2.069614
vt -0.956955 1.951196
vt -0.956955 2.069614
vt -0.838537 1.951196
vt -0.838537 2.069614
vt -0.720119 1.951196
vt -0.720119 2.069614
vt -0.601701 1.951196
vt -0.601701 2.069614
vt -0.483283 1.951196
vt -0.483283 2.069614
vt -0.364865 1.951196
vt -0.364865 2.069614
vt -0.246446 1.951196
vt -0.246446 2.069614
vt -0.128028 1.951196
vt -0.128028 2.069614
vt -0.009610 1.951196
vt -0.009610 2.069614
vt 0.108808 1.951196
vt 0.108808 2.069613
vt 0.227226 1.951196
vt 0.227226 2.069614
vt 0.345644 1.951196
vt 0.345644 2.069614
vt 0.464062 1.951196
vt 0.464062 2.069614
vt 0.582480 1.951196
vt 0.582480 2.069614
vt 0.700899 1.951196
vt 0.700899 2.069614
vt 0.819317 2.069614
vt 0.878526 1.951196
vt 0.937735 1.951196
vt 0.937735 2.069613
vt 1.056153 1.951196
vt 1.174571 1.951196
vt 1.174571 2.069614
vt 1.292989 1.951196
vt 1.292989 2.069614
vt 1.411407 1.951196
vt 1.411407 2.069614
vt 1.529825 1.951196
vt 1.529825 2.069614
vt 1.648243 1.951196
vt 1.648243 2.069614
vt 1.766662 1.951196
vt 1.766662 2.069614
vt 1.885080 1.951196
vt 1.885080 2.069614
vt 2.003498 1.951196
vt 2.003498 2.069614
vt 2.121916 1.951196
vt 2.121916 2.069614
vt 2.240334 1.951196
vt 2.240334 2.069614
vt 2.358752 2.010405
vt 2.358752 1.951196
vt 2.358752 2.069614
vt 2.240334 2.188032
vt 2.358752 2.247241
vt 2.358752 2.188032
vt 2.358752 2.306450
vt 2.121916 2.188032
vt 2.240334 2.306450
vt 2.003498 2.188032
vt 2.121916 2.306450
vt 1.885080 2.188032
vt 2.003498 2.306450
vt 1.766662 2.188032
vt 1.885080 2.306450
vt 1.648243 2.188032
vt 1.766662 2.306450
vt 1.529825 2.188032
vt 1.648243 2.306450
vt 1.411407 2.188032
vt 1.529825 2.306450
vt 1.292989 2.188032
vt 1.411407 2.306450
vt 1.174571 2.188032
vt 1.292989 2.306450
vt 1.056153 2.188032
vt 1.174571 2.306450
vt 0.996944 2.188032
vt 1.056153 2.306450
vt 0.819317 2.188032
vt 0.700899 2.188032
vt 0.819317 2.306450
vt 0.582480 2.188032
vt 0.700899 2.306450
vt 0.464062 2.188032
vt 0.582480 2.306450
vt 0.345644 2.188032
vt 0.464062 2.306450
vt 0.227226 2.188032
vt 0.345644 2.306450
vt 0.168017 2.188032
vt 0.227226 2.306450
vt -0.009610 2.188032
vt 0.108808 2.306450
vt -0.128028 2.188032
vt -0.009610 2.306450
vt -0.246446 2.188032
vt -0.128028 2.306450
vt -0.364865 2.188032
vt -0.246446 2.306450
vt -0.483283 2.188032
vt -0.364864 2.306450
vt -0.601701 2.188032
vt -0.483283 2.306450
vt -0.720119 2.188032
vt -0.601701 2.306450
vt -0.838537 2.188032
vt -0.720119 2.306450
vt -0.956955 2.188032
vt -0.838537 2.306450
vt -1.075373 2.188032
vt -0.956955 2.306450
vt -1.193791 2.188032
vt -1.075373 2.306450
vt -1.312209 2.188032
vt -1.193791 2.306450
vt -1.430628 2.188032
vt -1.312209 2.306450
vt 2.358752 2.128823
vt 1.056153 2.069614
vt -1.430628 2.069614
vt -1.430628 1.714359
vt -1.312209 1.714359
vt -1.312209 1.832778
vt -1.193791 1.714359
vt -1.193791 1.832777
vt -1.075373 1.714359
vt -1.075373 1.832776
vt -0.956955 1.714359
vt -0.956955 1.832777
vt -0.838537 1.714359
vt -0.838537 1.832777
vt -0.720119 1.714359
vt -0.720119 1.832777
vt -0.601701 1.714360
vt -0.601701 1.832777
vt -0.483283 1.714359
vt -0.483283 1.832777
vt -0.364865 1.714360
vt -0.364865 1.832778
vt -0.246446 1.714359
vt -0.246446 1.832777
vt -0.128028 1.714359
vt -0.128028 1.832777
vt -0.009610 1.714359
vt -0.009610 1.832777
vt 0.108808 1.714359
vt 0.108808 1.832777
vt 0.227226 1.714359
vt 0.227226 1.832777
vt 0.345644 1.714359
vt 0.345644 1.832777
vt 0.464062 1.714359
vt 0.464062 1.832778
vt 0.582480 1.714359
vt 0.582480 1.832777
vt 0.700899 1.714359
vt 0.700899 1.832777
vt 0.819317 1.714359
vt 0.819317 1.832777
vt 0.996944 1.714359
vt 1.056153 1.714359
vt 1.174571 1.714359
vt 1.174571 1.832777
vt 1.292989 1.714359
vt 1.292989 1.832777
vt 1.411407 1.714359
vt 1.411407 1.832777
vt 1.529825 1.714359
vt 1.529825 1.832777
vt 1.648243 1.714359
vt 1.648243 1.832777
vt 1.766662 1.714360
vt 1.766662 1.832778
vt 1.885080 1.714359
vt 2.003498 1.714359
vt 2.003498 1.832777
vt 2.121916 1.714359
vt 2.121916 1.832777
vt 2.240334 1.714359
vt 2.240334 1.832777
vt 2.358752 1.773569
vt 2.358752 1.714359
vt 2.358752 1.832777
vt 2.358752 1.536732
vt 2.358752 1.595941
vt 2.240334 1.595941
vt 2.121916 1.595941
vt 1.885080 1.477523
vt 2.003498 1.595941
vt 1.766662 1.477523
vt 1.885080 1.595941
vt 1.766662 1.595941
vt 1.648243 1.595941
vt 1.411407 1.477523
vt 1.529825 1.595941
vt 1.411407 1.595941
vt 1.292989 1.595941
vt 1.174571 1.595941
vt 0.996944 1.477523
vt 1.056153 1.595941
vt 0.878526 1.595941
vt 0.700899 1.595941
vt 0.582480 1.595941
vt 0.345644 1.477523
vt 0.464062 1.595941
vt 0.345644 1.595941
vt 0.108808 1.477523
vt 0.227226 1.595941
vt 0.108808 1.595941
vt -0.009610 1.595941
vt -0.128028 1.595941
vt -0.246446 1.595941
vt -0.364865 1.595941
vt -0.483283 1.595941
vt -0.601701 1.595941
vt -0.720119 1.595941
vt -0.838537 1.595941
vt -1.075373 1.477523
vt -0.956955 1.595941
vt -1.193791 1.477523
vt -1.075373 1.595940
vt -1.312209 1.477523
vt -1.193791 1.595941
vt -1.312209 1.595941
vt -1.430628 1.595941
vt 0.996944 1.595941
vt 2.358752 1.655151
vt 2.358752 1.891987
vt 1.885080 1.832777
vt 1.056153 1.832777
vt 0.937735 1.832776
vt -1.430628 1.832777
vt 2.358752 1.418314
vt 0.996944 1.359105
vt -1.430628 1.359105
vt -1.430628 2.128200
vt -1.430628 2.171578
vt -1.312209 2.171578
vt -1.193791 2.171578
vt -1.075373 2.171578
vt -0.956955 2.171578
vt -0.838537 2.171578
vt -0.720119 2.171578
vt -0.601701 2.171578
vt -0.483283 2.171578
vt -0.364865 2.171578
vt -0.246446 2.171578
vt -0.128028 2.171578
vt 0.108808 0.783468
vt 0.227226 0.783468
vt 0.345644 0.783468
vt 0.464062 0.783468
vt 0.582480 0.783468
vt 0.700899 0.783468
vt 0.819317 0.783468
vt 0.937735 0.783468
vt 1.056153 0.783468
vt 1.174571 0.783468
vt 1.292989 0.783468
vt 1.411407 0.783468
vt 1.529825 0.783468
vt 1.648243 0.783468
vt 1.766662 0.783468
vt 2.003498 2.171578
vt 2.121916 2.171578
vt 2.358752 2.084821
vt 2.240334 2.171578
vt -1.430628 2.306450
vt -1.312209 2.424868
vt -1.193791 2.424868
vt -1.075373 2.424868
vt -0.956955 2.424868
vt -0.838537 2.424868
vt -0.720119 2.424868
vt -0.601701 2.424868
vt -0.483283 2.424868
vt -0.305656 2.424868
vt -0.128028 2.424868
vt -0.009610 2.424868
vt 0.108808 2.424868
vt 0.227226 2.424868
vt 0.345644 2.424868
vt 0.464062 2.424868
vt 0.582480 2.424868
vt 0.700899 2.424868
vt 0.819317 2.424868
vt 0.937734 2.306449
vt 1.056153 2.424868
vt 1.174571 2.424868
vt 1.292989 2.424868
vt 1.411407 2.424868
vt 1.529825 2.424868
vt 1.648243 2.424868
vt 1.766662 2.424868
vt 1.885080 2.424868
vt 2.003498 2.424868
vt 2.121916 2.424868
vt 2.240334 2.424868
vt 2.358752 2.365659
vt 2.358752 2.424868
vt 0.996944 2.424868
vt -0.246446 2.424868
vt -0.159763 -1.198213
vt -0.135251 -1.257390
vt -0.056634 -1.215369
vt 0.021982 -1.173349
vt -0.049190 -1.066833
vt 0.090890 -1.116798
vt 0.010011 -1.018248
vt 0.159798 -1.060247
vt 0.069213 -0.969662
vt 0.216349 -0.991339
vt 0.272900 -0.922431
vt 0.166384 -0.851259
vt 0.314920 -0.843815
vt 0.117798 -0.910461
vt 0.356940 -0.765199
vt 0.238587 -0.716175
vt 0.382816 -0.679896
vt 0.202485 -0.783717
vt 0.408692 -0.594593
vt 0.283051 -0.569598
vt 0.417430 -0.505880
vt 0.290558 -0.493383
vt 0.426169 -0.417167
vt 0.298065 -0.417167
vt 0.417430 -0.328454
vt 0.290558 -0.340951
vt 0.408692 -0.239740
vt 0.283051 -0.264735
vt 0.382816 -0.154438
vt 0.356940 -0.069135
vt 0.238587 -0.118158
vt 0.314920 0.009481
vt 0.260819 -0.191447
vt 0.272900 0.088098
vt 0.166384 0.016926
vt 0.159798 0.225914
vt 0.090890 0.282465
vt 0.010011 0.183914
vt 0.021982 0.339015
vt -0.049190 0.232500
vt -0.056634 0.381036
vt -0.135251 0.423056
vt -0.184274 0.304702
vt -0.220554 0.448932
vt -0.305856 0.474808
vt -0.330847 0.349167
vt -0.394569 0.483546
vt -0.407065 0.356674
vt -0.483283 0.492284
vt -0.483283 0.364181
vt -0.571996 0.483546
vt -0.559498 0.356674
vt -0.660709 0.474808
vt -0.635714 0.349167
vt -0.746012 0.448932
vt -0.831315 0.423056
vt -0.782291 0.304706
vt -0.909931 0.381036
vt -0.709002 0.326937
vt -0.988547 0.339015
vt -0.917375 0.232500
vt -1.057455 0.282465
vt -1.126363 0.225914
vt -1.035778 0.135329
vt -1.182914 0.157006
vt -1.239465 0.088098
vt -1.132949 0.016926
vt -1.281485 0.009481
vt -1.323506 -0.069135
vt -1.264328 -0.093647
vt -1.205152 -0.118158
vt -1.169050 -0.050616
vt -0.116732 0.268601
vt -0.184274 -1.139036
vt -0.116732 -1.102935
vt -0.976576 0.183914
vt -1.084363 0.076127
vt -0.849833 0.268603
vt 0.260819 -0.642887
vt -0.257561 0.326935
vt 0.202485 -0.050616
vt -1.349381 -0.154438
vt -1.375257 -0.239740
vt -1.249616 -0.264731
vt -1.383996 -0.328454
vt -1.257123 -0.340949
vt -1.392734 -0.417167
vt -1.264630 -0.417167
vt -1.383996 -0.505880
vt -1.375257 -0.594593
vt -1.249616 -0.569598
vt -1.349381 -0.679896
vt -1.257123 -0.493383
vt -1.323506 -0.765199
vt -1.205152 -0.716175
vt -1.281485 -0.843815
vt -1.239465 -0.922431
vt -1.132949 -0.851259
vt -1.182914 -0.991339
vt -1.084363 -0.910461
vt -1.126363 -1.060247
vt -0.988547 -1.173349
vt -0.917375 -1.066833
vt -0.909931 -1.215369
vt -0.831315 -1.257390
vt -0.782291 -1.139036
vt -0.746012 -1.283265
vt -0.849833 -1.102935
vt -0.660709 -1.309141
vt -0.635714 -1.183500
vt -0.571996 -1.317880
vt -0.559498 -1.191007
vt -0.483283 -1.326618
vt -0.483283 -1.198514
vt -0.394569 -1.317880
vt -0.305856 -1.309141
vt -0.330851 -1.183500
vt -0.220554 -1.283265
vt -0.257563 -1.161268
vt -1.227384 -0.191445
vt -0.407067 -1.191007
vt -1.227384 -0.642887
vt -0.709002 -1.161268
vt -1.169050 -0.783717
vt -1.430628 2.424868
vt 0.918114 -1.018248
vt 0.977315 -1.066833
vt 0.941729 -1.120091
vt 0.906143 -1.173349
vt 0.837235 -1.116798
vt 0.768327 -1.060247
vt 0.858912 -0.969662
vt 0.711776 -0.991339
vt 0.810326 -0.910461
vt 0.655225 -0.922431
vt 0.761741 -0.851259
vt 0.613205 -0.843815
vt 0.571184 -0.765199
vt 0.689538 -0.716175
vt 0.545309 -0.679896
vt 0.519433 -0.594593
vt 0.501956 -0.417167
vt 0.630060 -0.417167
vt 0.510694 -0.328454
vt 0.637567 -0.340951
vt 0.519433 -0.239740
vt 0.645073 -0.264735
vt 0.545309 -0.154438
vt 0.571184 -0.069135
vt 0.689538 -0.118158
vt 0.613205 0.009481
vt 0.655225 0.088098
vt 0.708483 0.052512
vt 0.761741 0.016926
vt 0.725639 -0.050616
vt 0.667306 -0.191447
vt 0.667306 -0.642887
vt 0.725639 -0.783717
vt 0.810326 0.076127
vt 0.711776 0.157006
vt 0.768327 0.225914
vt 0.858912 0.135329
vt 0.837235 0.282465
vt 0.906143 0.339015
vt 0.977315 0.232500
vt 0.984759 0.381036
vt 1.044857 0.268601
vt 1.063375 0.423056
vt 1.112398 0.304702
vt 1.148678 0.448932
vt 1.233981 0.474808
vt 1.258976 0.349167
vt 1.322694 0.483546
vt 1.185687 0.326935
vt 1.411407 0.492284
vt 1.411407 0.364181
vt 1.500121 0.483546
vt 1.487625 0.356674
vt 1.588834 0.474808
vt 1.563843 0.349167
vt 1.674137 0.448932
vt 1.759439 0.423056
vt 1.710416 0.304706
vt 1.838056 0.381036
vt 1.637129 0.326937
vt 1.916672 0.339015
vt 1.845500 0.232500
vt 1.985580 0.282465
vt 2.054488 0.225914
vt 1.963902 0.135329
vt 2.111039 0.157006
vt 2.012488 0.076127
vt 2.167589 0.088098
vt 2.061074 0.016926
vt 2.209610 0.009481
vt 2.251630 -0.069135
vt 2.133280 -0.118158
vt 2.277505 -0.154438
vt 2.097177 -0.050616
vt 2.303382 -0.239740
vt 2.155510 -0.191445
vt 2.320858 -0.417167
vt 2.192754 -0.417167
vt 2.312120 -0.505880
vt 2.185248 -0.493383
vt 2.303382 -0.594593
vt 2.177742 -0.569598
vt 2.277505 -0.679896
vt 2.155509 -0.642887
vt 2.251630 -0.765199
vt 2.133277 -0.716175
vt 2.209610 -0.843815
vt 2.167589 -0.922431
vt 2.061074 -0.851259
vt 2.111039 -0.991339
vt 2.097175 -0.783717
vt 2.054488 -1.060247
vt 1.963902 -0.969662
vt 1.985580 -1.116798
vt 1.904701 -1.018248
vt 1.916672 -1.173349
vt 1.845500 -1.066833
vt 1.838056 -1.215369
vt 1.759439 -1.257390
vt 1.710416 -1.139036
vt 1.674137 -1.283265
vt 1.588834 -1.309141
vt 1.563843 -1.183500
vt 1.500121 -1.317880
vt 1.637129 -1.161268
vt 1.411407 -1.326618
vt 1.411407 -1.198514
vt 1.322694 -1.317880
vt 1.335192 -1.191007
vt 1.233981 -1.309141
vt 1.258976 -1.183500
vt 1.148678 -1.283265
vt 1.063375 -1.257390
vt 1.112398 -1.139036
vt 0.984759 -1.215369
vt 1.044857 -1.102935
vt 0.918114 0.183914
vt 1.777958 -1.102935
vt 1.185687 -1.161268
vt 1.487625 -1.191007
vt 1.335192 0.356674
vt 1.777958 0.268603
vt 2.012488 -0.910461
vt 1.904701 0.183914
vt 2.358752 2.171578
s 1
usemtl マテリアル
f 1091/1/1 1092/2/1 4228/3/1
f 1094/4/2 1095/5/2 4227/6/2
f 1097/7/3 1098/8/3 4226/9/3
f 1100/10/4 1101/11/4 4225/12/4
f 1103/13/5 1104/14/5 4224/15/5
f 1106/16/6 1107/17/6 4223/18/6
f 1109/19/7 1110/20/7 4222/21/7
f 1112/22/8 1113/23/8 4221/24/8
f 1115/25/9 1116/26/9 4220/27/9
f 1118/28/10 1119/29/10 4219/30/10
f 1121/31/11 1122/32/11 4218/33/11
f 4217/34/12 26/35/12 1125/36/12
f 1127/37/13 1128/38/13 4216/39/13
f 1130/40/14 1131/41/14 4215/42/14
f 1133/43/15 1134/44/15 4214/45/15
f 1136/46/16 1137/47/16 4213/48/16
f 1139/49/17 1140/50/17 4212/51/17
f 1142/52/18 1143/53/18 4211/54/18
f 1145/55/19 1146/56/19 4210/57/19
f 1148/58/20 1149/59/20 4209/60/20
f 1151/61/21 1152/62/21 4208/63/21
f 1154/64/22 1155/65/22 4207/66/22
f 4206/67/23 48/68/23 1158/69/23
f 1160/70/24 1161/71/24 4205/72/24
f 1163/73/25 1164/74/25 4204/75/25
f 1166/76/26 1167/77/26 4203/78/26
f 1169/79/27 1170/80/27 4202/81/27
f 1172/82/28 1173/83/28 4201/84/28
f 1175/85/29 1176/86/29 4200/87/29
f 1178/88/30 1179/89/30 4199/90/30
f 1103/91/31 88/92/31 1194/93/31
f 1209/94/31 77/95/31 1148/96/31
f 1182/97/32 1217/98/32 4198/99/32
f 1181/100/33 1090/101/33 4197/102/33
f 1159/103/34 1225/104/34 127/105/34
f 1111/106/34 1241/107/34 126/108/34
f 1190/109/17 2886/110/17 4196/111/17
f 1191/112/18 2885/113/18 4195/114/18
f 1192/115/19 2887/116/19 4194/117/19
f 1193/118/20 2888/119/20 4193/120/20
f 1257/121/21 1244/122/21 4192/123/21
f 1258/124/22 1243/125/22 4191/126/22
f 1259/127/23 1242/128/23 4190/129/23
f 1260/130/24 1241/131/24 4189/132/24
f 1261/133/25 1240/134/25 4188/135/25
f 1262/136/26 1239/137/26 4187/138/26
f 1263/139/27 1238/140/27 4186/141/27
f 1264/142/28 1237/143/28 4185/144/28
f 1265/145/29 1236/146/29 4184/147/29
f 1266/148/30 1235/149/30 4183/150/30
f 1267/151/32 1234/152/32 4182/153/32
f 1268/154/33 1233/155/33 4181/156/33
f 1269/157/1 1232/158/1 4180/159/1
f 1270/160/2 1231/161/2 4179/162/2
f 1271/163/3 1230/164/3 4178/165/3
f 1272/166/4 1219/167/4 4177/168/4
f 1210/169/5 2905/170/5 4176/171/5
f 1211/172/6 2906/173/6 4175/174/6
f 1212/175/7 2907/176/7 4174/177/7
f 1213/178/8 2908/179/8 4173/180/8
f 1214/181/9 2909/182/9 4172/183/9
f 1215/184/10 2910/185/10 4171/186/10
f 1184/187/11 2911/188/11 4170/189/11
f 1185/190/12 2912/191/12 4169/192/12
f 1186/193/13 2913/194/13 4168/195/13
f 1187/196/14 2914/197/14 4167/198/14
f 1188/199/15 2915/200/15 4166/201/15
f 1189/202/16 2916/203/16 4165/204/16
f 1317/205/33 1285/206/33 4164/207/33
f 1318/208/32 1316/209/32 4163/210/32
f 1319/211/30 1315/212/30 4162/213/30
f 1320/214/29 1314/215/29 4161/216/29
f 1321/217/28 1313/218/28 4160/219/28
f 1322/220/27 1312/221/27 4159/222/27
f 1323/223/26 1311/224/26 4158/225/26
f 1324/226/25 1310/227/25 4157/228/25
f 4156/229/24 153/230/24 1309/231/24
f 4155/232/23 152/233/23 1308/234/23
f 1327/235/22 1307/236/22 4154/237/22
f 1328/238/21 1306/239/21 4153/240/21
f 1329/241/20 1305/242/20 4152/243/20
f 1330/244/19 1304/245/19 4151/246/19
f 1331/247/18 1303/248/18 4150/249/18
f 1332/250/17 1302/251/17 4149/252/17
f 1333/253/16 1301/254/16 4148/255/16
f 1334/256/15 1300/257/15 4147/258/15
f 1335/259/14 1299/260/14 4146/261/14
f 1336/262/13 1298/263/13 4145/264/13
f 4144/265/12 141/266/12 1297/267/12
f 1338/268/11 1296/269/11 4143/270/11
f 1339/271/10 1295/272/10 4142/273/10
f 1340/274/9 1294/275/9 4141/276/9
f 1341/277/8 1293/278/8 4140/279/8
f 1342/280/7 1292/281/7 4139/282/7
f 1343/283/6 1291/284/6 4138/285/6
f 1344/286/5 1290/287/5 4137/288/5
f 1345/289/4 1289/290/4 4136/291/4
f 1346/292/3 1288/293/3 4135/294/3
f 1347/295/2 1287/296/2 4134/297/2
f 1348/298/1 1286/299/1 4133/300/1
f 1381/301/33 1349/302/33 4132/303/33
f 1382/304/32 1380/305/32 4131/306/32
f 1383/307/30 1379/308/30 4130/309/30
f 1384/310/29 1378/311/29 4129/312/29
f 1385/313/28 1377/314/28 4128/315/28
f 1386/316/27 1376/317/27 4127/318/27
f 1387/319/26 1375/320/26 4126/321/26
f 1388/322/25 1374/323/25 4125/324/25
f 1389/325/24 1373/326/24 4124/327/24
f 1390/328/23 1372/329/23 4123/330/23
f 1391/331/22 1371/332/22 4122/333/22
f 1392/334/21 1370/335/21 4121/336/21
f 1393/337/20 1369/338/20 4120/339/20
f 1394/340/19 1368/341/19 4119/342/19
f 1395/343/18 1367/344/18 4118/345/18
f 1396/346/17 1366/347/17 4117/348/17
f 1397/349/16 1365/350/16 4116/351/16
f 1398/352/15 1364/353/15 4115/354/15
f 1399/355/14 1363/356/14 4114/357/14
f 4113/358/13 174/359/13 1362/360/13
f 1401/361/12 1361/362/12 4112/363/12
f 1402/364/11 1360/365/11 4111/366/11
f 1403/367/10 1359/368/10 4110/369/10
f 1404/370/9 1358/371/9 4109/372/9
f 1405/373/8 1357/374/8 4108/375/8
f 1406/376/7 1356/377/7 4107/378/7
f 1407/379/6 1355/380/6 4106/381/6
f 1408/382/5 1354/383/5 4105/384/5
f 1409/385/4 1353/386/4 4104/387/4
f 1410/388/3 1352/389/3 4103/390/3
f 1411/391/2 1351/392/2 4102/393/2
f 1412/394/1 1350/395/1 4101/396/1
f 1445/397/1 1414/398/1 4100/399/1
f 1446/400/2 1415/401/2 4099/402/2
f 1447/403/3 1416/404/3 4098/405/3
f 1448/406/4 1417/407/4 4097/408/4
f 1449/409/5 1418/410/5 4096/411/5
f 1450/412/6 1419/413/6 4095/414/6
f 1451/415/7 1420/416/7 4094/417/7
f 1452/418/8 1421/419/8 4093/420/8
f 1453/421/9 1422/422/9 4092/423/9
f 1454/424/10 1423/425/10 4091/426/10
f 1455/427/11 1424/428/11 4090/429/11
f 4089/430/12 205/431/12 1425/432/12
f 1457/433/13 1426/434/13 4088/435/13
f 1458/436/14 1427/437/14 4087/438/14
f 1459/439/15 1428/440/15 4086/441/15
f 1460/442/16 1429/443/16 4085/444/16
f 1461/445/17 1430/446/17 4084/447/17
f 1462/448/18 1431/449/18 4083/450/18
f 1463/451/19 1432/452/19 4082/453/19
f 1464/454/20 1433/455/20 4081/456/20
f 1465/457/21 1434/458/21 4080/459/21
f 1466/460/22 1435/461/22 4079/462/22
f 1467/463/23 1436/464/23 4078/465/23
f 1468/466/24 1437/467/24 4077/468/24
f 1469/469/25 1438/470/25 4076/471/25
f 1470/472/26 1439/473/26 4075/474/26
f 1471/475/27 1440/476/27 4074/477/27
f 1472/478/28 1441/479/28 4073/480/28
f 1473/481/29 1442/482/29 4072/483/29
f 1474/484/30 1443/485/30 4071/486/30
f 1475/487/32 1444/488/32 4070/489/32
f 1476/490/33 1413/491/33 4069/492/33
f 1509/493/33 1477/494/33 4068/495/33
f 1510/496/32 1508/497/32 4067/498/32
f 1511/499/30 1507/500/30 4066/501/30
f 1512/502/29 1506/503/29 4065/504/29
f 1513/505/28 1505/506/28 4064/507/28
f 1514/508/27 1504/509/27 4063/510/27
f 1515/511/26 1503/512/26 4062/513/26
f 1516/514/25 1502/515/25 4061/516/25
f 1517/517/24 1501/518/24 4060/519/24
f 1518/520/23 1500/521/23 4059/522/23
f 1519/523/22 1499/524/22 4058/525/22
f 1520/526/21 1498/527/21 4057/528/21
f 1521/529/20 1497/530/20 4056/531/20
f 1522/532/19 1496/533/19 4055/534/19
f 1523/535/18 1495/536/18 4054/537/18
f 1524/538/17 1494/539/17 4053/540/17
f 1525/541/16 1493/542/16 4052/543/16
f 1526/544/15 1492/545/15 4051/546/15
f 1527/547/14 1491/548/14 4050/549/14
f 4049/550/13 238/551/13 1490/552/13
f 4048/553/12 237/554/12 1489/555/12
f 1530/556/11 1488/557/11 4047/558/11
f 1531/559/10 1487/560/10 4046/561/10
f 1532/562/9 1486/563/9 4045/564/9
f 1533/565/8 1485/566/8 4044/567/8
f 1534/568/7 1484/569/7 4043/570/7
f 1535/571/6 1483/572/6 4042/573/6
f 1536/574/5 1482/575/5 4041/576/5
f 1537/577/4 1481/578/4 4040/579/4
f 1538/580/3 1480/581/3 4039/582/3
f 1539/583/2 1479/584/2 4038/585/2
f 1540/586/1 1478/587/1 4037/588/1
f 1573/589/1 1542/590/1 4036/591/1
f 1574/592/2 1543/593/2 4035/594/2
f 1575/595/3 1544/596/3 4034/597/3
f 1576/598/4 1545/599/4 4033/600/4
f 1577/601/5 1546/602/5 4032/603/5
f 1578/604/6 1547/605/6 4031/606/6
f 1579/607/7 1548/608/7 4030/609/7
f 1580/610/8 1549/611/8 4029/612/8
f 1581/613/9 1550/614/9 4028/615/9
f 1582/616/10 1551/617/10 4027/618/10
f 1583/619/11 1552/620/11 4026/621/11
f 1584/622/12 1553/623/12 4025/624/12
f 1585/625/13 1554/626/13 4024/627/13
f 1586/628/14 1555/629/14 4023/630/14
f 1587/631/15 1556/632/15 4022/633/15
f 1588/634/16 1557/635/16 4021/636/16
f 1589/637/17 1558/638/17 4020/639/17
f 1590/640/18 1559/641/18 4019/642/18
f 1591/643/19 1560/644/19 4018/645/19
f 1592/646/20 1561/647/20 4017/648/20
f 1593/649/21 1562/650/21 4016/651/21
f 1594/652/22 1563/653/22 4015/654/22
f 1595/655/23 1564/656/23 4014/657/23
f 1596/658/24 1565/659/24 4013/660/24
f 1597/661/25 1566/662/25 4012/663/25
f 1598/664/26 1567/665/26 4011/666/26
f 1599/667/27 1568/668/27 4010/669/27
f 1600/670/28 1569/671/28 4009/672/28
f 1601/673/29 1570/674/29 4008/675/29
f 1602/676/30 1571/677/30 4007/678/30
f 1603/679/32 1572/680/32 4006/681/32
f 1604/682/33 1541/683/33 4005/684/33
f 1637/685/33 1605/686/33 4004/687/33
f 1638/688/32 1636/689/32 4003/690/32
f 1639/691/30 1635/692/30 4002/693/30
f 1640/694/29 1634/695/29 4001/696/29
f 1641/697/28 1633/698/28 4000/699/28
f 1642/700/27 1632/701/27 3999/702/27
f 1643/703/26 1631/704/26 3998/705/26
f 1644/706/25 1630/707/25 3997/708/25
f 1645/709/24 1629/710/24 3996/711/24
f 1646/712/23 1628/713/23 3995/714/23
f 1647/715/22 1627/716/22 3994/717/22
f 1648/718/21 1626/719/21 3993/720/21
f 1649/721/20 1625/722/20 3992/723/20
f 3991/724/19 308/725/19 1624/726/19
f 1651/727/18 1623/728/18 3990/729/18
f 1652/730/17 1622/731/17 3989/732/17
f 1653/733/16 1621/734/16 3988/735/16
f 1654/736/15 1620/737/15 3987/738/15
f 1655/739/14 1619/740/14 3986/741/14
f 1656/742/13 1618/743/13 3985/744/13
f 3984/745/12 301/746/12 1617/747/12
f 1658/748/11 1616/749/11 3983/750/11
f 1659/751/10 1615/752/10 3982/753/10
f 1660/754/9 1614/755/9 3981/756/9
f 1661/757/8 1613/758/8 3980/759/8
f 1662/760/7 1612/761/7 3979/762/7
f 1663/763/6 1611/764/6 3978/765/6
f 1664/766/5 1610/767/5 3977/768/5
f 1665/769/4 1609/770/4 3976/771/4
f 1666/772/3 1608/773/3 3975/774/3
f 1667/775/2 1607/776/2 3974/777/2
f 1668/778/1 1606/779/1 3973/780/1
f 1701/781/33 1669/782/33 3972/783/33
f 1702/784/32 1700/785/32 3971/786/32
f 1703/787/30 1699/788/30 3970/789/30
f 1704/790/29 1698/791/29 3969/792/29
f 1705/793/28 1697/794/28 3968/795/28
f 1706/796/27 1696/797/27 3967/798/27
f 1707/799/26 1695/800/26 3966/801/26
f 1708/802/25 1694/803/25 3965/804/25
f 1709/805/24 1693/806/24 3964/807/24
f 1710/808/23 1692/809/23 3963/810/23
f 1711/811/22 1691/812/22 3962/813/22
f 1712/814/21 1690/815/21 3961/816/21
f 1713/817/20 1689/818/20 3960/819/20
f 1714/820/19 1688/821/19 3959/822/19
f 1715/823/18 1687/824/18 3958/825/18
f 1716/826/17 1686/827/17 3957/828/17
f 1717/829/16 1685/830/16 3956/831/16
f 1718/832/15 1684/833/15 3955/834/15
f 1719/835/14 1683/836/14 3954/837/14
f 1720/838/13 1682/839/13 3953/840/13
f 1721/841/12 1681/842/12 3952/843/12
f 1722/844/11 1680/845/11 3951/846/11
f 1723/847/10 1679/848/10 3950/849/10
f 1724/850/9 1678/851/9 3949/852/9
f 1725/853/8 1677/854/8 3948/855/8
f 1726/856/7 1676/857/7 3947/858/7
f 1727/859/6 1675/860/6 3946/861/6
f 1728/862/5 1674/863/5 3945/864/5
f 1729/865/4 1673/866/4 3944/867/4
f 1730/868/3 1672/869/3 3943/870/3
f 1731/871/2 1671/872/2 3942/873/2
f 1732/874/1 1670/875/1 3941/876/1
f 1765/877/1 1734/878/1 3940/879/1
f 1766/880/2 1735/881/2 3939/882/2
f 1767/883/3 1736/884/3 3938/885/3
f 1768/886/4 1737/887/4 3937/888/4
f 1769/889/5 1738/890/5 3936/891/5
f 1770/892/6 1739/893/6 3935/894/6
f 1771/895/7 1740/896/7 3934/897/7
f 1772/898/8 1741/899/8 3933/900/8
f 1773/901/9 1742/902/9 3932/903/9
f 1774/904/10 1743/905/10 3931/906/10
f 1775/907/11 1744/908/11 3930/909/11
f 1776/910/12 1745/911/12 3929/912/12
f 1777/913/13 1746/914/13 3928/915/13
f 1778/916/14 1747/917/14 3927/918/14
f 1779/919/15 1748/920/15 3926/921/15
f 1780/922/16 1749/923/16 3925/924/16
f 1781/925/17 1750/926/17 3924/927/17
f 1782/928/18 1751/929/18 3923/930/18
f 1783/931/19 1752/932/19 3922/933/19
f 1784/934/20 1753/935/20 3921/936/20
f 1785/937/21 1754/938/21 3920/939/21
f 1786/940/22 1755/941/22 3919/942/22
f 1787/943/23 1756/944/23 3918/945/23
f 1788/946/24 1757/947/24 3917/948/24
f 1789/949/25 1758/950/25 3916/951/25
f 1790/952/26 1759/953/26 3915/954/26
f 1791/955/27 1760/956/27 3914/957/27
f 1792/958/28 1761/959/28 3913/960/28
f 1793/961/29 1762/962/29 3912/963/29
f 1794/964/30 1763/965/30 3911/966/30
f 1795/967/32 1764/968/32 3910/969/32
f 1796/970/33 1733/971/33 3909/972/33
f 1829/973/1 1798/974/1 3908/975/1
f 1830/976/2 1799/977/2 3907/978/2
f 1831/979/3 1800/980/3 3906/981/3
f 1832/982/4 1801/983/4 3905/984/4
f 1833/985/5 1802/986/5 3904/987/5
f 1834/988/6 1803/989/6 3903/990/6
f 1835/991/7 1804/992/7 3902/993/7
f 1836/994/8 1805/995/8 3901/996/8
f 1837/997/9 1806/998/9 3900/999/9
f 1838/1000/10 1807/1001/10 3899/1002/10
f 1839/1003/11 1808/1004/11 3898/1005/11
f 3897/1006/12 397/1007/12 1809/1008/12
f 1841/1009/13 1810/1010/13 3896/1011/13
f 1842/1012/14 1811/1013/14 3895/1014/14
f 1843/1015/15 1812/1016/15 3894/1017/15
f 1844/1018/16 1813/1019/16 3893/1020/16
f 1845/1021/17 1814/1022/17 3892/1023/17
f 1846/1024/18 1815/1025/18 3891/1026/18
f 1847/1027/19 1816/1028/19 3890/1029/19
f 1848/1030/20 1817/1031/20 3889/1032/20
f 1849/1033/21 1818/1034/21 3888/1035/21
f 1850/1036/22 1819/1037/22 3887/1038/22
f 1851/1039/23 1820/1040/23 3886/1041/23
f 1852/1042/24 1821/1043/24 3885/1044/24
f 1853/1045/25 1822/1046/25 3884/1047/25
f 1854/1048/26 1823/1049/26 3883/1050/26
f 1855/1051/27 1824/1052/27 3882/1053/27
f 1856/1054/28 1825/1055/28 3881/1056/28
f 1857/1057/29 1826/1058/29 3880/1059/29
f 1858/1060/30 1827/1061/30 3879/1062/30
f 1859/1063/32 1828/1064/32 3878/1065/32
f 1860/1066/33 1797/1067/33 3877/1068/33
f 1893/1069/1 1862/1070/1 3876/1071/1
f 1894/1072/2 1863/1073/2 3875/1074/2
f 1895/1075/3 1864/1076/3 3874/1077/3
f 1896/1078/4 1865/1079/4 3873/1080/4
f 1897/1081/5 1866/1082/5 3872/1083/5
f 1898/1084/6 1867/1085/6 3871/1086/6
f 1899/1087/7 1868/1088/7 3870/1089/7
f 1900/1090/8 1869/1091/8 3869/1092/8
f 1901/1093/9 1870/1094/9 3868/1095/9
f 1902/1096/10 1871/1097/10 3867/1098/10
f 1903/1099/11 1872/1100/11 3866/1101/11
f 3865/1102/12 429/1103/12 1873/1104/12
f 1905/1105/13 1874/1106/13 3864/1107/13
f 1906/1108/14 1875/1109/14 3863/1110/14
f 1907/1111/15 1876/1112/15 3862/1113/15
f 1908/1114/16 1877/1115/16 3861/1116/16
f 1909/1117/17 1878/1118/17 3860/1119/17
f 1910/1120/18 1879/1121/18 3859/1122/18
f 3858/1123/19 436/1124/19 1880/1125/19
f 3857/1126/20 437/1127/20 1881/1128/20
f 1913/1129/21 1882/1130/21 3856/1131/21
f 1914/1132/22 1883/1133/22 3855/1134/22
f 1915/1135/23 1884/1136/23 3854/1137/23
f 1916/1138/24 1885/1139/24 3853/1140/24
f 1917/1141/25 1886/1142/25 3852/1143/25
f 1918/1144/26 1887/1145/26 3851/1146/26
f 1919/1147/27 1888/1148/27 3850/1149/27
f 1920/1150/28 1889/1151/28 3849/1152/28
f 1921/1153/29 1890/1154/29 3848/1155/29
f 1922/1156/30 1891/1157/30 3847/1158/30
f 1923/1159/32 1892/1160/32 3846/1161/32
f 1924/1162/33 1861/1163/33 3845/1164/33
f 1957/1165/1 1926/1166/1 3844/1167/1
f 1958/1168/2 1927/1169/2 3843/1170/2
f 1959/1171/3 1928/1172/3 3842/1173/3
f 1960/1174/4 1929/1175/4 3841/1176/4
f 1961/1177/5 1930/1178/5 3840/1179/5
f 1962/1180/6 1931/1181/6 3839/1182/6
f 1963/1183/7 1932/1184/7 3838/1185/7
f 1964/1186/8 1933/1187/8 3837/1188/8
f 1965/1189/9 1934/1190/9 3836/1191/9
f 1966/1192/10 1935/1193/10 3835/1194/10
f 1967/1195/11 1936/1196/11 3834/1197/11
f 3833/1198/12 461/1199/12 1937/1200/12
f 3832/1201/13 462/1202/13 1938/1203/13
f 1970/1204/14 1939/1205/14 3831/1206/14
f 1971/1207/15 1940/1208/15 3830/1209/15
f 1972/1210/16 1941/1211/16 3829/1212/16
f 1973/1213/17 1942/1214/17 3828/1215/17
f 1974/1216/18 1943/1217/18 3827/1218/18
f 1975/1219/19 1944/1220/19 3826/1221/19
f 1976/1222/20 1945/1223/20 3825/1224/20
f 1977/1225/21 1946/1226/21 3824/1227/21
f 1978/1228/22 1947/1229/22 3823/1230/22
f 1979/1231/23 1948/1232/23 3822/1233/23
f 1980/1234/24 1949/1235/24 3821/1236/24
f 1981/1237/25 1950/1238/25 3820/1239/25
f 1982/1240/26 1951/1241/26 3819/1242/26
f 1983/1243/27 1952/1244/27 3818/1245/27
f 1984/1246/28 1953/1247/28 3817/1248/28
f 1985/1249/29 1954/1250/29 3816/1251/29
f 1986/1252/30 1955/1253/30 3815/1254/30
f 1987/1255/32 1956/1256/32 3814/1257/32
f 1988/1258/33 1925/1259/33 3813/1260/33
f 2021/1261/33 1989/1262/33 3812/1263/33
f 2022/1264/32 2020/1265/32 3811/1266/32
f 2023/1267/30 2019/1268/30 3810/1269/30
f 2024/1270/29 2018/1271/29 3809/1272/29
f 2025/1273/28 2017/1274/28 3808/1275/28
f 2026/1276/27 2016/1277/27 3807/1278/27
f 2027/1279/26 2015/1280/26 3806/1281/26
f 2028/1282/25 2014/1283/25 3805/1284/25
f 2029/1285/24 2013/1286/24 3804/1287/24
f 2030/1288/23 2012/1289/23 3803/1290/23
f 2031/1291/22 2011/1292/22 3802/1293/22
f 2032/1294/21 2010/1295/21 3801/1296/21
f 2033/1297/20 2009/1298/20 3800/1299/20
f 2034/1300/19 2008/1301/19 3799/1302/19
f 2035/1303/18 2007/1304/18 3798/1305/18
f 2036/1306/17 2006/1307/17 3797/1308/17
f 2037/1309/16 2005/1310/16 3796/1311/16
f 2038/1312/15 2004/1313/15 3795/1314/15
f 2039/1315/14 2003/1316/14 3794/1317/14
f 3793/1318/13 494/1319/13 2002/1320/13
f 2041/1321/12 2001/1322/12 3792/1323/12
f 2042/1324/11 2000/1325/11 3791/1326/11
f 2043/1327/10 1999/1328/10 3790/1329/10
f 2044/1330/9 1998/1331/9 3789/1332/9
f 2045/1333/8 1997/1334/8 3788/1335/8
f 2046/1336/7 1996/1337/7 3787/1338/7
f 2047/1339/6 1995/1340/6 3786/1341/6
f 2048/1342/5 1994/1343/5 3785/1344/5
f 2049/1345/4 1993/1346/4 3784/1347/4
f 2050/1348/3 1992/1349/3 3783/1350/3
f 2051/1351/2 1991/1352/2 3782/1353/2
f 2052/1354/1 1990/1355/1 3781/1356/1
f 2085/1357/33 2053/1358/33 3780/1359/33
f 2086/1360/32 2084/1361/32 3779/1362/32
f 2087/1363/30 2083/1364/30 3778/1365/30
f 2088/1366/29 2082/1367/29 3777/1368/29
f 2089/1369/28 2081/1370/28 3776/1371/28
f 2090/1372/27 2080/1373/27 3775/1374/27
f 2091/1375/26 2079/1376/26 3774/1377/26
f 2092/1378/25 2078/1379/25 3773/1380/25
f 2093/1381/24 2077/1382/24 3772/1383/24
f 2094/1384/23 2076/1385/23 3771/1386/23
f 2095/1387/22 2075/1388/22 3770/1389/22
f 2096/1390/21 2074/1391/21 3769/1392/21
f 2097/1393/20 2073/1394/20 3768/1395/20
f 2098/1396/19 2072/1397/19 3767/1398/19
f 2099/1399/18 2071/1400/18 3766/1401/18
f 2100/1402/17 2070/1403/17 3765/1404/17
f 2101/1405/16 2069/1406/16 3764/1407/16
f 2102/1408/15 2068/1409/15 3763/1410/15
f 2103/1411/14 2067/1412/14 3762/1413/14
f 2104/1414/13 2066/1415/13 3761/1416/13
f 2105/1417/12 2065/1418/12 3760/1419/12
f 2106/1420/11 2064/1421/11 3759/1422/11
f 2107/1423/10 2063/1424/10 3758/1425/10
f 2108/1426/9 2062/1427/9 3757/1428/9
f 2109/1429/8 2061/1430/8 3756/1431/8
f 2110/1432/7 2060/1433/7 3755/1434/7
f 2111/1435/6 2059/1436/6 3754/1437/6
f 2112/1438/5 2058/1439/5 3753/1440/5
f 2113/1441/4 2057/1442/4 3752/1443/4
f 2114/1444/3 2056/1445/3 3751/1446/3
f 2115/1447/2 2055/1448/2 3750/1449/2
f 2116/1450/1 2054/1451/1 3749/1452/1
f 2149/1453/33 2117/1454/33 3748/1455/33
f 2150/1456/32 2148/1457/32 3747/1458/32
f 2151/1459/30 2147/1460/30 3746/1461/30
f 2152/1462/29 2146/1463/29 3745/1464/29
f 2153/1465/28 2145/1466/28 3744/1467/28
f 2154/1468/27 2144/1469/27 3743/1470/27
f 2155/1471/26 2143/1472/26 3742/1473/26
f 2156/1474/25 2142/1475/25 3741/1476/25
f 2157/1477/24 2141/1478/24 3740/1479/24
f 2158/1480/23 2140/1481/23 3739/1482/23
f 2159/1483/22 2139/1484/22 3738/1485/22
f 2160/1486/21 2138/1487/21 3737/1488/21
f 2161/1489/20 2137/1490/20 3736/1491/20
f 2162/1492/19 2136/1493/19 3735/1494/19
f 2163/1495/18 2135/1496/18 3734/1497/18
f 2164/1498/17 2134/1499/17 3733/1500/17
f 2165/1501/16 2133/1502/16 3732/1503/16
f 2166/1504/15 2132/1505/15 3731/1506/15
f 2167/1507/14 2131/1508/14 3730/1509/14
f 2168/1510/13 2130/1511/13 3729/1512/13
f 3728/1513/12 557/1514/12 2129/1515/12
f 2170/1516/11 2128/1517/11 3727/1518/11
f 2171/1519/10 2127/1520/10 3726/1521/10
f 2172/1522/9 2126/1523/9 3725/1524/9
f 2173/1525/8 2125/1526/8 3724/1527/8
f 2174/1528/7 2124/1529/7 3723/1530/7
f 2175/1531/6 2123/1532/6 3722/1533/6
f 2176/1534/5 2122/1535/5 3721/1536/5
f 2177/1537/4 2121/1538/4 3720/1539/4
f 2178/1540/3 2120/1541/3 3719/1542/3
f 2179/1543/2 2119/1544/2 3718/1545/2
f 2180/1546/1 2118/1547/1 3717/1548/1
f 2213/1549/1 2182/1550/1 3716/1551/1
f 2214/1552/2 2183/1553/2 3715/1554/2
f 2215/1555/3 2184/1556/3 3714/1557/3
f 2216/1558/4 2185/1559/4 3713/1560/4
f 2217/1561/5 2186/1562/5 3712/1563/5
f 2218/1564/6 2187/1565/6 3711/1566/6
f 2219/1567/7 2188/1568/7 3710/1569/7
f 2220/1570/8 2189/1571/8 3709/1572/8
f 2221/1573/9 2190/1574/9 3708/1575/9
f 2222/1576/10 2191/1577/10 3707/1578/10
f 2223/1579/11 2192/1580/11 3706/1581/11
f 3705/1582/12 589/1583/12 2193/1584/12
f 2225/1585/13 2194/1586/13 3704/1587/13
f 2226/1588/14 2195/1589/14 3703/1590/14
f 2227/1591/15 2196/1592/15 3702/1593/15
f 2228/1594/16 2197/1595/16 3701/1596/16
f 2229/1597/17 2198/1598/17 3700/1599/17
f 2230/1600/18 2199/1601/18 3699/1602/18
f 2231/1603/19 2200/1604/19 3698/1605/19
f 2232/1606/20 2201/1607/20 3697/1608/20
f 2233/1609/21 2202/1610/21 3696/1611/21
f 2234/1612/22 2203/1613/22 3695/1614/22
f 2235/1615/23 2204/1616/23 3694/1617/23
f 2236/1618/24 2205/1619/24 3693/1620/24
f 2237/1621/25 2206/1622/25 3692/1623/25
f 2238/1624/26 2207/1625/26 3691/1626/26
f 2239/1627/27 2208/1628/27 3690/1629/27
f 2240/1630/28 2209/1631/28 3689/1632/28
f 2241/1633/29 2210/1634/29 3688/1635/29
f 2242/1636/30 2211/1637/30 3687/1638/30
f 2243/1639/32 2212/1640/32 3686/1641/32
f 2244/1642/33 2181/1643/33 3685/1644/33
f 2277/205/16 2468/1645/16 3684/1646/16
f 2278/208/15 2467/1647/15 3683/1648/15
f 2279/1649/14 2466/1650/14 3682/1651/14
f 2280/1652/13 2465/1653/13 3681/1654/13
f 2281/217/12 2464/1655/12 3680/1656/12
f 2282/220/11 2463/1657/11 3679/1658/11
f 2283/223/10 2462/1659/10 3678/1660/10
f 2284/226/9 2461/1661/9 3677/1662/9
f 2285/1663/8 2460/1664/8 3676/1665/8
f 2286/1666/7 2459/1667/7 3675/1668/7
f 2287/235/6 2458/1669/6 3674/1670/6
f 2288/238/5 2457/1671/5 3673/1672/5
f 2264/1673/4 2289/1674/4 3672/1675/4
f 2263/1676/3 2290/1677/3 3671/1678/3
f 2262/1679/2 2291/1680/2 3670/1681/2
f 2261/1682/1 2292/1683/1 3669/1684/1
f 2260/1685/33 2293/253/33 3668/1686/33
f 2259/1687/32 2294/256/32 3667/1688/32
f 2258/1689/30 2295/259/30 3666/1690/30
f 2257/1691/29 2296/1692/29 3665/1693/29
f 2256/1694/28 2297/1695/28 3664/1696/28
f 2255/1697/27 2298/268/27 3663/1698/27
f 2254/1699/26 2299/271/26 3662/1700/26
f 3661/1701/25 617/1702/25 2300/274/25
f 2252/1703/24 2301/277/24 3660/1704/24
f 2251/1705/23 2302/280/23 3659/1706/23
f 2250/1707/22 2303/283/22 3658/1708/22
f 2249/1709/21 2304/286/21 3657/1710/21
f 2305/289/20 2440/1711/20 3656/1712/20
f 2306/292/19 2439/1713/19 3655/1714/19
f 2307/295/18 2437/1715/18 3654/1716/18
f 2308/298/17 2438/1717/17 3653/1718/17
f 2341/1719/17 3078/1720/17 3652/1721/17
f 2342/1722/18 3077/1723/18 3651/1724/18
f 2343/1725/19 3079/1726/19 3650/1727/19
f 2344/1728/20 3080/1729/20 3649/1730/20
f 2345/1731/5 3097/1732/5 3648/1733/5
f 2346/1734/6 3098/1735/6 3647/1736/6
f 2347/1737/7 3099/1738/7 3646/1739/7
f 2348/1740/8 3100/1741/8 3645/1742/8
f 2349/1743/9 3101/1744/9 3644/1745/9
f 2350/1746/10 3102/1747/10 3643/1748/10
f 2351/1749/11 3103/1750/11 3642/1751/11
f 2352/1752/12 3104/1753/12 3641/1754/12
f 2353/1755/13 3105/1756/13 3640/1757/13
f 2354/1758/14 3106/1759/14 3639/1760/14
f 2355/1761/15 3107/1762/15 3638/1763/15
f 2356/1764/16 3108/1765/16 3637/1766/16
f 2328/1767/4 2357/1768/4 3636/1769/4
f 2327/1770/3 2358/1771/3 3635/1772/3
f 2326/1773/2 2359/1774/2 3634/1775/2
f 2325/1776/1 2360/1777/1 3633/1778/1
f 2324/1779/33 2361/1780/33 3632/1781/33
f 2323/1782/32 2362/1783/32 3631/1784/32
f 2322/1785/30 2363/1786/30 3630/1787/30
f 2321/1788/29 2364/1789/29 3629/1790/29
f 2320/1791/28 2365/1792/28 3628/1793/28
f 2319/1794/27 2366/1795/27 3627/1796/27
f 2318/1797/26 2367/1798/26 3626/1799/26
f 2317/1800/25 2368/1801/25 3625/1802/25
f 2316/1803/24 2369/1804/24 3624/1805/24
f 2315/1806/23 2370/1807/23 3623/1808/23
f 2314/1809/22 2371/1810/22 3622/1811/22
f 2313/1812/21 2372/1813/21 3621/1814/21
f 2377/1815/21 2405/1816/21 3620/1817/21
f 2378/1818/22 2406/1819/22 3619/1820/22
f 2379/1821/23 2407/1822/23 3618/1823/23
f 2380/1824/24 2408/1825/24 3617/1826/24
f 2381/1827/25 2409/1828/25 3616/1829/25
f 2382/1830/26 2410/1831/26 3615/1832/26
f 2383/1833/27 2411/1834/27 3614/1835/27
f 2384/1836/28 2412/1837/28 3613/1838/28
f 2385/1839/29 2413/1840/29 3612/1841/29
f 2386/1842/30 2414/1843/30 3611/1844/30
f 2387/1845/32 2415/1846/32 3610/1847/32
f 2388/1848/33 2416/1849/33 3609/1850/33
f 2389/1851/1 2417/1852/1 3608/1853/1
f 2390/1854/2 2418/1855/2 3607/1856/2
f 2391/1857/3 2419/1858/3 3606/1859/3
f 2392/1860/4 2420/1861/4 3605/1862/4
f 2421/1863/17 2950/1864/17 3604/1865/17
f 2422/1866/18 2949/1867/18 3603/1868/18
f 2423/1869/19 2951/1870/19 3602/1871/19
f 2424/1872/20 2952/1873/20 3601/1874/20
f 2425/1875/5 2969/1876/5 3600/1877/5
f 2426/1878/6 2970/1879/6 3599/1880/6
f 2427/1881/7 2971/1882/7 3598/1883/7
f 2428/1884/8 2972/1885/8 3597/1886/8
f 2429/1887/9 2973/1888/9 3596/1889/9
f 2430/1890/10 2974/1891/10 3595/1892/10
f 2431/1893/11 2975/1894/11 3594/1895/11
f 2432/1896/12 2976/1897/12 3593/1898/12
f 2433/1899/13 2977/1900/13 3592/1901/13
f 2434/1902/14 2978/1903/14 3591/1904/14
f 3590/1905/15 703/1906/15 2979/1907/15
f 3589/1908/16 704/1909/16 2980/1910/16
f 2456/1911/4 2469/1912/4 3588/1913/4
f 2455/1914/3 2470/1915/3 3587/1916/3
f 2454/1917/2 2471/1918/2 3586/1919/2
f 2453/1920/1 2472/1921/1 3585/1922/1
f 2452/1923/33 2473/1924/33 3584/1925/33
f 2451/1926/32 2474/1927/32 3583/1928/32
f 2450/1929/30 2475/1930/30 3582/1931/30
f 2449/1932/29 2476/1933/29 3581/1934/29
f 2448/1935/28 2477/1936/28 3580/1937/28
f 2447/1938/27 2478/1939/27 3579/1940/27
f 2446/1941/26 2479/1942/26 3578/1943/26
f 2445/1944/25 2480/1945/25 3577/1946/25
f 2444/1947/24 2481/1948/24 3576/1949/24
f 2443/1950/23 2482/1951/23 3575/1952/23
f 2442/1953/22 2483/1954/22 3574/1955/22
f 2441/1956/21 2484/1957/21 3573/1958/21
f 2485/1959/17 2374/1960/17 3572/1961/17
f 2486/1962/18 2373/1963/18 3571/1964/18
f 2487/1965/19 2375/1966/19 3570/1967/19
f 2488/1968/20 2376/1969/20 3569/1970/20
f 2489/1971/5 2393/1972/5 3568/1973/5
f 2490/1974/6 2394/1975/6 3567/1976/6
f 2491/1977/7 2395/1978/7 3566/1979/7
f 2492/1980/8 2396/1981/8 3565/1982/8
f 2493/1983/9 2397/1984/9 3564/1985/9
f 2494/1986/10 2398/1987/10 3563/1988/10
f 2495/1989/11 2399/1990/11 3562/1991/11
f 2496/1992/12 2400/1993/12 3561/1994/12
f 2497/1995/13 2401/1996/13 3560/1997/13
f 2498/1998/14 2402/1999/14 3559/2000/14
f 2499/2001/15 2403/2002/15 3558/2003/15
f 2500/2004/16 2404/2005/16 3557/2006/16
f 2505/2007/21 2533/2008/21 3556/2009/21
f 2506/2010/22 2534/2011/22 3555/2012/22
f 2507/2013/23 2535/2014/23 3554/2015/23
f 2508/2016/24 2536/2017/24 3553/2018/24
f 2509/2019/25 2537/2020/25 3552/2021/25
f 2510/2022/26 2538/2023/26 3551/2024/26
f 2511/2025/27 2539/2026/27 3550/2027/27
f 2512/2028/28 2540/2029/28 3549/2030/28
f 2513/2031/29 2541/2032/29 3548/2033/29
f 2514/2034/30 2542/2035/30 3547/2036/30
f 2515/2037/32 2543/2038/32 3546/2039/32
f 2516/2040/33 2544/2041/33 3545/2042/33
f 2517/2043/1 2545/2044/1 3544/2045/1
f 2518/2046/2 2546/2047/2 3543/2048/2
f 2519/2049/3 2547/2050/3 3542/2051/3
f 2520/2052/4 2548/2053/4 3541/2054/4
f 2549/2055/16 2724/2056/16 3540/2057/16
f 2550/2058/15 2723/2059/15 3539/2060/15
f 2551/2061/14 2722/2062/14 3538/2063/14
f 2552/2064/13 2721/2065/13 3537/2066/13
f 2553/2067/12 2720/2068/12 3536/2069/12
f 2554/2070/11 2719/2071/11 3535/2072/11
f 2555/2073/10 2718/2074/10 3534/2075/10
f 2556/2076/9 2717/2077/9 3533/2078/9
f 2557/2079/8 2716/2080/8 3532/2081/8
f 2558/2082/7 2715/2083/7 3531/2084/7
f 2559/2085/6 2714/2086/6 3530/2087/6
f 2560/2088/5 2713/2089/5 3529/2090/5
f 2561/2091/20 2696/2092/20 3528/2093/20
f 2562/2094/19 2695/2095/19 3527/2096/19
f 2563/2097/18 2693/2098/18 3526/2099/18
f 2564/2100/17 2694/2101/17 3525/2102/17
f 2597/2103/17 2630/2104/17 3524/2105/17
f 2598/2106/18 2629/2107/18 3523/2108/18
f 2599/2109/19 2631/2110/19 3522/2111/19
f 2600/2112/20 2632/2113/20 3521/2114/20
f 2601/2115/5 2649/2116/5 3520/2117/5
f 2602/2118/6 2650/2119/6 3519/2120/6
f 2603/2121/7 2651/2122/7 3518/2123/7
f 2604/2124/8 2652/2125/8 3517/2126/8
f 2605/2127/9 2653/2128/9 3516/2129/9
f 2606/2130/10 2654/2131/10 3515/2132/10
f 2607/2133/11 2655/2134/11 3514/2135/11
f 2608/2136/12 2656/2137/12 3513/2138/12
f 2609/2139/13 2657/2140/13 3512/2141/13
f 2610/2142/14 2658/2143/14 3511/2144/14
f 2611/2145/15 2659/2146/15 3510/2147/15
f 3509/2148/16 800/2149/16 2660/2150/16
f 2569/2151/21 2613/2152/21 3508/2153/21
f 2570/2154/22 2614/2155/22 3507/2156/22
f 2571/2157/23 2615/2158/23 3506/2159/23
f 2572/2160/24 2616/2161/24 3505/2162/24
f 2573/2163/25 2617/2164/25 3504/2165/25
f 2574/2166/26 2618/2167/26 3503/2168/26
f 2575/2169/27 2619/2170/27 3502/2171/27
f 2576/2172/28 2620/2173/28 3501/2174/28
f 2577/2175/29 2621/2176/29 3500/2177/29
f 2578/2178/30 2622/2179/30 3499/2180/30
f 2579/2181/32 2623/2182/32 3498/2183/32
f 2580/2184/33 2624/2185/33 3497/2186/33
f 2581/2187/1 2625/2188/1 3496/2189/1
f 3495/2190/2 786/2191/2 2626/2192/2
f 2583/2193/3 2627/2194/3 3494/2195/3
f 2584/2196/4 2628/2197/4 3493/2198/4
f 2661/2199/16 2276/2200/16 3492/2201/16
f 2662/2202/15 2275/2203/15 3491/2204/15
f 2663/2205/14 2274/2206/14 3490/2207/14
f 2664/2208/13 2273/2209/13 3489/2210/13
f 2665/2211/12 2272/2212/12 3488/2213/12
f 2666/2214/11 2271/2215/11 3487/2216/11
f 2667/2217/10 2270/2218/10 3486/2219/10
f 2668/2220/9 2269/2221/9 3485/2222/9
f 2669/2223/8 2268/2224/8 3484/2225/8
f 2670/2226/7 2267/2227/7 3483/2228/7
f 2671/2229/6 2266/2230/6 3482/2231/6
f 2672/2232/5 2265/2233/5 3481/2234/5
f 2673/2235/20 2248/2236/20 3480/2237/20
f 2674/2238/19 2247/2239/19 3479/2240/19
f 2675/2241/18 2245/2242/18 3478/2243/18
f 2676/2244/17 2246/2245/17 3477/2246/17
f 2633/2247/21 2677/2248/21 3476/2249/21
f 2634/2250/22 2678/2251/22 3475/2252/22
f 2635/2253/23 2679/2254/23 3474/2255/23
f 2636/2256/24 2680/2257/24 3473/2258/24
f 2637/2259/25 2681/2260/25 3472/2261/25
f 2638/2262/26 2682/2263/26 3471/2264/26
f 2639/2265/27 2683/2266/27 3470/2267/27
f 2640/2268/28 2684/2269/28 3469/2270/28
f 2641/2271/29 2685/2272/29 3468/2273/29
f 2642/2274/30 2686/2275/30 3467/2276/30
f 2643/2277/32 2687/2278/32 3466/2279/32
f 2644/2280/33 2688/2281/33 3465/2282/33
f 3464/2283/1 817/2284/1 2689/2285/1
f 2646/2286/2 2690/2287/2 3463/2288/2
f 2647/2289/3 2691/2290/3 3462/2291/3
f 2648/2292/4 2692/2293/4 3461/2294/4
f 2712/2295/4 2725/2296/4 3460/2297/4
f 2711/2298/3 2726/2299/3 3459/2300/3
f 2710/2301/2 2727/2302/2 3458/2303/2
f 2709/2304/1 2728/2305/1 3457/2306/1
f 2708/2307/33 2729/2308/33 3456/2309/33
f 2707/2310/32 2730/2311/32 3455/2312/32
f 2706/2313/30 2731/2314/30 3454/2315/30
f 2705/2316/29 2732/2317/29 3453/2318/29
f 2704/2319/28 2733/2320/28 3452/2321/28
f 2703/2322/27 2734/2323/27 3451/2324/27
f 2702/2325/26 2735/2326/26 3450/2327/26
f 2701/2328/25 2736/2329/25 3449/2330/25
f 2700/2331/24 2737/2332/24 3448/2333/24
f 2699/2334/23 2738/2335/23 3447/2336/23
f 2698/2337/22 2739/2338/22 3446/2339/22
f 2697/2340/21 2740/2341/21 3445/2342/21
f 2741/2343/17 2566/2344/17 3444/2345/17
f 2742/2346/18 2565/2347/18 3443/2348/18
f 2743/2349/19 2567/2350/19 3442/2351/19
f 2744/2352/20 2568/2353/20 3441/2354/20
f 2745/2355/5 2585/2356/5 3440/2357/5
f 2746/2358/6 2586/2359/6 3439/2360/6
f 2747/2361/7 2587/2362/7 3438/2363/7
f 2748/2364/8 2588/2365/8 3437/2366/8
f 2749/2367/9 2589/2368/9 3436/2369/9
f 2750/2370/10 2590/2371/10 3435/2372/10
f 2751/2373/11 2591/2374/11 3434/2375/11
f 2752/2376/12 2592/2377/12 3433/2378/12
f 2753/2379/13 2593/2380/13 3432/2381/13
f 2754/2382/14 2594/2383/14 3431/2384/14
f 2755/2385/15 2595/2386/15 3430/2387/15
f 2756/2388/16 2596/2389/16 3429/2390/16
f 2776/2391/4 2789/2392/4 3428/2393/4
f 2775/2394/3 2790/2395/3 3427/2396/3
f 3426/2397/2 882/2398/2 2791/2399/2
f 2773/2400/1 2792/2401/1 3425/2402/1
f 2772/2403/33 2793/2404/33 3424/2405/33
f 2771/2406/32 2794/2407/32 3423/2408/32
f 2770/2409/30 2795/2410/30 3422/2411/30
f 2769/2412/29 2796/2413/29 3421/2414/29
f 2768/2415/28 2797/2416/28 3420/2417/28
f 2767/2418/27 2798/2419/27 3419/2420/27
f 2766/2421/26 2799/2422/26 3418/2423/26
f 2765/2424/25 2800/2425/25 3417/2426/25
f 2764/2427/24 2801/2428/24 3416/2429/24
f 2763/2430/23 2802/2431/23 3415/2432/23
f 2762/2433/22 2803/2434/22 3414/2435/22
f 2761/2436/21 2804/2437/21 3413/2438/21
f 3412/2439/16 896/2440/16 2852/2441/16
f 2806/2442/15 2851/2443/15 3411/2444/15
f 2807/2445/14 2850/2446/14 3410/2447/14
f 2808/2448/13 2849/2449/13 3409/2450/13
f 2809/2451/12 2848/2452/12 3408/2453/12
f 2810/2454/11 2847/2455/11 3407/2456/11
f 2811/2457/10 2846/2458/10 3406/2459/10
f 2812/2460/9 2845/2461/9 3405/2462/9
f 2813/2463/8 2844/2464/8 3404/2465/8
f 2814/2466/7 2843/2467/7 3403/2468/7
f 2815/2469/6 2842/2470/6 3402/2471/6
f 2816/2472/5 2841/2473/5 3401/2474/5
f 2817/2475/20 2824/2476/20 3400/2477/20
f 2818/2478/19 2823/2479/19 3399/2480/19
f 2819/2481/18 2821/2482/18 3398/2483/18
f 2820/2484/17 2822/2485/17 3397/2486/17
f 2853/2487/17 2502/2488/17 3396/2489/17
f 2854/2490/18 2501/2491/18 3395/2492/18
f 2855/2493/19 2503/2494/19 3394/2495/19
f 2856/2496/20 2504/2497/20 3393/2498/20
f 2857/2499/5 2521/2500/5 3392/2501/5
f 2858/2502/6 2522/2503/6 3391/2504/6
f 2859/2505/7 2523/2506/7 3390/2507/7
f 2860/2508/8 2524/2509/8 3389/2510/8
f 2861/2511/9 2525/2512/9 3388/2513/9
f 2862/2514/10 2526/2515/10 3387/2516/10
f 2863/2517/11 2527/2518/11 3386/2519/11
f 2864/2520/12 2528/2521/12 3385/2522/12
f 2865/2523/13 2529/2524/13 3384/2525/13
f 2866/2526/14 2530/2527/14 3383/2528/14
f 2867/2529/15 2531/2530/15 3382/2531/15
f 2868/2532/16 2532/2533/16 3381/2534/16
f 2840/2535/4 2869/2536/4 3380/2537/4
f 2839/2538/3 2870/2539/3 3379/2540/3
f 3378/2541/2 914/2542/2 2871/2543/2
f 2837/2544/1 2872/2545/1 3377/2546/1
f 2836/2547/33 2873/2548/33 3376/2549/33
f 2835/2550/32 2874/2551/32 3375/2552/32
f 2834/2553/30 2875/2554/30 3374/2555/30
f 2833/2556/29 2876/2557/29 3373/2558/29
f 2832/2559/28 2877/2560/28 3372/2561/28
f 2831/2562/27 2878/2563/27 3371/2564/27
f 2830/2565/26 2879/2566/26 3370/2567/26
f 2829/2568/25 2880/2569/25 3369/2570/25
f 2828/2571/24 2881/2572/24 3368/2573/24
f 2827/2574/23 2882/2575/23 3367/2576/23
f 2826/2577/22 2883/2578/22 3366/2579/22
f 2825/2580/21 2884/2581/21 3365/2582/21
f 2889/2583/21 2917/2584/21 3364/2585/21
f 2890/2586/22 2918/2587/22 3363/2588/22
f 2891/2589/23 2919/2590/23 3362/2591/23
f 2892/2592/24 2920/2593/24 3361/2594/24
f 2893/2595/25 2921/2596/25 3360/2597/25
f 2894/2598/26 2922/2599/26 3359/2600/26
f 2895/2601/27 2923/2602/27 3358/2603/27
f 2896/2604/28 2924/2605/28 3357/2606/28
f 2897/2607/29 2925/2608/29 3356/2609/29
f 2898/2610/30 2926/2611/30 3355/2612/30
f 2899/2613/32 2927/2614/32 3354/2615/32
f 2900/2616/33 2928/2617/33 3353/2618/33
f 2901/2619/1 2929/2620/1 3352/2621/1
f 2902/2622/2 2930/2623/2 3351/2624/2
f 2903/2625/3 2931/2626/3 3350/2627/3
f 2904/2628/4 2932/2629/4 3349/2630/4
f 2933/2631/16 2788/2632/16 3348/2633/16
f 2934/2634/15 2787/2635/15 3347/2636/15
f 2935/2637/14 2786/2638/14 3346/2639/14
f 2936/2640/13 2785/2641/13 3345/2642/13
f 2937/2643/12 2784/2644/12 3344/2645/12
f 2938/2646/11 2783/2647/11 3343/2648/11
f 2939/2649/10 2782/2650/10 3342/2651/10
f 2940/2652/9 2781/2653/9 3341/2654/9
f 2941/2655/8 2780/2656/8 3340/2657/8
f 2942/2658/7 2779/2659/7 3339/2660/7
f 2943/2661/6 2778/2662/6 3338/2663/6
f 2944/2664/5 2777/2665/5 3337/2666/5
f 2945/2667/20 2760/2668/20 3336/2669/20
f 2946/2670/19 2759/2671/19 3335/2672/19
f 2947/2673/18 2757/2674/18 3334/2675/18
f 2948/2676/17 2758/2677/17 3333/2678/17
f 2981/2679/16 2340/2680/16 3332/2681/16
f 2982/2682/15 2339/2683/15 3331/2684/15
f 2983/2685/14 2338/2686/14 3330/2687/14
f 2984/2688/13 2337/2689/13 3329/2690/13
f 2985/2691/12 2336/2692/12 3328/2693/12
f 2986/2694/11 2335/2695/11 3327/2696/11
f 2987/2697/10 2334/2698/10 3326/2699/10
f 2988/2700/9 2333/2701/9 3325/2702/9
f 2989/2703/8 2332/2704/8 3324/2705/8
f 2990/2706/7 2331/2707/7 3323/2708/7
f 2991/2709/6 2330/2710/6 3322/2711/6
f 2992/2712/5 2329/2713/5 3321/2714/5
f 2993/2715/20 2312/2716/20 3320/2717/20
f 2994/2718/19 2311/2719/19 3319/2720/19
f 2995/2721/18 2309/2722/18 3318/2723/18
f 2996/2724/17 2310/2725/17 3317/2726/17
f 2953/2727/21 2997/2728/21 3316/2729/21
f 2954/2730/22 2998/2731/22 3315/2732/22
f 2955/2733/23 2999/2734/23 3314/2735/23
f 2956/2736/24 3000/2737/24 3313/2738/24
f 2957/2739/25 3001/2740/25 3312/2741/25
f 2958/2742/26 3002/2743/26 3311/2744/26
f 2959/2745/27 3003/2746/27 3310/2747/27
f 2960/2748/28 3004/2749/28 3309/2750/28
f 2961/2751/29 3005/2752/29 3308/2753/29
f 2962/2754/30 3006/2755/30 3307/2756/30
f 2963/2757/32 3007/2758/32 3306/2759/32
f 2964/2760/33 3008/2761/33 3305/2762/33
f 2965/2763/1 3009/2764/1 3304/2765/1
f 2966/2766/2 3010/2767/2 3303/2768/2
f 2967/2769/3 3011/2770/3 3302/2771/3
f 2968/2772/4 3012/2773/4 3301/2774/4
f 3300/2775/16 1024/2776/16 3172/2777/16
f 3046/2778/15 3171/2779/15 3299/2780/15
f 3047/2781/14 3170/2782/14 3298/2783/14
f 3048/2784/13 3169/2785/13 3297/2786/13
f 3049/2787/12 3168/2788/12 3296/2789/12
f 3050/2790/11 3167/2791/11 3295/2792/11
f 3051/2793/10 3166/2794/10 3294/2795/10
f 3052/2796/9 3165/2797/9 3293/2798/9
f 3053/2799/8 3164/2800/8 3292/2801/8
f 3054/2802/7 3163/2803/7 3291/2804/7
f 3055/2805/6 3162/2806/6 3290/2807/6
f 3056/2808/5 3161/2809/5 3289/2810/5
f 3057/2811/20 3144/2812/20 3288/2813/20
f 3058/2814/19 3143/2815/19 3287/2816/19
f 3059/2817/18 3141/2818/18 3286/2819/18
f 3060/2820/17 3142/2821/17 3285/2822/17
f 3032/2823/4 3061/2824/4 3284/2825/4
f 3031/2826/3 3062/2827/3 3283/2828/3
f 3282/2829/2 1010/2830/2 3063/2831/2
f 3029/2832/1 3064/2833/1 3281/2834/1
f 3028/2835/33 3065/2836/33 3280/2837/33
f 3027/2838/32 3066/2839/32 3279/2840/32
f 3026/2841/30 3067/2842/30 3278/2843/30
f 3025/2844/29 3068/2845/29 3277/2846/29
f 3024/2847/28 3069/2848/28 3276/2849/28
f 3023/2850/27 3070/2851/27 3275/2852/27
f 3022/2853/26 3071/2854/26 3274/2855/26
f 3021/2856/25 3072/2857/25 3273/2858/25
f 3020/2859/24 3073/2860/24 3272/2861/24
f 3019/2862/23 3074/2863/23 3271/2864/23
f 3018/2865/22 3075/2866/22 3270/2867/22
f 3017/2868/21 3076/2869/21 3269/2870/21
f 3081/2871/21 3109/2872/21 3268/2873/21
f 3082/2874/22 3110/2875/22 3267/2876/22
f 3083/2877/23 3111/2878/23 3266/2879/23
f 3084/2880/24 3112/2881/24 3265/2882/24
f 3085/2883/25 3113/2884/25 3264/2885/25
f 3086/2886/26 3114/2887/26 3263/2888/26
f 3087/2889/27 3115/2890/27 3262/2891/27
f 3088/2892/28 3116/2893/28 3261/2894/28
f 3089/2895/29 3117/2896/29 3260/2897/29
f 3090/2898/30 3118/2899/30 3259/2900/30
f 3091/2901/32 3119/2902/32 3258/2903/32
f 3092/2904/33 3120/2905/33 3257/2906/33
f 3093/2907/1 3121/2908/1 3256/2909/1
f 3094/2910/2 3122/2911/2 3255/2912/2
f 3095/2913/3 3123/2914/3 3254/2915/3
f 3096/2916/4 3124/2917/4 3253/2918/4
f 3125/2919/16 3044/2920/16 3252/2921/16
f 3126/2922/15 3043/2923/15 3251/2924/15
f 3127/2925/14 3042/2926/14 3250/2927/14
f 3128/2928/13 3041/2929/13 3249/2930/13
f 3129/2931/12 3040/2932/12 3248/2933/12
f 3130/2934/11 3039/2935/11 3247/2936/11
f 3131/2937/10 3038/2938/10 3246/2939/10
f 3132/2940/9 3037/2941/9 3245/2942/9
f 3133/2943/8 3036/2944/8 3244/2945/8
f 3134/2946/7 3035/2947/7 3243/2948/7
f 3135/2949/6 3034/2950/6 3242/2951/6
f 3136/2952/5 3033/2953/5 3241/2954/5
f 3137/2955/20 3016/2956/20 3240/2957/20
f 3138/2958/19 3015/2959/19 3239/2960/19
f 3139/2961/18 3013/2962/18 3238/2963/18
f 3140/2964/17 3014/2965/17 3237/2966/17
f 3173/2967/17 1254/2968/17 3236/2969/17
f 3174/2970/18 1253/2971/18 3235/2972/18
f 3175/2973/19 1255/2974/19 3234/2975/19
f 3176/2976/20 1256/2977/20 3233/2978/20
f 3177/2979/5 1273/2980/5 3232/2981/5
f 3178/2982/6 1274/2983/6 3231/2984/6
f 3179/2985/7 1275/2986/7 3230/2987/7
f 3180/2988/8 1276/2989/8 3229/2990/8
f 3181/2991/9 1277/2992/9 3228/2993/9
f 3182/2994/10 1278/2995/10 3227/2996/10
f 3183/2997/11 1279/2998/11 3226/2999/11
f 3184/3000/12 1280/3001/12 3225/3002/12
f 3185/3003/13 1281/3004/13 3224/3005/13
f 3186/3006/14 1282/3007/14 3223/3008/14
f 3187/3009/15 1283/3010/15 3222/3011/15
f 3188/3012/16 1284/3013/16 3221/3014/16
f 3160/3015/4 3189/3016/4 3220/3017/4
f 3159/3018/3 3190/3019/3 3219/3020/3
f 3158/3021/2 3191/3022/2 3218/3023/2
f 3157/3024/1 3192/3025/1 3217/3026/1
f 3156/3027/33 3193/3028/33 3216/3029/33
f 3155/3030/32 3194/3031/32 3215/3032/32
f 3154/3033/30 3195/3034/30 3214/3035/30
f 3153/3036/29 3196/3037/29 3213/3038/29
f 3152/3039/28 3197/3040/28 3212/3041/28
f 3151/3042/27 3198/3043/27 3211/3044/27
f 3150/3045/26 3199/3046/26 3210/3047/26
f 3149/3048/25 3200/3049/25 3209/3050/25
f 3208/3051/24 1064/3052/24 3201/3053/24
f 3147/3054/23 3202/3055/23 3207/3056/23
f 3146/3057/22 3203/3058/22 3206/3059/22
f 3145/3060/21 3204/3061/21 3205/3062/21
f 3205/3062/21 1062/3063/21 3146/3057/21
f 3076/2869/21 3146/3057/21 998/3064/21
f 997/3065/21 3205/3062/21 3076/2869/21
f 3206/3059/22 1063/3066/22 3147/3054/22
f 3075/2866/22 3147/3054/22 999/3067/22
f 998/3064/22 3206/3059/22 3075/2866/22
f 3207/3056/23 1064/3052/23 3148/3068/23
f 3074/2863/23 3148/3068/23 1000/3069/23
f 999/3067/23 3207/3056/23 3074/2863/23
f 3208/3051/24 1065/3070/24 3149/3048/24
f 3073/2860/24 3149/3048/24 1001/3071/24
f 1000/3069/24 3208/3051/24 3073/2860/24
f 3209/3050/25 1066/3072/25 3150/3045/25
f 3072/2857/25 3150/3045/25 1002/3073/25
f 1001/3071/25 3209/3050/25 3072/2857/25
f 3210/3047/26 1067/3074/26 3151/3042/26
f 3071/2854/26 3151/3042/26 1003/3075/26
f 1002/3073/26 3210/3047/26 3071/2854/26
f 3211/3044/27 1068/3076/27 3152/3039/27
f 3070/2851/27 3152/3039/27 1004/3077/27
f 1003/3075/27 3211/3044/27 3070/2851/27
f 3212/3041/28 1069/3078/28 3153/3036/28
f 3069/2848/28 3153/3036/28 1005/3079/28
f 1004/3077/28 3212/3041/28 3069/2848/28
f 3213/3038/29 1070/3080/29 3154/3033/29
f 3068/2845/29 3154/3033/29 1006/3081/29
f 1005/3079/29 3213/3038/29 3068/2845/29
f 3214/3035/30 1071/3082/30 3155/3030/30
f 3067/2842/30 3155/3030/30 1007/3083/30
f 1006/3081/30 3214/3035/30 3067/2842/30
f 3215/3032/32 1072/3084/32 3156/3027/32
f 3066/2839/32 3156/3027/32 1008/3085/32
f 1007/3083/32 3215/3032/32 3066/2839/32
f 3216/3029/33 1073/3086/33 3157/3024/33
f 3065/2836/33 3157/3024/33 1009/3087/33
f 1008/3085/33 3216/3029/33 3065/2836/33
f 3158/3021/1 3192/3025/1 1074/3088/1
f 1010/2830/1 3217/3026/1 3158/3021/1
f 1009/3087/1 3217/3026/1 3064/2833/1
f 3218/3023/2 1075/3089/2 3159/3018/2
f 3063/2831/2 3159/3018/2 1011/3090/2
f 3063/2831/2 3158/3021/2 3218/3023/2
f 3219/3020/3 1076/3091/3 3160/3015/3
f 3062/2827/3 3160/3015/3 1012/3092/3
f 1011/3090/3 3219/3020/3 3062/2827/3
f 3220/3017/4 1077/3093/4 3161/2809/4
f 3061/2824/4 3161/2809/4 1013/3094/4
f 1012/3092/4 3220/3017/4 3061/2824/4
f 3221/3014/16 128/3095/16 1249/3096/16
f 1254/3097/16 1249/3096/16 97/3098/16
f 1058/3099/16 3221/3014/16 1254/3097/16
f 3222/3011/15 122/3100/15 1250/3101/15
f 1284/3013/15 1250/3101/15 128/3095/15
f 1088/3102/15 3222/3011/15 1284/3013/15
f 3223/3008/14 123/3103/14 1251/3104/14
f 1283/3010/14 1251/3104/14 122/3100/14
f 1087/3105/14 3223/3008/14 1283/3010/14
f 3224/3005/13 121/3106/13 1252/3107/13
f 1282/3007/13 1252/3107/13 123/3103/13
f 1086/3108/13 3224/3005/13 1282/3007/13
f 3225/3002/12 124/3109/12 1229/3110/12
f 1281/3004/12 1229/3110/12 121/3106/12
f 1085/3111/12 3225/3002/12 1281/3004/12
f 3226/2999/11 119/3112/11 1222/3113/11
f 1280/3001/11 1222/3113/11 124/3109/11
f 1084/3114/11 3226/2999/11 1280/3001/11
f 3227/2996/10 120/3115/10 1223/3116/10
f 1279/2998/10 1223/3116/10 119/3112/10
f 1083/3117/10 3227/2996/10 1279/2998/10
f 3228/2993/9 118/3118/9 1224/3119/9
f 1278/2995/9 1224/3119/9 120/3115/9
f 1082/3120/9 3228/2993/9 1278/2995/9
f 3229/2990/8 127/3121/8 1225/3122/8
f 1277/2992/8 1225/3122/8 118/3118/8
f 1081/3123/8 3229/2990/8 1277/2992/8
f 3230/2987/7 111/3124/7 1226/3125/7
f 1276/2989/7 1226/3125/7 127/3121/7
f 1080/3126/7 3230/2987/7 1276/2989/7
f 3231/2984/6 113/3127/6 1227/3128/6
f 1275/2986/6 1227/3128/6 111/3124/6
f 1079/3129/6 3231/2984/6 1275/2986/6
f 3232/2981/5 112/3130/5 1228/3131/5
f 1274/2983/5 1228/3131/5 113/3127/5
f 1078/3132/5 3232/2981/5 1274/2983/5
f 3233/2978/20 103/3133/20 1245/3134/20
f 1257/121/20 1245/3134/20 100/3135/20
f 1061/3136/20 3233/2978/20 1257/121/20
f 3234/2975/19 98/3137/19 1246/3138/19
f 1256/2977/19 1246/3138/19 103/3133/19
f 1060/3139/19 3234/2975/19 1256/2977/19
f 3235/2972/18 99/3140/18 1247/3141/18
f 1255/2974/18 1247/3141/18 98/3137/18
f 1059/3142/18 3235/2972/18 1255/2974/18
f 3236/2969/17 97/3143/17 1248/3144/17
f 1253/2971/17 1248/3144/17 99/3140/17
f 1057/3145/17 3236/2969/17 1253/2971/17
f 3237/2966/17 994/3146/17 3060/2820/17
f 3013/2962/17 3060/2820/17 993/3147/17
f 1025/3148/17 3237/2966/17 3013/2962/17
f 3238/2963/18 993/3147/18 3059/2817/18
f 3015/2959/18 3059/2817/18 995/3149/18
f 1027/3150/18 3238/2963/18 3015/2959/18
f 3239/2960/19 995/3149/19 3058/2814/19
f 3016/2956/19 3058/2814/19 996/3151/19
f 1028/3152/19 3239/2960/19 3016/2956/19
f 3240/2957/20 996/3151/20 3057/2811/20
f 3017/2868/20 3057/2811/20 997/3065/20
f 1029/3153/20 3240/2957/20 3017/2868/20
f 3241/2954/5 1013/3094/5 3056/2808/5
f 3034/2950/5 3056/2808/5 1014/3154/5
f 1046/3155/5 3241/2954/5 3034/2950/5
f 3242/2951/6 1014/3154/6 3055/2805/6
f 3035/2947/6 3055/2805/6 1015/3156/6
f 1047/3157/6 3242/2951/6 3035/2947/6
f 3243/2948/7 1015/3156/7 3054/2802/7
f 3036/2944/7 3054/2802/7 1016/3158/7
f 1048/3159/7 3243/2948/7 3036/2944/7
f 3244/2945/8 1016/3158/8 3053/2799/8
f 3037/2941/8 3053/2799/8 1017/3160/8
f 1049/3161/8 3244/2945/8 3037/2941/8
f 3245/2942/9 1017/3160/9 3052/2796/9
f 3038/2938/9 3052/2796/9 1018/3162/9
f 1050/3163/9 3245/2942/9 3038/2938/9
f 3246/2939/10 1018/3162/10 3051/2793/10
f 3039/2935/10 3051/2793/10 1019/3164/10
f 1051/3165/10 3246/2939/10 3039/2935/10
f 3247/2936/11 1019/3164/11 3050/2790/11
f 3040/2932/11 3050/2790/11 1020/3166/11
f 1052/3167/11 3247/2936/11 3040/2932/11
f 3248/2933/12 1020/3166/12 3049/2787/12
f 3041/2929/12 3049/2787/12 1021/3168/12
f 1053/3169/12 3248/2933/12 3041/2929/12
f 3249/2930/13 1021/3168/13 3048/2784/13
f 3042/2926/13 3048/2784/13 1022/3170/13
f 1054/3171/13 3249/2930/13 3042/2926/13
f 3250/2927/14 1022/3170/14 3047/2781/14
f 3043/2923/14 3047/2781/14 1023/3172/14
f 1055/3173/14 3250/2927/14 3043/2923/14
f 3251/2924/15 1023/3172/15 3046/2778/15
f 1024/2776/15 3251/2924/15 3046/2778/15
f 1056/3174/15 3251/2924/15 3044/2920/15
f 3045/3175/16 3044/2920/16 1024/2776/16
f 3014/3176/16 3045/3175/16 994/3177/16
f 1026/3178/16 3252/2921/16 3014/3176/16
f 3253/2918/4 1045/3179/4 3097/1732/4
f 2357/1768/4 3097/1732/4 661/3180/4
f 660/3181/4 3253/2918/4 2357/1768/4
f 3254/2915/3 1044/3182/3 3096/2916/3
f 2358/1771/3 3096/2916/3 660/3181/3
f 659/3183/3 3254/2915/3 2358/1771/3
f 3255/2912/2 1043/3184/2 3095/2913/2
f 2359/1774/2 3095/2913/2 659/3183/2
f 658/3185/2 3255/2912/2 2359/1774/2
f 3256/2909/1 1042/3186/1 3094/2910/1
f 2360/1777/1 3094/2910/1 658/3185/1
f 657/3187/1 3256/2909/1 2360/1777/1
f 3257/2906/33 1041/3188/33 3093/2907/33
f 2361/1780/33 3093/2907/33 657/3187/33
f 656/3189/33 3257/2906/33 2361/1780/33
f 3258/2903/32 1040/3190/32 3092/2904/32
f 2362/1783/32 3092/2904/32 656/3189/32
f 655/3191/32 3258/2903/32 2362/1783/32
f 3259/2900/30 1039/3192/30 3091/2901/30
f 2363/1786/30 3091/2901/30 655/3191/30
f 654/3193/30 3259/2900/30 2363/1786/30
f 3260/2897/29 1038/3194/29 3090/2898/29
f 2364/1789/29 3090/2898/29 654/3193/29
f 653/3195/29 3260/2897/29 2364/1789/29
f 3261/2894/28 1037/3196/28 3089/2895/28
f 2365/1792/28 3089/2895/28 653/3195/28
f 652/3197/28 3261/2894/28 2365/1792/28
f 3262/2891/27 1036/3198/27 3088/2892/27
f 2366/1795/27 3088/2892/27 652/3197/27
f 651/3199/27 3262/2891/27 2366/1795/27
f 3263/2888/26 1035/3200/26 3087/2889/26
f 2367/1798/26 3087/2889/26 651/3199/26
f 650/3201/26 3263/2888/26 2367/1798/26
f 3264/2885/25 1034/3202/25 3086/2886/25
f 2368/1801/25 3086/2886/25 650/3201/25
f 649/3203/25 3264/2885/25 2368/1801/25
f 3265/2882/24 1033/3204/24 3085/2883/24
f 2369/1804/24 3085/2883/24 649/3203/24
f 648/3205/24 3265/2882/24 2369/1804/24
f 3266/2879/23 1032/3206/23 3084/2880/23
f 2370/1807/23 3084/2880/23 648/3205/23
f 647/3207/23 3266/2879/23 2370/1807/23
f 3267/2876/22 1031/3208/22 3083/2877/22
f 2371/1810/22 3083/2877/22 647/3207/22
f 646/3209/22 3267/2876/22 2371/1810/22
f 3268/2873/21 1030/3210/21 3082/2874/21
f 2372/1813/21 3082/2874/21 646/3209/21
f 645/3211/21 3268/2873/21 2372/1813/21
f 3269/2870/21 998/3064/21 3018/2865/21
f 3109/2872/21 3018/2865/21 1030/3210/21
f 1029/3153/21 3269/2870/21 3109/2872/21
f 3270/2867/22 999/3067/22 3019/2862/22
f 3110/2875/22 3019/2862/22 1031/3208/22
f 1030/3210/22 3270/2867/22 3110/2875/22
f 3271/2864/23 1000/3069/23 3020/2859/23
f 3111/2878/23 3020/2859/23 1032/3206/23
f 1031/3208/23 3271/2864/23 3111/2878/23
f 3272/2861/24 1001/3071/24 3021/2856/24
f 3112/2881/24 3021/2856/24 1033/3204/24
f 1032/3206/24 3272/2861/24 3112/2881/24
f 3273/2858/25 1002/3073/25 3022/2853/25
f 3113/2884/25 3022/2853/25 1034/3202/25
f 1033/3204/25 3273/2858/25 3113/2884/25
f 3274/2855/26 1003/3075/26 3023/2850/26
f 3114/2887/26 3023/2850/26 1035/3200/26
f 1034/3202/26 3274/2855/26 3114/2887/26
f 3275/2852/27 1004/3077/27 3024/2847/27
f 3115/2890/27 3024/2847/27 1036/3198/27
f 1035/3200/27 3275/2852/27 3115/2890/27
f 3276/2849/28 1005/3079/28 3025/2844/28
f 3116/2893/28 3025/2844/28 1037/3196/28
f 1036/3198/28 3276/2849/28 3116/2893/28
f 3277/2846/29 1006/3081/29 3026/2841/29
f 3117/2896/29 3026/2841/29 1038/3194/29
f 1037/3196/29 3277/2846/29 3117/2896/29
f 3278/2843/30 1007/3083/30 3027/2838/30
f 3118/2899/30 3027/2838/30 1039/3192/30
f 1038/3194/30 3278/2843/30 3118/2899/30
f 3279/2840/32 1008/3085/32 3028/2835/32
f 3119/2902/32 3028/2835/32 1040/3190/32
f 1039/3192/32 3279/2840/32 3119/2902/32
f 3280/2837/33 1009/3087/33 3029/2832/33
f 3120/2905/33 3029/2832/33 1041/3188/33
f 1040/3190/33 3280/2837/33 3120/2905/33
f 3030/3212/1 3064/2833/1 1010/2830/1
f 3121/2908/1 3030/3212/1 1042/3186/1
f 1041/3188/1 3281/2834/1 3121/2908/1
f 3282/2829/2 1011/3090/2 3031/2826/2
f 1043/3184/2 3282/2829/2 3031/2826/2
f 3122/2911/2 3030/3212/2 3282/2829/2
f 3283/2828/3 1012/3092/3 3032/2823/3
f 3123/2914/3 3032/2823/3 1044/3182/3
f 1043/3184/3 3283/2828/3 3123/2914/3
f 3284/2825/4 1013/3094/4 3033/2953/4
f 3124/2917/4 3033/2953/4 1045/3179/4
f 1044/3182/4 3284/2825/4 3124/2917/4
f 3285/2822/17 1058/3213/17 3173/2967/17
f 3141/2818/17 3173/2967/17 1057/3145/17
f 993/3147/17 3285/2822/17 3141/2818/17
f 3286/2819/18 1057/3145/18 3174/2970/18
f 3143/2815/18 3174/2970/18 1059/3142/18
f 995/3149/18 3286/2819/18 3143/2815/18
f 3287/2816/19 1059/3142/19 3175/2973/19
f 3144/2812/19 3175/2973/19 1060/3139/19
f 996/3151/19 3287/2816/19 3144/2812/19
f 3288/2813/20 1060/3139/20 3176/2976/20
f 3145/3060/20 3176/2976/20 1061/3136/20
f 997/3065/20 3288/2813/20 3145/3060/20
f 3289/2810/5 1077/3093/5 3177/2979/5
f 3162/2806/5 3177/2979/5 1078/3132/5
f 1014/3154/5 3289/2810/5 3162/2806/5
f 3290/2807/6 1078/3132/6 3178/2982/6
f 3163/2803/6 3178/2982/6 1079/3129/6
f 1015/3156/6 3290/2807/6 3163/2803/6
f 3291/2804/7 1079/3129/7 3179/2985/7
f 3164/2800/7 3179/2985/7 1080/3126/7
f 1016/3158/7 3291/2804/7 3164/2800/7
f 3292/2801/8 1080/3126/8 3180/2988/8
f 3165/2797/8 3180/2988/8 1081/3123/8
f 1017/3160/8 3292/2801/8 3165/2797/8
f 3293/2798/9 1081/3123/9 3181/2991/9
f 3166/2794/9 3181/2991/9 1082/3120/9
f 1018/3162/9 3293/2798/9 3166/2794/9
f 3294/2795/10 1082/3120/10 3182/2994/10
f 3167/2791/10 3182/2994/10 1083/3117/10
f 1019/3164/10 3294/2795/10 3167/2791/10
f 3295/2792/11 1083/3117/11 3183/2997/11
f 3168/2788/11 3183/2997/11 1084/3114/11
f 1020/3166/11 3295/2792/11 3168/2788/11
f 3296/2789/12 1084/3114/12 3184/3000/12
f 3169/2785/12 3184/3000/12 1085/3111/12
f 1021/3168/12 3296/2789/12 3169/2785/12
f 3297/2786/13 1085/3111/13 3185/3003/13
f 3170/2782/13 3185/3003/13 1086/3108/13
f 1022/3170/13 3297/2786/13 3170/2782/13
f 3298/2783/14 1086/3108/14 3186/3006/14
f 3171/2779/14 3186/3006/14 1087/3105/14
f 1023/3172/14 3298/2783/14 3171/2779/14
f 3299/2780/15 1087/3105/15 3187/3009/15
f 3172/2777/15 3187/3009/15 1088/3102/15
f 3172/2777/15 3046/2778/15 3299/2780/15
f 3300/2775/16 1088/3102/16 3188/3012/16
f 3142/3214/16 3188/3012/16 1058/3099/16
f 3142/3214/16 3045/3175/16 3300/2775/16
f 3301/2774/4 981/3215/4 2969/1876/4
f 2420/1861/4 2969/1876/4 693/3216/4
f 692/3217/4 3301/2774/4 2420/1861/4
f 3302/2771/3 980/3218/3 2968/2772/3
f 2419/1858/3 2968/2772/3 692/3217/3
f 691/3219/3 3302/2771/3 2419/1858/3
f 3303/2768/2 979/3220/2 2967/2769/2
f 2418/1855/2 2967/2769/2 691/3219/2
f 2418/1855/2 2966/2766/2 3303/2768/2
f 3304/2765/1 978/3221/1 2966/2766/1
f 690/3222/1 3304/2765/1 2966/2766/1
f 689/3223/1 3304/2765/1 2417/1852/1
f 3305/2762/33 977/3224/33 2965/2763/33
f 2416/1849/33 2965/2763/33 689/3223/33
f 688/3225/33 3305/2762/33 2416/1849/33
f 3306/2759/32 976/3226/32 2964/2760/32
f 2415/1846/32 2964/2760/32 688/3225/32
f 687/3227/32 3306/2759/32 2415/1846/32
f 3307/2756/30 975/3228/30 2963/2757/30
f 2414/1843/30 2963/2757/30 687/3227/30
f 686/3229/30 3307/2756/30 2414/1843/30
f 3308/2753/29 974/3230/29 2962/2754/29
f 2413/1840/29 2962/2754/29 686/3229/29
f 685/3231/29 3308/2753/29 2413/1840/29
f 3309/2750/28 973/3232/28 2961/2751/28
f 2412/1837/28 2961/2751/28 685/3231/28
f 684/3233/28 3309/2750/28 2412/1837/28
f 3310/2747/27 972/3234/27 2960/2748/27
f 2411/1834/27 2960/2748/27 684/3233/27
f 683/3235/27 3310/2747/27 2411/1834/27
f 3311/2744/26 971/3236/26 2959/2745/26
f 2410/1831/26 2959/2745/26 683/3235/26
f 682/3237/26 3311/2744/26 2410/1831/26
f 3312/2741/25 970/3238/25 2958/2742/25
f 2409/1828/25 2958/2742/25 682/3237/25
f 681/3239/25 3312/2741/25 2409/1828/25
f 3313/2738/24 969/3240/24 2957/2739/24
f 2408/1825/24 2957/2739/24 681/3239/24
f 680/3241/24 3313/2738/24 2408/1825/24
f 3314/2735/23 968/3242/23 2956/2736/23
f 2407/1822/23 2956/2736/23 680/3241/23
f 679/3243/23 3314/2735/23 2407/1822/23
f 3315/2732/22 967/3244/22 2955/2733/22
f 2406/1819/22 2955/2733/22 679/3243/22
f 678/3245/22 3315/2732/22 2406/1819/22
f 3316/2729/21 966/3246/21 2954/2730/21
f 2405/1816/21 2954/2730/21 678/3245/21
f 677/3247/21 3316/2729/21 2405/1816/21
f 3317/2726/17 642/3248/17 2341/1719/17
f 2309/2722/17 2341/1719/17 641/3249/17
f 961/3250/17 3317/2726/17 2309/2722/17
f 3318/2723/18 641/3249/18 2342/1722/18
f 2311/2719/18 2342/1722/18 643/3251/18
f 963/3252/18 3318/2723/18 2311/2719/18
f 3319/2720/19 643/3251/19 2343/1725/19
f 2312/2716/19 2343/1725/19 644/3253/19
f 964/3254/19 3319/2720/19 2312/2716/19
f 3320/2717/20 644/3253/20 2344/1728/20
f 2313/1812/20 2344/1728/20 645/3211/20
f 965/3255/20 3320/2717/20 2313/1812/20
f 3321/2714/5 661/3180/5 2345/1731/5
f 2330/2710/5 2345/1731/5 662/3256/5
f 982/3257/5 3321/2714/5 2330/2710/5
f 3322/2711/6 662/3256/6 2346/1734/6
f 2331/2707/6 2346/1734/6 663/3258/6
f 983/3259/6 3322/2711/6 2331/2707/6
f 3323/2708/7 663/3258/7 2347/1737/7
f 2332/2704/7 2347/1737/7 664/3260/7
f 984/3261/7 3323/2708/7 2332/2704/7
f 3324/2705/8 664/3260/8 2348/1740/8
f 2333/2701/8 2348/1740/8 665/3262/8
f 985/3263/8 3324/2705/8 2333/2701/8
f 3325/2702/9 665/3262/9 2349/1743/9
f 2334/2698/9 2349/1743/9 666/3264/9
f 986/3265/9 3325/2702/9 2334/2698/9
f 3326/2699/10 666/3264/10 2350/1746/10
f 2335/2695/10 2350/1746/10 667/3266/10
f 987/3267/10 3326/2699/10 2335/2695/10
f 3327/2696/11 667/3266/11 2351/1749/11
f 2336/2692/11 2351/1749/11 668/3268/11
f 988/3269/11 3327/2696/11 2336/2692/11
f 3328/2693/12 668/3268/12 2352/1752/12
f 2337/2689/12 2352/1752/12 669/3270/12
f 989/3271/12 3328/2693/12 2337/2689/12
f 3329/2690/13 669/3270/13 2353/1755/13
f 2338/2686/13 2353/1755/13 670/3272/13
f 990/3273/13 3329/2690/13 2338/2686/13
f 3330/2687/14 670/3272/14 2354/1758/14
f 2339/2683/14 2354/1758/14 671/3274/14
f 991/3275/14 3330/2687/14 2339/2683/14
f 3331/2684/15 671/3274/15 2355/1761/15
f 2340/2680/15 2355/1761/15 672/3276/15
f 992/3277/15 3331/2684/15 2340/2680/15
f 3332/2681/16 672/3276/16 2356/1764/16
f 2310/3278/16 2356/1764/16 642/3279/16
f 962/3280/16 3332/2681/16 2310/3278/16
f 3333/2678/17 866/3281/17 2820/2484/17
f 2757/2674/17 2820/2484/17 865/3282/17
f 929/3283/17 3333/2678/17 2757/2674/17
f 3334/2675/18 865/3282/18 2819/2481/18
f 2759/2671/18 2819/2481/18 867/3284/18
f 931/3285/18 3334/2675/18 2759/2671/18
f 3335/2672/19 867/3284/19 2818/2478/19
f 2760/2668/19 2818/2478/19 868/3286/19
f 932/3287/19 3335/2672/19 2760/2668/19
f 3336/2669/20 868/3286/20 2817/2475/20
f 2761/2436/20 2817/2475/20 869/3288/20
f 933/3289/20 3336/2669/20 2761/2436/20
f 3337/2666/5 885/3290/5 2816/2472/5
f 2778/2662/5 2816/2472/5 886/3291/5
f 950/3292/5 3337/2666/5 2778/2662/5
f 3338/2663/6 886/3291/6 2815/2469/6
f 2779/2659/6 2815/2469/6 887/3293/6
f 951/3294/6 3338/2663/6 2779/2659/6
f 3339/2660/7 887/3293/7 2814/2466/7
f 2780/2656/7 2814/2466/7 888/3295/7
f 952/3296/7 3339/2660/7 2780/2656/7
f 3340/2657/8 888/3295/8 2813/2463/8
f 2781/2653/8 2813/2463/8 889/3297/8
f 953/3298/8 3340/2657/8 2781/2653/8
f 3341/2654/9 889/3297/9 2812/2460/9
f 2782/2650/9 2812/2460/9 890/3299/9
f 954/3300/9 3341/2654/9 2782/2650/9
f 3342/2651/10 890/3299/10 2811/2457/10
f 2783/2647/10 2811/2457/10 891/3301/10
f 955/3302/10 3342/2651/10 2783/2647/10
f 3343/2648/11 891/3301/11 2810/2454/11
f 2784/2644/11 2810/2454/11 892/3303/11
f 956/3304/11 3343/2648/11 2784/2644/11
f 3344/2645/12 892/3303/12 2809/2451/12
f 2785/2641/12 2809/2451/12 893/3305/12
f 957/3306/12 3344/2645/12 2785/2641/12
f 3345/2642/13 893/3305/13 2808/2448/13
f 2786/2638/13 2808/2448/13 894/3307/13
f 958/3308/13 3345/2642/13 2786/2638/13
f 3346/2639/14 894/3307/14 2807/2445/14
f 2787/2635/14 2807/2445/14 895/3309/14
f 959/3310/14 3346/2639/14 2787/2635/14
f 3347/2636/15 895/3309/15 2806/2442/15
f 896/2440/15 3347/2636/15 2806/2442/15
f 960/3311/15 3347/2636/15 2788/2632/15
f 2805/3312/16 2788/2632/16 896/2440/16
f 866/3313/16 3348/2633/16 2805/3312/16
f 930/3314/16 3348/2633/16 2758/3315/16
f 3349/2630/4 949/3316/4 2905/170/4
f 1209/3317/4 2905/170/4 77/3318/4
f 76/3319/4 3349/2630/4 1209/3317/4
f 3350/2627/3 948/3320/3 2904/2628/3
f 1208/3321/3 2904/2628/3 76/3319/3
f 95/3322/3 3350/2627/3 1208/3321/3
f 3351/2624/2 947/3323/2 2903/2625/2
f 1207/3324/2 2903/2625/2 95/3322/2
f 79/3325/2 3351/2624/2 1207/3324/2
f 3352/2621/1 946/3326/1 2902/2622/1
f 1206/3327/1 2902/2622/1 79/3325/1
f 81/3328/1 3352/2621/1 1206/3327/1
f 3353/2618/33 945/3329/33 2901/2619/33
f 1205/3330/33 2901/2619/33 81/3328/33
f 80/3331/33 3353/2618/33 1205/3330/33
f 3354/2615/32 944/3332/32 2900/2616/32
f 1204/3333/32 2900/2616/32 80/3331/32
f 85/3334/32 3354/2615/32 1204/3333/32
f 3355/2612/30 943/3335/30 2899/2613/30
f 1203/3336/30 2899/2613/30 85/3334/30
f 82/3337/30 3355/2612/30 1203/3336/30
f 3356/2609/29 942/3338/29 2898/2610/29
f 1202/3339/29 2898/2610/29 82/3337/29
f 84/3340/29 3356/2609/29 1202/3339/29
f 3357/2606/28 941/3341/28 2897/2607/28
f 1201/3342/28 2897/2607/28 84/3340/28
f 83/3343/28 3357/2606/28 1201/3342/28
f 3358/2603/27 940/3344/27 2896/2604/27
f 1200/3345/27 2896/2604/27 83/3343/27
f 96/3346/27 3358/2603/27 1200/3345/27
f 3359/2600/26 939/3347/26 2895/2601/26
f 1199/3348/26 2895/2601/26 96/3346/26
f 90/3349/26 3359/2600/26 1199/3348/26
f 3360/2597/25 938/3350/25 2894/2598/25
f 1198/3351/25 2894/2598/25 90/3349/25
f 89/3352/25 3360/2597/25 1198/3351/25
f 3361/2594/24 937/3353/24 2893/2595/24
f 1197/3354/24 2893/2595/24 89/3352/24
f 91/3355/24 3361/2594/24 1197/3354/24
f 3362/2591/23 936/3356/23 2892/2592/23
f 1196/3357/23 2892/2592/23 91/3355/23
f 92/3358/23 3362/2591/23 1196/3357/23
f 3363/2588/22 935/3359/22 2891/2589/22
f 1195/3360/22 2891/2589/22 92/3358/22
f 87/3361/22 3363/2588/22 1195/3360/22
f 3364/2585/21 934/3362/21 2890/2586/21
f 1194/3363/21 2890/2586/21 87/3361/21
f 88/3364/21 3364/2585/21 1194/3363/21
f 3365/2582/21 902/3365/21 2826/2577/21
f 2804/2437/21 2826/2577/21 870/3366/21
f 869/3288/21 3365/2582/21 2804/2437/21
f 3366/2579/22 903/3367/22 2827/2574/22
f 2803/2434/22 2827/2574/22 871/3368/22
f 870/3366/22 3366/2579/22 2803/2434/22
f 3367/2576/23 904/3369/23 2828/2571/23
f 2802/2431/23 2828/2571/23 872/3370/23
f 871/3368/23 3367/2576/23 2802/2431/23
f 3368/2573/24 905/3371/24 2829/2568/24
f 2801/2428/24 2829/2568/24 873/3372/24
f 872/3370/24 3368/2573/24 2801/2428/24
f 3369/2570/25 906/3373/25 2830/2565/25
f 2800/2425/25 2830/2565/25 874/3374/25
f 873/3372/25 3369/2570/25 2800/2425/25
f 3370/2567/26 907/3375/26 2831/2562/26
f 2799/2422/26 2831/2562/26 875/3376/26
f 874/3374/26 3370/2567/26 2799/2422/26
f 3371/2564/27 908/3377/27 2832/2559/27
f 2798/2419/27 2832/2559/27 876/3378/27
f 875/3376/27 3371/2564/27 2798/2419/27
f 3372/2561/28 909/3379/28 2833/2556/28
f 2797/2416/28 2833/2556/28 877/3380/28
f 876/3378/28 3372/2561/28 2797/2416/28
f 3373/2558/29 910/3381/29 2834/2553/29
f 2796/2413/29 2834/2553/29 878/3382/29
f 877/3380/29 3373/2558/29 2796/2413/29
f 3374/2555/30 911/3383/30 2835/2550/30
f 2795/2410/30 2835/2550/30 879/3384/30
f 878/3382/30 3374/2555/30 2795/2410/30
f 3375/2552/32 912/3385/32 2836/2547/32
f 2794/2407/32 2836/2547/32 880/3386/32
f 879/3384/32 3375/2552/32 2794/2407/32
f 3376/2549/33 913/3387/33 2837/2544/33
f 2793/2404/33 2837/2544/33 881/3388/33
f 880/3386/33 3376/2549/33 2793/2404/33
f 3377/2546/1 914/2542/1 2838/3389/1
f 882/2398/1 3377/2546/1 2838/3389/1
f 881/3388/1 3377/2546/1 2792/2401/1
f 2839/2538/2 2871/2543/2 915/3390/2
f 2791/2399/2 2839/2538/2 883/3391/2
f 882/2398/2 3378/2541/2 2791/2399/2
f 3379/2540/3 916/3392/3 2840/2535/3
f 2790/2395/3 2840/2535/3 884/3393/3
f 883/3391/3 3379/2540/3 2790/2395/3
f 3380/2537/4 917/3394/4 2841/2473/4
f 2789/2392/4 2841/2473/4 885/3290/4
f 884/3393/4 3380/2537/4 2789/2392/4
f 3381/2534/16 768/3395/16 2549/2055/16
f 2502/3396/16 2549/2055/16 738/3397/16
f 898/3398/16 3381/2534/16 2502/3396/16
f 3382/2531/15 767/3399/15 2550/2058/15
f 2532/2533/15 2550/2058/15 768/3395/15
f 928/3400/15 3382/2531/15 2532/2533/15
f 3383/2528/14 766/3401/14 2551/2061/14
f 2531/2530/14 2551/2061/14 767/3399/14
f 927/3402/14 3383/2528/14 2531/2530/14
f 3384/2525/13 765/3403/13 2552/2064/13
f 2530/2527/13 2552/2064/13 766/3401/13
f 926/3404/13 3384/2525/13 2530/2527/13
f 3385/2522/12 764/3405/12 2553/2067/12
f 2529/2524/12 2553/2067/12 765/3403/12
f 925/3406/12 3385/2522/12 2529/2524/12
f 3386/2519/11 763/3407/11 2554/2070/11
f 2528/2521/11 2554/2070/11 764/3405/11
f 924/3408/11 3386/2519/11 2528/2521/11
f 3387/2516/10 762/3409/10 2555/2073/10
f 2527/2518/10 2555/2073/10 763/3407/10
f 923/3410/10 3387/2516/10 2527/2518/10
f 3388/2513/9 761/3411/9 2556/2076/9
f 2526/2515/9 2556/2076/9 762/3409/9
f 922/3412/9 3388/2513/9 2526/2515/9
f 3389/2510/8 760/3413/8 2557/2079/8
f 2525/2512/8 2557/2079/8 761/3411/8
f 921/3414/8 3389/2510/8 2525/2512/8
f 3390/2507/7 759/3415/7 2558/2082/7
f 2524/2509/7 2558/2082/7 760/3413/7
f 920/3416/7 3390/2507/7 2524/2509/7
f 3391/2504/6 758/3417/6 2559/2085/6
f 2523/2506/6 2559/2085/6 759/3415/6
f 919/3418/6 3391/2504/6 2523/2506/6
f 3392/2501/5 757/3419/5 2560/2088/5
f 2522/2503/5 2560/2088/5 758/3417/5
f 918/3420/5 3392/2501/5 2522/2503/5
f 3393/2498/20 740/3421/20 2561/2091/20
f 2505/2007/20 2561/2091/20 741/3422/20
f 901/3423/20 3393/2498/20 2505/2007/20
f 3394/2495/19 739/3424/19 2562/2094/19
f 2504/2497/19 2562/2094/19 740/3421/19
f 900/3425/19 3394/2495/19 2504/2497/19
f 3395/2492/18 737/3426/18 2563/2097/18
f 2503/2494/18 2563/2097/18 739/3424/18
f 899/3427/18 3395/2492/18 2503/2494/18
f 3396/2489/17 738/3428/17 2564/2100/17
f 2501/2491/17 2564/2100/17 737/3426/17
f 897/3429/17 3396/2489/17 2501/2491/17
f 3397/2486/17 898/3430/17 2853/2487/17
f 2821/2482/17 2853/2487/17 897/3429/17
f 865/3282/17 3397/2486/17 2821/2482/17
f 3398/2483/18 897/3429/18 2854/2490/18
f 2823/2479/18 2854/2490/18 899/3427/18
f 867/3284/18 3398/2483/18 2823/2479/18
f 3399/2480/19 899/3427/19 2855/2493/19
f 2824/2476/19 2855/2493/19 900/3425/19
f 868/3286/19 3399/2480/19 2824/2476/19
f 3400/2477/20 900/3425/20 2856/2496/20
f 2825/2580/20 2856/2496/20 901/3423/20
f 869/3288/20 3400/2477/20 2825/2580/20
f 3401/2474/5 917/3394/5 2857/2499/5
f 2842/2470/5 2857/2499/5 918/3420/5
f 886/3291/5 3401/2474/5 2842/2470/5
f 3402/2471/6 918/3420/6 2858/2502/6
f 2843/2467/6 2858/2502/6 919/3418/6
f 887/3293/6 3402/2471/6 2843/2467/6
f 3403/2468/7 919/3418/7 2859/2505/7
f 2844/2464/7 2859/2505/7 920/3416/7
f 888/3295/7 3403/2468/7 2844/2464/7
f 3404/2465/8 920/3416/8 2860/2508/8
f 2845/2461/8 2860/2508/8 921/3414/8
f 889/3297/8 3404/2465/8 2845/2461/8
f 3405/2462/9 921/3414/9 2861/2511/9
f 2846/2458/9 2861/2511/9 922/3412/9
f 890/3299/9 3405/2462/9 2846/2458/9
f 3406/2459/10 922/3412/10 2862/2514/10
f 2847/2455/10 2862/2514/10 923/3410/10
f 891/3301/10 3406/2459/10 2847/2455/10
f 3407/2456/11 923/3410/11 2863/2517/11
f 2848/2452/11 2863/2517/11 924/3408/11
f 892/3303/11 3407/2456/11 2848/2452/11
f 3408/2453/12 924/3408/12 2864/2520/12
f 2849/2449/12 2864/2520/12 925/3406/12
f 893/3305/12 3408/2453/12 2849/2449/12
f 3409/2450/13 925/3406/13 2865/2523/13
f 2850/2446/13 2865/2523/13 926/3404/13
f 894/3307/13 3409/2450/13 2850/2446/13
f 3410/2447/14 926/3404/14 2866/2526/14
f 2851/2443/14 2866/2526/14 927/3402/14
f 895/3309/14 3410/2447/14 2851/2443/14
f 3411/2444/15 927/3402/15 2867/2529/15
f 2852/2441/15 2867/2529/15 928/3400/15
f 2852/2441/15 2806/2442/15 3411/2444/15
f 3412/2439/16 928/3400/16 2868/2532/16
f 2822/3431/16 2868/2532/16 898/3398/16
f 866/3313/16 3412/2439/16 2822/3431/16
f 3413/2438/21 870/3366/21 2762/2433/21
f 2917/2584/21 2762/2433/21 934/3362/21
f 933/3289/21 3413/2438/21 2917/2584/21
f 3414/2435/22 871/3368/22 2763/2430/22
f 2918/2587/22 2763/2430/22 935/3359/22
f 934/3362/22 3414/2435/22 2918/2587/22
f 3415/2432/23 872/3370/23 2764/2427/23
f 2919/2590/23 2764/2427/23 936/3356/23
f 935/3359/23 3415/2432/23 2919/2590/23
f 3416/2429/24 873/3372/24 2765/2424/24
f 2920/2593/24 2765/2424/24 937/3353/24
f 936/3356/24 3416/2429/24 2920/2593/24
f 3417/2426/25 874/3374/25 2766/2421/25
f 2921/2596/25 2766/2421/25 938/3350/25
f 937/3353/25 3417/2426/25 2921/2596/25
f 3418/2423/26 875/3376/26 2767/2418/26
f 2922/2599/26 2767/2418/26 939/3347/26
f 938/3350/26 3418/2423/26 2922/2599/26
f 3419/2420/27 876/3378/27 2768/2415/27
f 2923/2602/27 2768/2415/27 940/3344/27
f 939/3347/27 3419/2420/27 2923/2602/27
f 3420/2417/28 877/3380/28 2769/2412/28
f 2924/2605/28 2769/2412/28 941/3341/28
f 940/3344/28 3420/2417/28 2924/2605/28
f 3421/2414/29 878/3382/29 2770/2409/29
f 2925/2608/29 2770/2409/29 942/3338/29
f 941/3341/29 3421/2414/29 2925/2608/29
f 3422/2411/30 879/3384/30 2771/2406/30
f 2926/2611/30 2771/2406/30 943/3335/30
f 942/3338/30 3422/2411/30 2926/2611/30
f 3423/2408/32 880/3386/32 2772/2403/32
f 2927/2614/32 2772/2403/32 944/3332/32
f 943/3335/32 3423/2408/32 2927/2614/32
f 3424/2405/33 881/3388/33 2773/2400/33
f 2928/2617/33 2773/2400/33 945/3329/33
f 944/3332/33 3424/2405/33 2928/2617/33
f 2774/3432/1 2792/2401/1 882/2398/1
f 946/3326/1 3425/2402/1 2774/3432/1
f 945/3329/1 3425/2402/1 2929/2620/1
f 3426/2397/2 883/3391/2 2775/2394/2
f 2930/2623/2 2775/2394/2 947/3323/2
f 946/3326/2 3426/2397/2 2930/2623/2
f 3427/2396/3 884/3393/3 2776/2391/3
f 2931/2626/3 2776/2391/3 948/3320/3
f 947/3323/3 3427/2396/3 2931/2626/3
f 3428/2393/4 885/3290/4 2777/2665/4
f 2932/2629/4 2777/2665/4 949/3316/4
f 948/3320/4 3428/2393/4 2932/2629/4
f 2612/3433/16 2596/2389/16 800/2149/16
f 2566/3434/16 2612/3433/16 770/3435/16
f 834/3436/16 3429/2390/16 2566/3434/16
f 2611/2145/15 2595/2386/15 799/3437/15
f 800/2149/15 3430/2387/15 2611/2145/15
f 864/3438/15 3430/2387/15 2596/2389/15
f 3431/2384/14 798/3439/14 2610/2142/14
f 2595/2386/14 2610/2142/14 799/3437/14
f 863/3440/14 3431/2384/14 2595/2386/14
f 3432/2381/13 797/3441/13 2609/2139/13
f 2594/2383/13 2609/2139/13 798/3439/13
f 862/3442/13 3432/2381/13 2594/2383/13
f 3433/2378/12 796/3443/12 2608/2136/12
f 2593/2380/12 2608/2136/12 797/3441/12
f 861/3444/12 3433/2378/12 2593/2380/12
f 3434/2375/11 795/3445/11 2607/2133/11
f 2592/2377/11 2607/2133/11 796/3443/11
f 860/3446/11 3434/2375/11 2592/2377/11
f 3435/2372/10 794/3447/10 2606/2130/10
f 2591/2374/10 2606/2130/10 795/3445/10
f 859/3448/10 3435/2372/10 2591/2374/10
f 3436/2369/9 793/3449/9 2605/2127/9
f 2590/2371/9 2605/2127/9 794/3447/9
f 858/3450/9 3436/2369/9 2590/2371/9
f 3437/2366/8 792/3451/8 2604/2124/8
f 2589/2368/8 2604/2124/8 793/3449/8
f 857/3452/8 3437/2366/8 2589/2368/8
f 3438/2363/7 791/3453/7 2603/2121/7
f 2588/2365/7 2603/2121/7 792/3451/7
f 856/3454/7 3438/2363/7 2588/2365/7
f 3439/2360/6 790/3455/6 2602/2118/6
f 2587/2362/6 2602/2118/6 791/3453/6
f 855/3456/6 3439/2360/6 2587/2362/6
f 3440/2357/5 789/3457/5 2601/2115/5
f 2586/2359/5 2601/2115/5 790/3455/5
f 854/3458/5 3440/2357/5 2586/2359/5
f 3441/2354/20 772/3459/20 2600/2112/20
f 2569/2151/20 2600/2112/20 773/3460/20
f 837/3461/20 3441/2354/20 2569/2151/20
f 3442/2351/19 771/3462/19 2599/2109/19
f 2568/2353/19 2599/2109/19 772/3459/19
f 836/3463/19 3442/2351/19 2568/2353/19
f 3443/2348/18 769/3464/18 2598/2106/18
f 2567/2350/18 2598/2106/18 771/3462/18
f 835/3465/18 3443/2348/18 2567/2350/18
f 3444/2345/17 770/3466/17 2597/2103/17
f 2565/2347/17 2597/2103/17 769/3464/17
f 833/3467/17 3444/2345/17 2565/2347/17
f 3445/2342/21 838/3468/21 2698/2337/21
f 2533/2008/21 2698/2337/21 742/3469/21
f 741/3422/21 3445/2342/21 2533/2008/21
f 3446/2339/22 839/3470/22 2699/2334/22
f 2534/2011/22 2699/2334/22 743/3471/22
f 742/3469/22 3446/2339/22 2534/2011/22
f 3447/2336/23 840/3472/23 2700/2331/23
f 2535/2014/23 2700/2331/23 744/3473/23
f 743/3471/23 3447/2336/23 2535/2014/23
f 3448/2333/24 841/3474/24 2701/2328/24
f 2536/2017/24 2701/2328/24 745/3475/24
f 744/3473/24 3448/2333/24 2536/2017/24
f 3449/2330/25 842/3476/25 2702/2325/25
f 2537/2020/25 2702/2325/25 746/3477/25
f 745/3475/25 3449/2330/25 2537/2020/25
f 3450/2327/26 843/3478/26 2703/2322/26
f 2538/2023/26 2703/2322/26 747/3479/26
f 746/3477/26 3450/2327/26 2538/2023/26
f 3451/2324/27 844/3480/27 2704/2319/27
f 2539/2026/27 2704/2319/27 748/3481/27
f 747/3479/27 3451/2324/27 2539/2026/27
f 3452/2321/28 845/3482/28 2705/2316/28
f 2540/2029/28 2705/2316/28 749/3483/28
f 748/3481/28 3452/2321/28 2540/2029/28
f 3453/2318/29 846/3484/29 2706/2313/29
f 2541/2032/29 2706/2313/29 750/3485/29
f 749/3483/29 3453/2318/29 2541/2032/29
f 3454/2315/30 847/3486/30 2707/2310/30
f 2542/2035/30 2707/2310/30 751/3487/30
f 750/3485/30 3454/2315/30 2542/2035/30
f 3455/2312/32 848/3488/32 2708/2307/32
f 2543/2038/32 2708/2307/32 752/3489/32
f 751/3487/32 3455/2312/32 2543/2038/32
f 3456/2309/33 849/3490/33 2709/2304/33
f 2544/2041/33 2709/2304/33 753/3491/33
f 752/3489/33 3456/2309/33 2544/2041/33
f 3457/2306/1 850/3492/1 2710/2301/1
f 2545/2044/1 2710/2301/1 754/3493/1
f 753/3491/1 3457/2306/1 2545/2044/1
f 3458/2303/2 851/3494/2 2711/2298/2
f 2546/2047/2 2711/2298/2 755/3495/2
f 754/3493/2 3458/2303/2 2546/2047/2
f 3459/2300/3 852/3496/3 2712/2295/3
f 2547/2050/3 2712/2295/3 756/3497/3
f 755/3495/3 3459/2300/3 2547/2050/3
f 3460/2297/4 853/3498/4 2713/2089/4
f 2548/2053/4 2713/2089/4 757/3419/4
f 756/3497/4 3460/2297/4 2548/2053/4
f 3461/2294/4 821/3499/4 2649/2116/4
f 2628/2197/4 2649/2116/4 789/3457/4
f 788/3500/4 3461/2294/4 2628/2197/4
f 3462/2291/3 820/3501/3 2648/2292/3
f 2627/2194/3 2648/2292/3 788/3500/3
f 787/3502/3 3462/2291/3 2627/2194/3
f 3463/2288/2 819/3503/2 2647/2289/2
f 2626/2192/2 2647/2289/2 787/3502/2
f 786/2191/2 3463/2288/2 2626/2192/2
f 3464/2283/1 818/3504/1 2646/2286/1
f 2625/2188/1 2646/2286/1 786/2191/1
f 785/3505/1 3464/2283/1 2625/2188/1
f 3465/2282/33 817/2284/33 2645/3506/33
f 2624/2185/33 2645/3506/33 785/3505/33
f 784/3507/33 3465/2282/33 2624/2185/33
f 3466/2279/32 816/3508/32 2644/2280/32
f 2623/2182/32 2644/2280/32 784/3507/32
f 783/3509/32 3466/2279/32 2623/2182/32
f 3467/2276/30 815/3510/30 2643/2277/30
f 2622/2179/30 2643/2277/30 783/3509/30
f 782/3511/30 3467/2276/30 2622/2179/30
f 3468/2273/29 814/3512/29 2642/2274/29
f 2621/2176/29 2642/2274/29 782/3511/29
f 781/3513/29 3468/2273/29 2621/2176/29
f 3469/2270/28 813/3514/28 2641/2271/28
f 2620/2173/28 2641/2271/28 781/3513/28
f 780/3515/28 3469/2270/28 2620/2173/28
f 3470/2267/27 812/3516/27 2640/2268/27
f 2619/2170/27 2640/2268/27 780/3515/27
f 779/3517/27 3470/2267/27 2619/2170/27
f 3471/2264/26 811/3518/26 2639/2265/26
f 2618/2167/26 2639/2265/26 779/3517/26
f 778/3519/26 3471/2264/26 2618/2167/26
f 3472/2261/25 810/3520/25 2638/2262/25
f 2617/2164/25 2638/2262/25 778/3519/25
f 2617/2164/25 2637/2259/25 3472/2261/25
f 3473/2258/24 809/3521/24 2637/2259/24
f 2616/2161/24 2637/2259/24 777/3522/24
f 776/3523/24 3473/2258/24 2616/2161/24
f 3474/2255/23 808/3524/23 2636/2256/23
f 2615/2158/23 2636/2256/23 776/3523/23
f 775/3525/23 3474/2255/23 2615/2158/23
f 3475/2252/22 807/3526/22 2635/2253/22
f 2614/2155/22 2635/2253/22 775/3525/22
f 774/3527/22 3475/2252/22 2614/2155/22
f 3476/2249/21 806/3528/21 2634/2250/21
f 2613/2152/21 2634/2250/21 774/3527/21
f 773/3460/21 3476/2249/21 2613/2152/21
f 3477/2246/17 610/3529/17 2308/298/17
f 2245/2242/17 2308/298/17 609/3530/17
f 801/3531/17 3477/2246/17 2245/2242/17
f 3478/2243/18 609/3530/18 2307/295/18
f 2247/2239/18 2307/295/18 611/3532/18
f 803/3533/18 3478/2243/18 2247/2239/18
f 3479/2240/19 611/3532/19 2306/292/19
f 2248/2236/19 2306/292/19 612/3534/19
f 804/3535/19 3479/2240/19 2248/2236/19
f 3480/2237/20 612/3534/20 2305/289/20
f 2249/1709/20 2305/289/20 613/3536/20
f 805/3537/20 3480/2237/20 2249/1709/20
f 3481/2234/5 629/3538/5 2288/238/5
f 2266/2230/5 2288/238/5 630/3539/5
f 822/3540/5 3481/2234/5 2266/2230/5
f 3482/2231/6 630/3539/6 2287/235/6
f 2267/2227/6 2287/235/6 631/3541/6
f 823/3542/6 3482/2231/6 2267/2227/6
f 3483/2228/7 631/3541/7 2286/1666/7
f 2268/2224/7 2286/1666/7 632/233/7
f 824/3543/7 3483/2228/7 2268/2224/7
f 3484/2225/8 632/233/8 2285/1663/8
f 2269/2221/8 2285/1663/8 633/230/8
f 825/3544/8 3484/2225/8 2269/2221/8
f 3485/2222/9 633/230/9 2284/226/9
f 2270/2218/9 2284/226/9 634/3545/9
f 826/3546/9 3485/2222/9 2270/2218/9
f 3486/2219/10 634/3545/10 2283/223/10
f 2271/2215/10 2283/223/10 635/3547/10
f 827/3548/10 3486/2219/10 2271/2215/10
f 3487/2216/11 635/3547/11 2282/220/11
f 2272/2212/11 2282/220/11 636/3549/11
f 828/3550/11 3487/2216/11 2272/2212/11
f 3488/2213/12 636/3549/12 2281/217/12
f 2273/2209/12 2281/217/12 637/3551/12
f 829/3552/12 3488/2213/12 2273/2209/12
f 3489/2210/13 637/3551/13 2280/1652/13
f 2274/2206/13 2280/1652/13 638/3553/13
f 830/3554/13 3489/2210/13 2274/2206/13
f 3490/2207/14 638/3553/14 2279/1649/14
f 2275/2203/14 2279/1649/14 639/3555/14
f 831/3556/14 3490/2207/14 2275/2203/14
f 3491/2204/15 639/3555/15 2278/208/15
f 2276/2200/15 2278/208/15 640/3557/15
f 832/3558/15 3491/2204/15 2276/2200/15
f 3492/2201/16 640/3557/16 2277/205/16
f 2246/3559/16 2277/205/16 610/3560/16
f 802/3561/16 3492/2201/16 2246/3559/16
f 3493/2198/4 789/3457/4 2585/2356/4
f 2725/2296/4 2585/2356/4 853/3498/4
f 852/3496/4 3493/2198/4 2725/2296/4
f 3494/2195/3 788/3500/3 2584/2196/3
f 2726/2299/3 2584/2196/3 852/3496/3
f 851/3494/3 3494/2195/3 2726/2299/3
f 3495/2190/2 787/3502/2 2583/2193/2
f 2727/2302/2 2583/2193/2 851/3494/2
f 850/3492/2 3495/2190/2 2727/2302/2
f 2582/3562/1 2625/2188/1 786/2191/1
f 2728/2305/1 2582/3562/1 850/3492/1
f 849/3490/1 3496/2189/1 2728/2305/1
f 3497/2186/33 785/3505/33 2581/2187/33
f 2729/2308/33 2581/2187/33 849/3490/33
f 848/3488/33 3497/2186/33 2729/2308/33
f 3498/2183/32 784/3507/32 2580/2184/32
f 2730/2311/32 2580/2184/32 848/3488/32
f 847/3486/32 3498/2183/32 2730/2311/32
f 3499/2180/30 783/3509/30 2579/2181/30
f 2731/2314/30 2579/2181/30 847/3486/30
f 846/3484/30 3499/2180/30 2731/2314/30
f 3500/2177/29 782/3511/29 2578/2178/29
f 2732/2317/29 2578/2178/29 846/3484/29
f 845/3482/29 3500/2177/29 2732/2317/29
f 3501/2174/28 781/3513/28 2577/2175/28
f 2733/2320/28 2577/2175/28 845/3482/28
f 844/3480/28 3501/2174/28 2733/2320/28
f 3502/2171/27 780/3515/27 2576/2172/27
f 2734/2323/27 2576/2172/27 844/3480/27
f 843/3478/27 3502/2171/27 2734/2323/27
f 3503/2168/26 779/3517/26 2575/2169/26
f 2735/2326/26 2575/2169/26 843/3478/26
f 842/3476/26 3503/2168/26 2735/2326/26
f 3504/2165/25 778/3519/25 2574/2166/25
f 2736/2329/25 2574/2166/25 842/3476/25
f 841/3474/25 3504/2165/25 2736/2329/25
f 3505/2162/24 777/3522/24 2573/2163/24
f 2737/2332/24 2573/2163/24 841/3474/24
f 840/3472/24 3505/2162/24 2737/2332/24
f 3506/2159/23 776/3523/23 2572/2160/23
f 2738/2335/23 2572/2160/23 840/3472/23
f 839/3470/23 3506/2159/23 2738/2335/23
f 3507/2156/22 775/3525/22 2571/2157/22
f 2739/2338/22 2571/2157/22 839/3470/22
f 838/3468/22 3507/2156/22 2739/2338/22
f 3508/2153/21 774/3527/21 2570/2154/21
f 2740/2341/21 2570/2154/21 838/3468/21
f 837/3461/21 3508/2153/21 2740/2341/21
f 3509/2148/16 832/3558/16 2661/2199/16
f 2630/3563/16 2661/2199/16 802/3561/16
f 770/3435/16 3509/2148/16 2630/3563/16
f 3510/2147/15 831/3556/15 2662/2202/15
f 2660/2150/15 2662/2202/15 832/3558/15
f 800/2149/15 3510/2147/15 2660/2150/15
f 3511/2144/14 830/3554/14 2663/2205/14
f 2659/2146/14 2663/2205/14 831/3556/14
f 799/3437/14 3511/2144/14 2659/2146/14
f 3512/2141/13 829/3552/13 2664/2208/13
f 2658/2143/13 2664/2208/13 830/3554/13
f 798/3439/13 3512/2141/13 2658/2143/13
f 3513/2138/12 828/3550/12 2665/2211/12
f 2657/2140/12 2665/2211/12 829/3552/12
f 797/3441/12 3513/2138/12 2657/2140/12
f 3514/2135/11 827/3548/11 2666/2214/11
f 2656/2137/11 2666/2214/11 828/3550/11
f 796/3443/11 3514/2135/11 2656/2137/11
f 3515/2132/10 826/3546/10 2667/2217/10
f 2655/2134/10 2667/2217/10 827/3548/10
f 795/3445/10 3515/2132/10 2655/2134/10
f 3516/2129/9 825/3544/9 2668/2220/9
f 2654/2131/9 2668/2220/9 826/3546/9
f 794/3447/9 3516/2129/9 2654/2131/9
f 3517/2126/8 824/3543/8 2669/2223/8
f 2653/2128/8 2669/2223/8 825/3544/8
f 793/3449/8 3517/2126/8 2653/2128/8
f 3518/2123/7 823/3542/7 2670/2226/7
f 2652/2125/7 2670/2226/7 824/3543/7
f 792/3451/7 3518/2123/7 2652/2125/7
f 3519/2120/6 822/3540/6 2671/2229/6
f 2651/2122/6 2671/2229/6 823/3542/6
f 791/3453/6 3519/2120/6 2651/2122/6
f 3520/2117/5 821/3499/5 2672/2232/5
f 2650/2119/5 2672/2232/5 822/3540/5
f 790/3455/5 3520/2117/5 2650/2119/5
f 3521/2114/20 804/3535/20 2673/2235/20
f 2633/2247/20 2673/2235/20 805/3537/20
f 773/3460/20 3521/2114/20 2633/2247/20
f 3522/2111/19 803/3533/19 2674/2238/19
f 2632/2113/19 2674/2238/19 804/3535/19
f 772/3459/19 3522/2111/19 2632/2113/19
f 3523/2108/18 801/3531/18 2675/2241/18
f 2631/2110/18 2675/2241/18 803/3533/18
f 771/3462/18 3523/2108/18 2631/2110/18
f 3524/2105/17 802/3564/17 2676/2244/17
f 2629/2107/17 2676/2244/17 801/3531/17
f 769/3464/17 3524/2105/17 2629/2107/17
f 3525/2102/17 834/3565/17 2741/2343/17
f 2693/2098/17 2741/2343/17 833/3467/17
f 737/3426/17 3525/2102/17 2693/2098/17
f 3526/2099/18 833/3467/18 2742/2346/18
f 2695/2095/18 2742/2346/18 835/3465/18
f 739/3424/18 3526/2099/18 2695/2095/18
f 3527/2096/19 835/3465/19 2743/2349/19
f 2696/2092/19 2743/2349/19 836/3463/19
f 740/3421/19 3527/2096/19 2696/2092/19
f 3528/2093/20 836/3463/20 2744/2352/20
f 2697/2340/20 2744/2352/20 837/3461/20
f 741/3422/20 3528/2093/20 2697/2340/20
f 3529/2090/5 853/3498/5 2745/2355/5
f 2714/2086/5 2745/2355/5 854/3458/5
f 758/3417/5 3529/2090/5 2714/2086/5
f 3530/2087/6 854/3458/6 2746/2358/6
f 2715/2083/6 2746/2358/6 855/3456/6
f 759/3415/6 3530/2087/6 2715/2083/6
f 3531/2084/7 855/3456/7 2747/2361/7
f 2716/2080/7 2747/2361/7 856/3454/7
f 760/3413/7 3531/2084/7 2716/2080/7
f 3532/2081/8 856/3454/8 2748/2364/8
f 2717/2077/8 2748/2364/8 857/3452/8
f 761/3411/8 3532/2081/8 2717/2077/8
f 3533/2078/9 857/3452/9 2749/2367/9
f 2718/2074/9 2749/2367/9 858/3450/9
f 762/3409/9 3533/2078/9 2718/2074/9
f 3534/2075/10 858/3450/10 2750/2370/10
f 2719/2071/10 2750/2370/10 859/3448/10
f 763/3407/10 3534/2075/10 2719/2071/10
f 3535/2072/11 859/3448/11 2751/2373/11
f 2720/2068/11 2751/2373/11 860/3446/11
f 764/3405/11 3535/2072/11 2720/2068/11
f 3536/2069/12 860/3446/12 2752/2376/12
f 2721/2065/12 2752/2376/12 861/3444/12
f 765/3403/12 3536/2069/12 2721/2065/12
f 3537/2066/13 861/3444/13 2753/2379/13
f 2722/2062/13 2753/2379/13 862/3442/13
f 766/3401/13 3537/2066/13 2722/2062/13
f 3538/2063/14 862/3442/14 2754/2382/14
f 2723/2059/14 2754/2382/14 863/3440/14
f 767/3399/14 3538/2063/14 2723/2059/14
f 3539/2060/15 863/3440/15 2755/2385/15
f 2724/2056/15 2755/2385/15 864/3438/15
f 768/3395/15 3539/2060/15 2724/2056/15
f 3540/2057/16 864/3438/16 2756/2388/16
f 2694/3566/16 2756/2388/16 834/3436/16
f 738/3397/16 3540/2057/16 2694/3566/16
f 3541/2054/4 757/3419/4 2521/2500/4
f 2869/2536/4 2521/2500/4 917/3394/4
f 916/3392/4 3541/2054/4 2869/2536/4
f 3542/2051/3 756/3497/3 2520/2052/3
f 2870/2539/3 2520/2052/3 916/3392/3
f 915/3390/3 3542/2051/3 2870/2539/3
f 3543/2048/2 755/3495/2 2519/2049/2
f 2871/2543/2 2519/2049/2 915/3390/2
f 914/2542/2 3543/2048/2 2871/2543/2
f 3544/2045/1 754/3493/1 2518/2046/1
f 2872/2545/1 2518/2046/1 914/2542/1
f 913/3387/1 3544/2045/1 2872/2545/1
f 3545/2042/33 753/3491/33 2517/2043/33
f 2873/2548/33 2517/2043/33 913/3387/33
f 912/3385/33 3545/2042/33 2873/2548/33
f 3546/2039/32 752/3489/32 2516/2040/32
f 2874/2551/32 2516/2040/32 912/3385/32
f 911/3383/32 3546/2039/32 2874/2551/32
f 3547/2036/30 751/3487/30 2515/2037/30
f 2875/2554/30 2515/2037/30 911/3383/30
f 910/3381/30 3547/2036/30 2875/2554/30
f 3548/2033/29 750/3485/29 2514/2034/29
f 2876/2557/29 2514/2034/29 910/3381/29
f 909/3379/29 3548/2033/29 2876/2557/29
f 3549/2030/28 749/3483/28 2513/2031/28
f 2877/2560/28 2513/2031/28 909/3379/28
f 908/3377/28 3549/2030/28 2877/2560/28
f 3550/2027/27 748/3481/27 2512/2028/27
f 2878/2563/27 2512/2028/27 908/3377/27
f 907/3375/27 3550/2027/27 2878/2563/27
f 3551/2024/26 747/3479/26 2511/2025/26
f 2879/2566/26 2511/2025/26 907/3375/26
f 906/3373/26 3551/2024/26 2879/2566/26
f 3552/2021/25 746/3477/25 2510/2022/25
f 2880/2569/25 2510/2022/25 906/3373/25
f 905/3371/25 3552/2021/25 2880/2569/25
f 3553/2018/24 745/3475/24 2509/2019/24
f 2881/2572/24 2509/2019/24 905/3371/24
f 904/3369/24 3553/2018/24 2881/2572/24
f 3554/2015/23 744/3473/23 2508/2016/23
f 2882/2575/23 2508/2016/23 904/3369/23
f 903/3367/23 3554/2015/23 2882/2575/23
f 3555/2012/22 743/3471/22 2507/2013/22
f 2883/2578/22 2507/2013/22 903/3367/22
f 902/3365/22 3555/2012/22 2883/2578/22
f 3556/2009/21 742/3469/21 2506/2010/21
f 2884/2581/21 2506/2010/21 902/3365/21
f 901/3423/21 3556/2009/21 2884/2581/21
f 2436/3567/16 2404/2005/16 704/1909/16
f 2374/3568/16 2436/3567/16 674/3569/16
f 706/3570/16 3557/2006/16 2374/3568/16
f 3558/2003/15 703/1906/15 2435/3571/15
f 2404/2005/15 2435/3571/15 704/1909/15
f 736/3572/15 3558/2003/15 2404/2005/15
f 3559/2000/14 702/3573/14 2434/1902/14
f 2403/2002/14 2434/1902/14 703/1906/14
f 735/3574/14 3559/2000/14 2403/2002/14
f 3560/1997/13 701/3575/13 2433/1899/13
f 2402/1999/13 2433/1899/13 702/3573/13
f 734/3576/13 3560/1997/13 2402/1999/13
f 3561/1994/12 700/3577/12 2432/1896/12
f 2401/1996/12 2432/1896/12 701/3575/12
f 733/3578/12 3561/1994/12 2401/1996/12
f 3562/1991/11 699/3579/11 2431/1893/11
f 2400/1993/11 2431/1893/11 700/3577/11
f 732/3580/11 3562/1991/11 2400/1993/11
f 3563/1988/10 698/3581/10 2430/1890/10
f 2399/1990/10 2430/1890/10 699/3579/10
f 731/3582/10 3563/1988/10 2399/1990/10
f 3564/1985/9 697/3583/9 2429/1887/9
f 2398/1987/9 2429/1887/9 698/3581/9
f 730/3584/9 3564/1985/9 2398/1987/9
f 3565/1982/8 696/3585/8 2428/1884/8
f 2397/1984/8 2428/1884/8 697/3583/8
f 729/3586/8 3565/1982/8 2397/1984/8
f 3566/1979/7 695/3587/7 2427/1881/7
f 2396/1981/7 2427/1881/7 696/3585/7
f 728/3588/7 3566/1979/7 2396/1981/7
f 3567/1976/6 694/3589/6 2426/1878/6
f 2395/1978/6 2426/1878/6 695/3587/6
f 727/3590/6 3567/1976/6 2395/1978/6
f 3568/1973/5 693/3216/5 2425/1875/5
f 2394/1975/5 2425/1875/5 694/3589/5
f 726/3591/5 3568/1973/5 2394/1975/5
f 3569/1970/20 676/3592/20 2424/1872/20
f 2377/1815/20 2424/1872/20 677/3247/20
f 709/3593/20 3569/1970/20 2377/1815/20
f 3570/1967/19 675/3594/19 2423/1869/19
f 2376/1969/19 2423/1869/19 676/3592/19
f 708/3595/19 3570/1967/19 2376/1969/19
f 3571/1964/18 673/3596/18 2422/1866/18
f 2375/1966/18 2422/1866/18 675/3594/18
f 707/3597/18 3571/1964/18 2375/1966/18
f 3572/1961/17 674/3598/17 2421/1863/17
f 2373/1963/17 2421/1863/17 673/3596/17
f 705/3599/17 3572/1961/17 2373/1963/17
f 3573/1958/21 710/3600/21 2442/1953/21
f 2304/286/21 2442/1953/21 614/3601/21
f 613/3536/21 3573/1958/21 2304/286/21
f 3574/1955/22 711/3602/22 2443/1950/22
f 2303/283/22 2443/1950/22 615/3603/22
f 614/3601/22 3574/1955/22 2303/283/22
f 3575/1952/23 712/3604/23 2444/1947/23
f 2302/280/23 2444/1947/23 616/3605/23
f 615/3603/23 3575/1952/23 2302/280/23
f 3576/1949/24 713/3606/24 2445/1944/24
f 2301/277/24 2445/1944/24 617/1702/24
f 616/3605/24 3576/1949/24 2301/277/24
f 3577/1946/25 714/3607/25 2446/1941/25
f 2300/274/25 2446/1941/25 618/3608/25
f 617/1702/25 3577/1946/25 2300/274/25
f 3578/1943/26 715/3609/26 2447/1938/26
f 2299/271/26 2447/1938/26 619/3610/26
f 618/3608/26 3578/1943/26 2299/271/26
f 3579/1940/27 716/3611/27 2448/1935/27
f 2298/268/27 2448/1935/27 620/3612/27
f 619/3610/27 3579/1940/27 2298/268/27
f 3580/1937/28 717/3613/28 2449/1932/28
f 2297/1695/28 2449/1932/28 621/3614/28
f 620/3612/28 3580/1937/28 2297/1695/28
f 3581/1934/29 718/3615/29 2450/1929/29
f 2296/1692/29 2450/1929/29 622/3616/29
f 621/3614/29 3581/1934/29 2296/1692/29
f 3582/1931/30 719/3617/30 2451/1926/30
f 2295/259/30 2451/1926/30 623/3618/30
f 622/3616/30 3582/1931/30 2295/259/30
f 3583/1928/32 720/3619/32 2452/1923/32
f 2294/256/32 2452/1923/32 624/3620/32
f 623/3618/32 3583/1928/32 2294/256/32
f 3584/1925/33 721/3621/33 2453/1920/33
f 2293/253/33 2453/1920/33 625/3622/33
f 624/3620/33 3584/1925/33 2293/253/33
f 3585/1922/1 722/3623/1 2454/1917/1
f 2292/1683/1 2454/1917/1 626/3624/1
f 625/3622/1 3585/1922/1 2292/1683/1
f 3586/1919/2 723/3625/2 2455/1914/2
f 2291/1680/2 2455/1914/2 627/3626/2
f 626/3624/2 3586/1919/2 2291/1680/2
f 3587/1916/3 724/3627/3 2456/1911/3
f 2290/1677/3 2456/1911/3 628/3628/3
f 627/3626/3 3587/1916/3 2290/1677/3
f 3588/1913/4 725/3629/4 2457/1671/4
f 2289/1674/4 2457/1671/4 629/3538/4
f 628/3628/4 3588/1913/4 2289/1674/4
f 3589/1908/16 992/3277/16 2981/2679/16
f 2950/3630/16 2981/2679/16 962/3280/16
f 674/3569/16 3589/1908/16 2950/3630/16
f 3590/1905/15 991/3275/15 2982/2682/15
f 2980/1910/15 2982/2682/15 992/3277/15
f 2980/1910/15 2435/3571/15 3590/1905/15
f 3591/1904/14 990/3273/14 2983/2685/14
f 2979/1907/14 2983/2685/14 991/3275/14
f 703/1906/14 3591/1904/14 2979/1907/14
f 3592/1901/13 989/3271/13 2984/2688/13
f 2978/1903/13 2984/2688/13 990/3273/13
f 702/3573/13 3592/1901/13 2978/1903/13
f 3593/1898/12 988/3269/12 2985/2691/12
f 2977/1900/12 2985/2691/12 989/3271/12
f 701/3575/12 3593/1898/12 2977/1900/12
f 3594/1895/11 987/3267/11 2986/2694/11
f 2976/1897/11 2986/2694/11 988/3269/11
f 700/3577/11 3594/1895/11 2976/1897/11
f 3595/1892/10 986/3265/10 2987/2697/10
f 2975/1894/10 2987/2697/10 987/3267/10
f 699/3579/10 3595/1892/10 2975/1894/10
f 3596/1889/9 985/3263/9 2988/2700/9
f 2974/1891/9 2988/2700/9 986/3265/9
f 698/3581/9 3596/1889/9 2974/1891/9
f 3597/1886/8 984/3261/8 2989/2703/8
f 2973/1888/8 2989/2703/8 985/3263/8
f 697/3583/8 3597/1886/8 2973/1888/8
f 3598/1883/7 983/3259/7 2990/2706/7
f 2972/1885/7 2990/2706/7 984/3261/7
f 696/3585/7 3598/1883/7 2972/1885/7
f 3599/1880/6 982/3257/6 2991/2709/6
f 2971/1882/6 2991/2709/6 983/3259/6
f 695/3587/6 3599/1880/6 2971/1882/6
f 3600/1877/5 981/3215/5 2992/2712/5
f 2970/1879/5 2992/2712/5 982/3257/5
f 694/3589/5 3600/1877/5 2970/1879/5
f 3601/1874/20 964/3254/20 2993/2715/20
f 2953/2727/20 2993/2715/20 965/3255/20
f 677/3247/20 3601/1874/20 2953/2727/20
f 3602/1871/19 963/3252/19 2994/2718/19
f 2952/1873/19 2994/2718/19 964/3254/19
f 676/3592/19 3602/1871/19 2952/1873/19
f 3603/1868/18 961/3250/18 2995/2721/18
f 2951/1870/18 2995/2721/18 963/3252/18
f 675/3594/18 3603/1868/18 2951/1870/18
f 3604/1865/17 962/3631/17 2996/2724/17
f 2949/1867/17 2996/2724/17 961/3250/17
f 673/3596/17 3604/1865/17 2949/1867/17
f 3605/1862/4 693/3216/4 2393/1972/4
f 2469/1912/4 2393/1972/4 725/3629/4
f 724/3627/4 3605/1862/4 2469/1912/4
f 3606/1859/3 692/3217/3 2392/1860/3
f 2470/1915/3 2392/1860/3 724/3627/3
f 723/3625/3 3606/1859/3 2470/1915/3
f 3607/1856/2 691/3219/2 2391/1857/2
f 2471/1918/2 2391/1857/2 723/3625/2
f 722/3623/2 3607/1856/2 2471/1918/2
f 3608/1853/1 690/3222/1 2390/1854/1
f 2472/1921/1 2390/1854/1 722/3623/1
f 2472/1921/1 2389/1851/1 3608/1853/1
f 3609/1850/33 689/3223/33 2389/1851/33
f 2473/1924/33 2389/1851/33 721/3621/33
f 720/3619/33 3609/1850/33 2473/1924/33
f 3610/1847/32 688/3225/32 2388/1848/32
f 2474/1927/32 2388/1848/32 720/3619/32
f 719/3617/32 3610/1847/32 2474/1927/32
f 3611/1844/30 687/3227/30 2387/1845/30
f 2475/1930/30 2387/1845/30 719/3617/30
f 718/3615/30 3611/1844/30 2475/1930/30
f 3612/1841/29 686/3229/29 2386/1842/29
f 2476/1933/29 2386/1842/29 718/3615/29
f 717/3613/29 3612/1841/29 2476/1933/29
f 3613/1838/28 685/3231/28 2385/1839/28
f 2477/1936/28 2385/1839/28 717/3613/28
f 716/3611/28 3613/1838/28 2477/1936/28
f 3614/1835/27 684/3233/27 2384/1836/27
f 2478/1939/27 2384/1836/27 716/3611/27
f 715/3609/27 3614/1835/27 2478/1939/27
f 3615/1832/26 683/3235/26 2383/1833/26
f 2479/1942/26 2383/1833/26 715/3609/26
f 714/3607/26 3615/1832/26 2479/1942/26
f 3616/1829/25 682/3237/25 2382/1830/25
f 2480/1945/25 2382/1830/25 714/3607/25
f 2480/1945/25 2381/1827/25 3616/1829/25
f 3617/1826/24 681/3239/24 2381/1827/24
f 2481/1948/24 2381/1827/24 713/3606/24
f 712/3604/24 3617/1826/24 2481/1948/24
f 3618/1823/23 680/3241/23 2380/1824/23
f 2482/1951/23 2380/1824/23 712/3604/23
f 711/3602/23 3618/1823/23 2482/1951/23
f 3619/1820/22 679/3243/22 2379/1821/22
f 2483/1954/22 2379/1821/22 711/3602/22
f 710/3600/22 3619/1820/22 2483/1954/22
f 3620/1817/21 678/3245/21 2378/1818/21
f 2484/1957/21 2378/1818/21 710/3600/21
f 709/3593/21 3620/1817/21 2484/1957/21
f 3621/1814/21 646/3209/21 2314/1809/21
f 2997/2728/21 2314/1809/21 966/3246/21
f 965/3255/21 3621/1814/21 2997/2728/21
f 3622/1811/22 647/3207/22 2315/1806/22
f 2998/2731/22 2315/1806/22 967/3244/22
f 966/3246/22 3622/1811/22 2998/2731/22
f 3623/1808/23 648/3205/23 2316/1803/23
f 2999/2734/23 2316/1803/23 968/3242/23
f 967/3244/23 3623/1808/23 2999/2734/23
f 3624/1805/24 649/3203/24 2317/1800/24
f 3000/2737/24 2317/1800/24 969/3240/24
f 968/3242/24 3624/1805/24 3000/2737/24
f 3625/1802/25 650/3201/25 2318/1797/25
f 3001/2740/25 2318/1797/25 970/3238/25
f 969/3240/25 3625/1802/25 3001/2740/25
f 3626/1799/26 651/3199/26 2319/1794/26
f 3002/2743/26 2319/1794/26 971/3236/26
f 970/3238/26 3626/1799/26 3002/2743/26
f 3627/1796/27 652/3197/27 2320/1791/27
f 3003/2746/27 2320/1791/27 972/3234/27
f 971/3236/27 3627/1796/27 3003/2746/27
f 3628/1793/28 653/3195/28 2321/1788/28
f 3004/2749/28 2321/1788/28 973/3232/28
f 972/3234/28 3628/1793/28 3004/2749/28
f 3629/1790/29 654/3193/29 2322/1785/29
f 3005/2752/29 2322/1785/29 974/3230/29
f 973/3232/29 3629/1790/29 3005/2752/29
f 3630/1787/30 655/3191/30 2323/1782/30
f 3006/2755/30 2323/1782/30 975/3228/30
f 974/3230/30 3630/1787/30 3006/2755/30
f 3631/1784/32 656/3189/32 2324/1779/32
f 3007/2758/32 2324/1779/32 976/3226/32
f 975/3228/32 3631/1784/32 3007/2758/32
f 3632/1781/33 657/3187/33 2325/1776/33
f 3008/2761/33 2325/1776/33 977/3224/33
f 976/3226/33 3632/1781/33 3008/2761/33
f 3633/1778/1 658/3185/1 2326/1773/1
f 3009/2764/1 2326/1773/1 978/3221/1
f 977/3224/1 3633/1778/1 3009/2764/1
f 3634/1775/2 659/3183/2 2327/1770/2
f 3010/2767/2 2327/1770/2 979/3220/2
f 978/3221/2 3634/1775/2 3010/2767/2
f 3635/1772/3 660/3181/3 2328/1767/3
f 3011/2770/3 2328/1767/3 980/3218/3
f 979/3220/3 3635/1772/3 3011/2770/3
f 3636/1769/4 661/3180/4 2329/2713/4
f 3012/2773/4 2329/2713/4 981/3215/4
f 980/3218/4 3636/1769/4 3012/2773/4
f 3637/1766/16 1056/3174/16 3125/2919/16
f 3078/3632/16 3125/2919/16 1026/3178/16
f 642/3279/16 3637/1766/16 3078/3632/16
f 3638/1763/15 1055/3173/15 3126/2922/15
f 3108/1765/15 3126/2922/15 1056/3174/15
f 672/3276/15 3638/1763/15 3108/1765/15
f 3639/1760/14 1054/3171/14 3127/2925/14
f 3107/1762/14 3127/2925/14 1055/3173/14
f 671/3274/14 3639/1760/14 3107/1762/14
f 3640/1757/13 1053/3169/13 3128/2928/13
f 3106/1759/13 3128/2928/13 1054/3171/13
f 670/3272/13 3640/1757/13 3106/1759/13
f 3641/1754/12 1052/3167/12 3129/2931/12
f 3105/1756/12 3129/2931/12 1053/3169/12
f 669/3270/12 3641/1754/12 3105/1756/12
f 3642/1751/11 1051/3165/11 3130/2934/11
f 3104/1753/11 3130/2934/11 1052/3167/11
f 668/3268/11 3642/1751/11 3104/1753/11
f 3643/1748/10 1050/3163/10 3131/2937/10
f 3103/1750/10 3131/2937/10 1051/3165/10
f 667/3266/10 3643/1748/10 3103/1750/10
f 3644/1745/9 1049/3161/9 3132/2940/9
f 3102/1747/9 3132/2940/9 1050/3163/9
f 666/3264/9 3644/1745/9 3102/1747/9
f 3645/1742/8 1048/3159/8 3133/2943/8
f 3101/1744/8 3133/2943/8 1049/3161/8
f 665/3262/8 3645/1742/8 3101/1744/8
f 3646/1739/7 1047/3157/7 3134/2946/7
f 3100/1741/7 3134/2946/7 1048/3159/7
f 664/3260/7 3646/1739/7 3100/1741/7
f 3647/1736/6 1046/3155/6 3135/2949/6
f 3099/1738/6 3135/2949/6 1047/3157/6
f 663/3258/6 3647/1736/6 3099/1738/6
f 3648/1733/5 1045/3179/5 3136/2952/5
f 3098/1735/5 3136/2952/5 1046/3155/5
f 662/3256/5 3648/1733/5 3098/1735/5
f 3649/1730/20 1028/3152/20 3137/2955/20
f 3081/2871/20 3137/2955/20 1029/3153/20
f 645/3211/20 3649/1730/20 3081/2871/20
f 3650/1727/19 1027/3150/19 3138/2958/19
f 3080/1729/19 3138/2958/19 1028/3152/19
f 644/3253/19 3650/1727/19 3080/1729/19
f 3651/1724/18 1025/3148/18 3139/2961/18
f 3079/1726/18 3139/2961/18 1027/3150/18
f 643/3251/18 3651/1724/18 3079/1726/18
f 3652/1721/17 1026/3633/17 3140/2964/17
f 3077/1723/17 3140/2964/17 1025/3148/17
f 641/3249/17 3652/1721/17 3077/1723/17
f 3653/1718/17 706/3634/17 2485/1959/17
f 2437/1715/17 2485/1959/17 705/3599/17
f 609/3530/17 3653/1718/17 2437/1715/17
f 3654/1716/18 705/3599/18 2486/1962/18
f 2439/1713/18 2486/1962/18 707/3597/18
f 611/3532/18 3654/1716/18 2439/1713/18
f 3655/1714/19 707/3597/19 2487/1965/19
f 2440/1711/19 2487/1965/19 708/3595/19
f 612/3534/19 3655/1714/19 2440/1711/19
f 3656/1712/20 708/3595/20 2488/1968/20
f 2441/1956/20 2488/1968/20 709/3593/20
f 613/3536/20 3656/1712/20 2441/1956/20
f 3657/1710/21 614/3601/21 2250/1707/21
f 2677/2248/21 2250/1707/21 806/3528/21
f 805/3537/21 3657/1710/21 2677/2248/21
f 3658/1708/22 615/3603/22 2251/1705/22
f 2678/2251/22 2251/1705/22 807/3526/22
f 806/3528/22 3658/1708/22 2678/2251/22
f 3659/1706/23 616/3605/23 2252/1703/23
f 2679/2254/23 2252/1703/23 808/3524/23
f 807/3526/23 3659/1706/23 2679/2254/23
f 3660/1704/24 617/1702/24 2253/3635/24
f 2680/2257/24 2253/3635/24 809/3521/24
f 808/3524/24 3660/1704/24 2680/2257/24
f 3661/1701/25 618/3608/25 2254/1699/25
f 2681/2260/25 2254/1699/25 810/3520/25
f 809/3521/25 3661/1701/25 2681/2260/25
f 3662/1700/26 619/3610/26 2255/1697/26
f 2682/2263/26 2255/1697/26 811/3518/26
f 810/3520/26 3662/1700/26 2682/2263/26
f 3663/1698/27 620/3612/27 2256/1694/27
f 2683/2266/27 2256/1694/27 812/3516/27
f 811/3518/27 3663/1698/27 2683/2266/27
f 3664/1696/28 621/3614/28 2257/1691/28
f 2684/2269/28 2257/1691/28 813/3514/28
f 812/3516/28 3664/1696/28 2684/2269/28
f 3665/1693/29 622/3616/29 2258/1689/29
f 2685/2272/29 2258/1689/29 814/3512/29
f 813/3514/29 3665/1693/29 2685/2272/29
f 3666/1690/30 623/3618/30 2259/1687/30
f 2686/2275/30 2259/1687/30 815/3510/30
f 814/3512/30 3666/1690/30 2686/2275/30
f 3667/1688/32 624/3620/32 2260/1685/32
f 2687/2278/32 2260/1685/32 816/3508/32
f 815/3510/32 3667/1688/32 2687/2278/32
f 3668/1686/33 625/3622/33 2261/1682/33
f 2688/2281/33 2261/1682/33 817/2284/33
f 816/3508/33 3668/1686/33 2688/2281/33
f 3669/1684/1 626/3624/1 2262/1679/1
f 2689/2285/1 2262/1679/1 818/3504/1
f 817/2284/1 3669/1684/1 2689/2285/1
f 3670/1681/2 627/3626/2 2263/1676/2
f 2690/2287/2 2263/1676/2 819/3503/2
f 818/3504/2 3670/1681/2 2690/2287/2
f 3671/1678/3 628/3628/3 2264/1673/3
f 2691/2290/3 2264/1673/3 820/3501/3
f 819/3503/3 3671/1678/3 2691/2290/3
f 3672/1675/4 629/3538/4 2265/2233/4
f 2692/2293/4 2265/2233/4 821/3499/4
f 820/3501/4 3672/1675/4 2692/2293/4
f 3673/1672/5 725/3629/5 2489/1971/5
f 2458/1669/5 2489/1971/5 726/3591/5
f 630/3539/5 3673/1672/5 2458/1669/5
f 3674/1670/6 726/3591/6 2490/1974/6
f 2459/1667/6 2490/1974/6 727/3590/6
f 631/3541/6 3674/1670/6 2459/1667/6
f 3675/1668/7 727/3590/7 2491/1977/7
f 2460/1664/7 2491/1977/7 728/3588/7
f 632/233/7 3675/1668/7 2460/1664/7
f 3676/1665/8 728/3588/8 2492/1980/8
f 2461/1661/8 2492/1980/8 729/3586/8
f 633/230/8 3676/1665/8 2461/1661/8
f 3677/1662/9 729/3586/9 2493/1983/9
f 2462/1659/9 2493/1983/9 730/3584/9
f 634/3545/9 3677/1662/9 2462/1659/9
f 3678/1660/10 730/3584/10 2494/1986/10
f 2463/1657/10 2494/1986/10 731/3582/10
f 635/3547/10 3678/1660/10 2463/1657/10
f 3679/1658/11 731/3582/11 2495/1989/11
f 2464/1655/11 2495/1989/11 732/3580/11
f 636/3549/11 3679/1658/11 2464/1655/11
f 3680/1656/12 732/3580/12 2496/1992/12
f 2465/1653/12 2496/1992/12 733/3578/12
f 637/3551/12 3680/1656/12 2465/1653/12
f 3681/1654/13 733/3578/13 2497/1995/13
f 2466/1650/13 2497/1995/13 734/3576/13
f 638/3553/13 3681/1654/13 2466/1650/13
f 3682/1651/14 734/3576/14 2498/1998/14
f 2467/1647/14 2498/1998/14 735/3574/14
f 639/3555/14 3682/1651/14 2467/1647/14
f 3683/1648/15 735/3574/15 2499/2001/15
f 2468/1645/15 2499/2001/15 736/3572/15
f 640/3557/15 3683/1648/15 2468/1645/15
f 3684/1646/16 736/3572/16 2500/2004/16
f 2438/3636/16 2500/2004/16 706/3570/16
f 610/3560/16 3684/1646/16 2438/3636/16
f 3685/1644/33 1/3637/33 1218/3638/33
f 2212/1640/33 1218/3638/33 63/3639/33
f 608/3640/33 3685/1644/33 2212/1640/33
f 3686/1641/32 63/3639/32 1216/3641/32
f 2211/1637/32 1216/3641/32 61/3642/32
f 607/3643/32 3686/1641/32 2211/1637/32
f 3687/1638/30 61/3642/30 1177/3644/30
f 2210/1634/30 1177/3644/30 59/3645/30
f 606/3646/30 3687/1638/30 2210/1634/30
f 3688/1635/29 59/3645/29 1174/3647/29
f 2209/1631/29 1174/3647/29 57/3648/29
f 605/3649/29 3688/1635/29 2209/1631/29
f 3689/1632/28 57/3648/28 1171/3650/28
f 2208/1628/28 1171/3650/28 55/3651/28
f 604/3652/28 3689/1632/28 2208/1628/28
f 3690/1629/27 55/3651/27 1168/3653/27
f 2207/1625/27 1168/3653/27 53/3654/27
f 603/3655/27 3690/1629/27 2207/1625/27
f 3691/1626/26 53/3654/26 1165/3656/26
f 2206/1622/26 1165/3656/26 51/3657/26
f 602/3658/26 3691/1626/26 2206/1622/26
f 3692/1623/25 51/3657/25 1162/3659/25
f 2205/1619/25 1162/3659/25 49/3660/25
f 601/3661/25 3692/1623/25 2205/1619/25
f 3693/1620/24 49/3660/24 1159/3662/24
f 47/3663/24 3693/1620/24 1159/3662/24
f 600/3664/24 3693/1620/24 2204/1616/24
f 1156/3665/23 2204/1616/23 47/3663/23
f 2203/1613/23 1156/3665/23 45/3666/23
f 599/3667/23 3694/1617/23 2203/1613/23
f 3695/1614/22 45/3666/22 1153/3668/22
f 2202/1610/22 1153/3668/22 43/3669/22
f 598/3670/22 3695/1614/22 2202/1610/22
f 3696/1611/21 43/3669/21 1150/3671/21
f 2201/1607/21 1150/3671/21 41/3672/21
f 597/3673/21 3696/1611/21 2201/1607/21
f 1147/3674/20 2201/1607/20 41/3672/20
f 39/3675/20 3697/1608/20 1147/3674/20
f 596/3676/20 3697/1608/20 2200/1604/20
f 1144/3677/19 2200/1604/19 39/3675/19
f 2199/1601/19 1144/3677/19 37/3678/19
f 595/3679/19 3698/1605/19 2199/1601/19
f 3699/1602/18 37/3678/18 1141/3680/18
f 2198/1598/18 1141/3680/18 35/3681/18
f 594/3682/18 3699/1602/18 2198/1598/18
f 3700/1599/17 35/3681/17 1138/3683/17
f 2197/1595/17 1138/3683/17 33/3684/17
f 593/3685/17 3700/1599/17 2197/1595/17
f 3701/1596/16 33/3684/16 1135/3686/16
f 2196/1592/16 1135/3686/16 31/3687/16
f 592/3688/16 3701/1596/16 2196/1592/16
f 3702/1593/15 31/3687/15 1132/3689/15
f 2195/1589/15 1132/3689/15 29/3690/15
f 591/3691/15 3702/1593/15 2195/1589/15
f 3703/1590/14 29/3690/14 1129/3692/14
f 2194/1586/14 1129/3692/14 27/3693/14
f 590/3694/14 3703/1590/14 2194/1586/14
f 3704/1587/13 27/3693/13 1126/3695/13
f 2193/1584/13 1126/3695/13 25/3696/13
f 2193/1584/13 2225/1585/13 3704/1587/13
f 1123/3697/12 2193/1584/12 25/3696/12
f 23/3698/12 3705/1582/12 1123/3697/12
f 588/3699/12 3705/1582/12 2192/1580/12
f 3706/1581/11 23/3698/11 1120/3700/11
f 2191/1577/11 1120/3700/11 21/3701/11
f 587/3702/11 3706/1581/11 2191/1577/11
f 3707/1578/10 21/3701/10 1117/3703/10
f 2190/1574/10 1117/3703/10 19/3704/10
f 586/3705/10 3707/1578/10 2190/1574/10
f 3708/1575/9 19/3704/9 1114/3706/9
f 2189/1571/9 1114/3706/9 17/3707/9
f 585/3708/9 3708/1575/9 2189/1571/9
f 3709/1572/8 17/3707/8 1111/3709/8
f 2188/1568/8 1111/3709/8 15/3710/8
f 584/3711/8 3709/1572/8 2188/1568/8
f 3710/1569/7 15/3710/7 1108/3712/7
f 2187/1565/7 1108/3712/7 13/3713/7
f 583/3714/7 3710/1569/7 2187/1565/7
f 3711/1566/6 13/3713/6 1105/3715/6
f 2186/1562/6 1105/3715/6 11/3716/6
f 582/3717/6 3711/1566/6 2186/1562/6
f 3712/1563/5 11/3716/5 1102/3718/5
f 2185/1559/5 1102/3718/5 9/3719/5
f 581/3720/5 3712/1563/5 2185/1559/5
f 3713/1560/4 9/3719/4 1099/3721/4
f 2184/1556/4 1099/3721/4 7/3722/4
f 580/3723/4 3713/1560/4 2184/1556/4
f 3714/1557/3 7/3722/3 1096/3724/3
f 2183/1553/3 1096/3724/3 5/3725/3
f 579/3726/3 3714/1557/3 2183/1553/3
f 3715/1554/2 5/3725/2 1093/3727/2
f 2182/1550/2 1093/3727/2 3/3728/2
f 578/3729/2 3715/1554/2 2182/1550/2
f 3716/1551/1 3/3728/1 1089/3730/1
f 2181/3731/1 1089/3730/1 1/3732/1
f 577/3733/1 3716/1551/1 2181/3731/1
f 3717/1548/1 514/3734/1 2116/1450/1
f 2117/3735/1 2116/1450/1 513/3736/1
f 545/3737/1 3717/1548/1 2117/3735/1
f 3718/1545/2 515/3738/2 2115/1447/2
f 2118/1547/2 2115/1447/2 514/3734/2
f 546/3739/2 3718/1545/2 2118/1547/2
f 3719/1542/3 516/3740/3 2114/1444/3
f 2119/1544/3 2114/1444/3 515/3738/3
f 547/3741/3 3719/1542/3 2119/1544/3
f 3720/1539/4 517/3742/4 2113/1441/4
f 2120/1541/4 2113/1441/4 516/3740/4
f 548/3743/4 3720/1539/4 2120/1541/4
f 2112/1438/5 2122/1535/5 518/3744/5
f 2121/1538/5 2112/1438/5 517/3742/5
f 549/3745/5 3721/1536/5 2121/1538/5
f 3722/1533/6 519/3746/6 2111/1435/6
f 2122/1535/6 2111/1435/6 518/3744/6
f 550/3747/6 3722/1533/6 2122/1535/6
f 3723/1530/7 520/3748/7 2110/1432/7
f 2123/1532/7 2110/1432/7 519/3746/7
f 551/3749/7 3723/1530/7 2123/1532/7
f 3724/1527/8 521/3750/8 2109/1429/8
f 2124/1529/8 2109/1429/8 520/3748/8
f 552/3751/8 3724/1527/8 2124/1529/8
f 3725/1524/9 522/3752/9 2108/1426/9
f 2125/1526/9 2108/1426/9 521/3750/9
f 553/3753/9 3725/1524/9 2125/1526/9
f 3726/1521/10 523/3754/10 2107/1423/10
f 2126/1523/10 2107/1423/10 522/3752/10
f 554/3755/10 3726/1521/10 2126/1523/10
f 3727/1518/11 524/3756/11 2106/1420/11
f 2127/1520/11 2106/1420/11 523/3754/11
f 555/3757/11 3727/1518/11 2127/1520/11
f 3728/1513/12 525/3758/12 2105/1417/12
f 2128/1517/12 2105/1417/12 524/3756/12
f 556/3759/12 3728/1513/12 2128/1517/12
f 3729/1512/13 526/3760/13 2104/1414/13
f 2129/1515/13 2104/1414/13 525/3758/13
f 2129/1515/13 2168/1510/13 3729/1512/13
f 3730/1509/14 527/3761/14 2103/1411/14
f 2130/1511/14 2103/1411/14 526/3760/14
f 558/3762/14 3730/1509/14 2130/1511/14
f 3731/1506/15 528/3763/15 2102/1408/15
f 2131/1508/15 2102/1408/15 527/3761/15
f 559/3764/15 3731/1506/15 2131/1508/15
f 3732/1503/16 529/3765/16 2101/1405/16
f 2132/1505/16 2101/1405/16 528/3763/16
f 560/3766/16 3732/1503/16 2132/1505/16
f 3733/1500/17 530/3767/17 2100/1402/17
f 2133/1502/17 2100/1402/17 529/3765/17
f 561/3768/17 3733/1500/17 2133/1502/17
f 3734/1497/18 531/3769/18 2099/1399/18
f 2134/1499/18 2099/1399/18 530/3767/18
f 562/3770/18 3734/1497/18 2134/1499/18
f 3735/1494/19 532/3771/19 2098/1396/19
f 2135/1496/19 2098/1396/19 531/3769/19
f 563/3772/19 3735/1494/19 2135/1496/19
f 3736/1491/20 533/3773/20 2097/1393/20
f 2136/1493/20 2097/1393/20 532/3771/20
f 2136/1493/20 2161/1489/20 3736/1491/20
f 3737/1488/21 534/3774/21 2096/1390/21
f 2137/1490/21 2096/1390/21 533/3773/21
f 565/3775/21 3737/1488/21 2137/1490/21
f 3738/1485/22 535/3776/22 2095/1387/22
f 2138/1487/22 2095/1387/22 534/3774/22
f 566/3777/22 3738/1485/22 2138/1487/22
f 3739/1482/23 536/3778/23 2094/1384/23
f 2139/1484/23 2094/1384/23 535/3776/23
f 567/3779/23 3739/1482/23 2139/1484/23
f 3740/1479/24 537/3780/24 2093/1381/24
f 2140/1481/24 2093/1381/24 536/3778/24
f 568/3781/24 3740/1479/24 2140/1481/24
f 3741/1476/25 538/3782/25 2092/1378/25
f 2141/1478/25 2092/1378/25 537/3780/25
f 569/3783/25 3741/1476/25 2141/1478/25
f 3742/1473/26 539/3784/26 2091/1375/26
f 2142/1475/26 2091/1375/26 538/3782/26
f 570/3785/26 3742/1473/26 2142/1475/26
f 3743/1470/27 540/3786/27 2090/1372/27
f 2143/1472/27 2090/1372/27 539/3784/27
f 571/3787/27 3743/1470/27 2143/1472/27
f 3744/1467/28 541/3788/28 2089/1369/28
f 2144/1469/28 2089/1369/28 540/3786/28
f 572/3789/28 3744/1467/28 2144/1469/28
f 3745/1464/29 542/3790/29 2088/1366/29
f 2145/1466/29 2088/1366/29 541/3788/29
f 573/3791/29 3745/1464/29 2145/1466/29
f 3746/1461/30 543/3792/30 2087/1363/30
f 2146/1463/30 2087/1363/30 542/3790/30
f 574/3793/30 3746/1461/30 2146/1463/30
f 3747/1458/32 544/3794/32 2086/1360/32
f 2147/1460/32 2086/1360/32 543/3792/32
f 575/3795/32 3747/1458/32 2147/1460/32
f 3748/1455/33 513/3796/33 2085/1357/33
f 2148/1457/33 2085/1357/33 544/3794/33
f 576/3797/33 3748/1455/33 2148/1457/33
f 3749/1452/1 578/3729/1 2213/1549/1
f 2053/3798/1 2213/1549/1 577/3733/1
f 513/3736/1 3749/1452/1 2053/3798/1
f 3750/1449/2 579/3726/2 2214/1552/2
f 2054/1451/2 2214/1552/2 578/3729/2
f 514/3734/2 3750/1449/2 2054/1451/2
f 3751/1446/3 580/3723/3 2215/1555/3
f 2055/1448/3 2215/1555/3 579/3726/3
f 515/3738/3 3751/1446/3 2055/1448/3
f 3752/1443/4 581/3720/4 2216/1558/4
f 2056/1445/4 2216/1558/4 580/3723/4
f 516/3740/4 3752/1443/4 2056/1445/4
f 3753/1440/5 582/3717/5 2217/1561/5
f 2057/1442/5 2217/1561/5 581/3720/5
f 517/3742/5 3753/1440/5 2057/1442/5
f 3754/1437/6 583/3714/6 2218/1564/6
f 2058/1439/6 2218/1564/6 582/3717/6
f 518/3744/6 3754/1437/6 2058/1439/6
f 3755/1434/7 584/3711/7 2219/1567/7
f 2059/1436/7 2219/1567/7 583/3714/7
f 519/3746/7 3755/1434/7 2059/1436/7
f 3756/1431/8 585/3708/8 2220/1570/8
f 2060/1433/8 2220/1570/8 584/3711/8
f 520/3748/8 3756/1431/8 2060/1433/8
f 3757/1428/9 586/3705/9 2221/1573/9
f 2061/1430/9 2221/1573/9 585/3708/9
f 521/3750/9 3757/1428/9 2061/1430/9
f 3758/1425/10 587/3702/10 2222/1576/10
f 2062/1427/10 2222/1576/10 586/3705/10
f 522/3752/10 3758/1425/10 2062/1427/10
f 3759/1422/11 588/3699/11 2223/1579/11
f 2063/1424/11 2223/1579/11 587/3702/11
f 523/3754/11 3759/1422/11 2063/1424/11
f 2224/3799/12 2065/1418/12 589/1583/12
f 2064/1421/12 2224/3799/12 588/3699/12
f 524/3756/12 3760/1419/12 2064/1421/12
f 2225/1585/13 2066/1415/13 590/3694/13
f 589/1583/13 3761/1416/13 2225/1585/13
f 525/3758/13 3761/1416/13 2065/1418/13
f 3762/1413/14 591/3691/14 2226/1588/14
f 2066/1415/14 2226/1588/14 590/3694/14
f 526/3760/14 3762/1413/14 2066/1415/14
f 3763/1410/15 592/3688/15 2227/1591/15
f 2067/1412/15 2227/1591/15 591/3691/15
f 527/3761/15 3763/1410/15 2067/1412/15
f 3764/1407/16 593/3685/16 2228/1594/16
f 2068/1409/16 2228/1594/16 592/3688/16
f 528/3763/16 3764/1407/16 2068/1409/16
f 3765/1404/17 594/3682/17 2229/1597/17
f 2069/1406/17 2229/1597/17 593/3685/17
f 529/3765/17 3765/1404/17 2069/1406/17
f 3766/1401/18 595/3679/18 2230/1600/18
f 2070/1403/18 2230/1600/18 594/3682/18
f 530/3767/18 3766/1401/18 2070/1403/18
f 3767/1398/19 596/3676/19 2231/1603/19
f 2071/1400/19 2231/1603/19 595/3679/19
f 531/3769/19 3767/1398/19 2071/1400/19
f 3768/1395/20 597/3673/20 2232/1606/20
f 2072/1397/20 2232/1606/20 596/3676/20
f 532/3771/20 3768/1395/20 2072/1397/20
f 3769/1392/21 598/3670/21 2233/1609/21
f 2073/1394/21 2233/1609/21 597/3673/21
f 533/3773/21 3769/1392/21 2073/1394/21
f 3770/1389/22 599/3667/22 2234/1612/22
f 2074/1391/22 2234/1612/22 598/3670/22
f 534/3774/22 3770/1389/22 2074/1391/22
f 3771/1386/23 600/3664/23 2235/1615/23
f 2075/1388/23 2235/1615/23 599/3667/23
f 535/3776/23 3771/1386/23 2075/1388/23
f 3772/1383/24 601/3661/24 2236/1618/24
f 2076/1385/24 2236/1618/24 600/3664/24
f 536/3778/24 3772/1383/24 2076/1385/24
f 3773/1380/25 602/3658/25 2237/1621/25
f 2077/1382/25 2237/1621/25 601/3661/25
f 537/3780/25 3773/1380/25 2077/1382/25
f 3774/1377/26 603/3655/26 2238/1624/26
f 2078/1379/26 2238/1624/26 602/3658/26
f 538/3782/26 3774/1377/26 2078/1379/26
f 3775/1374/27 604/3652/27 2239/1627/27
f 2079/1376/27 2239/1627/27 603/3655/27
f 539/3784/27 3775/1374/27 2079/1376/27
f 3776/1371/28 605/3649/28 2240/1630/28
f 2080/1373/28 2240/1630/28 604/3652/28
f 540/3786/28 3776/1371/28 2080/1373/28
f 3777/1368/29 606/3646/29 2241/1633/29
f 2081/1370/29 2241/1633/29 605/3649/29
f 541/3788/29 3777/1368/29 2081/1370/29
f 3778/1365/30 607/3643/30 2242/1636/30
f 2082/1367/30 2242/1636/30 606/3646/30
f 542/3790/30 3778/1365/30 2082/1367/30
f 3779/1362/32 608/3640/32 2243/1639/32
f 2083/1364/32 2243/1639/32 607/3643/32
f 543/3792/32 3779/1362/32 2083/1364/32
f 3780/1359/33 577/3800/33 2244/1642/33
f 2084/1361/33 2244/1642/33 608/3640/33
f 544/3794/33 3780/1359/33 2084/1361/33
f 3781/1356/1 386/3801/1 1829/973/1
f 1989/3802/1 1829/973/1 385/3803/1
f 481/3804/1 3781/1356/1 1989/3802/1
f 3782/1353/2 387/3805/2 1830/976/2
f 1990/1355/2 1830/976/2 386/3801/2
f 482/3806/2 3782/1353/2 1990/1355/2
f 3783/1350/3 388/3807/3 1831/979/3
f 1991/1352/3 1831/979/3 387/3805/3
f 483/3808/3 3783/1350/3 1991/1352/3
f 3784/1347/4 389/3809/4 1832/982/4
f 1992/1349/4 1832/982/4 388/3807/4
f 484/3810/4 3784/1347/4 1992/1349/4
f 1833/985/5 1994/1343/5 390/3811/5
f 1993/1346/5 1833/985/5 389/3809/5
f 485/3812/5 3785/1344/5 1993/1346/5
f 3786/1341/6 391/3813/6 1834/988/6
f 1994/1343/6 1834/988/6 390/3811/6
f 486/3814/6 3786/1341/6 1994/1343/6
f 3787/1338/7 392/3815/7 1835/991/7
f 1995/1340/7 1835/991/7 391/3813/7
f 487/3816/7 3787/1338/7 1995/1340/7
f 3788/1335/8 393/3817/8 1836/994/8
f 1996/1337/8 1836/994/8 392/3815/8
f 488/3818/8 3788/1335/8 1996/1337/8
f 3789/1332/9 394/3819/9 1837/997/9
f 1997/1334/9 1837/997/9 393/3817/9
f 489/3820/9 3789/1332/9 1997/1334/9
f 3790/1329/10 395/3821/10 1838/1000/10
f 1998/1331/10 1838/1000/10 394/3819/10
f 490/3822/10 3790/1329/10 1998/1331/10
f 3791/1326/11 396/3823/11 1839/1003/11
f 1999/1328/11 1839/1003/11 395/3821/11
f 491/3824/11 3791/1326/11 1999/1328/11
f 1840/3825/12 2001/1322/12 397/1007/12
f 2000/1325/12 1840/3825/12 396/3823/12
f 492/3826/12 3792/1323/12 2000/1325/12
f 3793/1318/13 398/3827/13 1841/1009/13
f 397/1007/13 3793/1318/13 1841/1009/13
f 2001/1322/13 2040/3828/13 3793/1318/13
f 3794/1317/14 399/3829/14 1842/1012/14
f 2002/1320/14 1842/1012/14 398/3827/14
f 494/1319/14 3794/1317/14 2002/1320/14
f 3795/1314/15 400/3830/15 1843/1015/15
f 2003/1316/15 1843/1015/15 399/3829/15
f 495/3831/15 3795/1314/15 2003/1316/15
f 3796/1311/16 401/3832/16 1844/1018/16
f 2004/1313/16 1844/1018/16 400/3830/16
f 496/3833/16 3796/1311/16 2004/1313/16
f 3797/1308/17 402/3834/17 1845/1021/17
f 2005/1310/17 1845/1021/17 401/3832/17
f 497/3835/17 3797/1308/17 2005/1310/17
f 3798/1305/18 403/3836/18 1846/1024/18
f 2006/1307/18 1846/1024/18 402/3834/18
f 498/3837/18 3798/1305/18 2006/1307/18
f 3799/1302/19 404/3838/19 1847/1027/19
f 2007/1304/19 1847/1027/19 403/3836/19
f 499/3839/19 3799/1302/19 2007/1304/19
f 3800/1299/20 405/3840/20 1848/1030/20
f 2008/1301/20 1848/1030/20 404/3838/20
f 500/3841/20 3800/1299/20 2008/1301/20
f 3801/1296/21 406/3842/21 1849/1033/21
f 2009/1298/21 1849/1033/21 405/3840/21
f 501/3843/21 3801/1296/21 2009/1298/21
f 3802/1293/22 407/3844/22 1850/1036/22
f 2010/1295/22 1850/1036/22 406/3842/22
f 502/3845/22 3802/1293/22 2010/1295/22
f 3803/1290/23 408/3846/23 1851/1039/23
f 2011/1292/23 1851/1039/23 407/3844/23
f 503/3847/23 3803/1290/23 2011/1292/23
f 3804/1287/24 409/3848/24 1852/1042/24
f 2012/1289/24 1852/1042/24 408/3846/24
f 504/3849/24 3804/1287/24 2012/1289/24
f 3805/1284/25 410/3850/25 1853/1045/25
f 2013/1286/25 1853/1045/25 409/3848/25
f 505/3851/25 3805/1284/25 2013/1286/25
f 3806/1281/26 411/3852/26 1854/1048/26
f 2014/1283/26 1854/1048/26 410/3850/26
f 506/3853/26 3806/1281/26 2014/1283/26
f 3807/1278/27 412/3854/27 1855/1051/27
f 2015/1280/27 1855/1051/27 411/3852/27
f 507/3855/27 3807/1278/27 2015/1280/27
f 3808/1275/28 413/3856/28 1856/1054/28
f 2016/1277/28 1856/1054/28 412/3854/28
f 508/3857/28 3808/1275/28 2016/1277/28
f 3809/1272/29 414/3858/29 1857/1057/29
f 2017/1274/29 1857/1057/29 413/3856/29
f 509/3859/29 3809/1272/29 2017/1274/29
f 3810/1269/30 415/3860/30 1858/1060/30
f 2018/1271/30 1858/1060/30 414/3858/30
f 510/3861/30 3810/1269/30 2018/1271/30
f 3811/1266/32 416/3862/32 1859/1063/32
f 2019/1268/32 1859/1063/32 415/3860/32
f 511/3863/32 3811/1266/32 2019/1268/32
f 3812/1263/33 385/3864/33 1860/1066/33
f 2020/1265/33 1860/1066/33 416/3862/33
f 512/3865/33 3812/1263/33 2020/1265/33
f 3813/1260/33 417/3866/33 1924/1162/33
f 1956/1256/33 1924/1162/33 448/3867/33
f 480/3868/33 3813/1260/33 1956/1256/33
f 3814/1257/32 448/3867/32 1923/1159/32
f 1955/1253/32 1923/1159/32 447/3869/32
f 479/3870/32 3814/1257/32 1955/1253/32
f 3815/1254/30 447/3869/30 1922/1156/30
f 446/3871/30 3815/1254/30 1922/1156/30
f 478/3872/30 3815/1254/30 1954/1250/30
f 3816/1251/29 446/3871/29 1921/1153/29
f 1953/1247/29 1921/1153/29 445/3873/29
f 477/3874/29 3816/1251/29 1953/1247/29
f 3817/1248/28 445/3873/28 1920/1150/28
f 1952/1244/28 1920/1150/28 444/3875/28
f 476/3876/28 3817/1248/28 1952/1244/28
f 3818/1245/27 444/3875/27 1919/1147/27
f 1951/1241/27 1919/1147/27 443/3877/27
f 475/3878/27 3818/1245/27 1951/1241/27
f 3819/1242/26 443/3877/26 1918/1144/26
f 1950/1238/26 1918/1144/26 442/3879/26
f 474/3880/26 3819/1242/26 1950/1238/26
f 3820/1239/25 442/3879/25 1917/1141/25
f 1949/1235/25 1917/1141/25 441/3881/25
f 473/3882/25 3820/1239/25 1949/1235/25
f 3821/1236/24 441/3881/24 1916/1138/24
f 1948/1232/24 1916/1138/24 440/3883/24
f 472/3884/24 3821/1236/24 1948/1232/24
f 3822/1233/23 440/3883/23 1915/1135/23
f 1947/1229/23 1915/1135/23 439/3885/23
f 471/3886/23 3822/1233/23 1947/1229/23
f 3823/1230/22 439/3885/22 1914/1132/22
f 1946/1226/22 1914/1132/22 438/3887/22
f 470/3888/22 3823/1230/22 1946/1226/22
f 3824/1227/21 438/3887/21 1913/1129/21
f 1945/1223/21 1913/1129/21 437/1127/21
f 469/3889/21 3824/1227/21 1945/1223/21
f 3825/1224/20 437/1127/20 1912/3890/20
f 436/1124/20 3825/1224/20 1912/3890/20
f 468/3891/20 3825/1224/20 1944/1220/20
f 3826/1221/19 436/1124/19 1911/3892/19
f 1943/1217/19 1911/3892/19 435/3893/19
f 467/3894/19 3826/1221/19 1943/1217/19
f 3827/1218/18 435/3893/18 1910/1120/18
f 1942/1214/18 1910/1120/18 434/3895/18
f 466/3896/18 3827/1218/18 1942/1214/18
f 3828/1215/17 434/3895/17 1909/1117/17
f 1941/1211/17 1909/1117/17 433/3897/17
f 465/3898/17 3828/1215/17 1941/1211/17
f 3829/1212/16 433/3897/16 1908/1114/16
f 1940/1208/16 1908/1114/16 432/3899/16
f 464/3900/16 3829/1212/16 1940/1208/16
f 3830/1209/15 432/3899/15 1907/1111/15
f 1939/1205/15 1907/1111/15 431/3901/15
f 463/3902/15 3830/1209/15 1939/1205/15
f 3831/1206/14 431/3901/14 1906/1108/14
f 1938/1203/14 1906/1108/14 430/3903/14
f 462/1202/14 3831/1206/14 1938/1203/14
f 3832/1201/13 430/3903/13 1905/1105/13
f 1937/1200/13 1905/1105/13 429/1103/13
f 1937/1200/13 1969/3904/13 3832/1201/13
f 1904/3905/12 1937/1200/12 429/1103/12
f 1936/1196/12 1904/3905/12 428/3906/12
f 460/3907/12 3833/1198/12 1936/1196/12
f 3834/1197/11 428/3906/11 1903/1099/11
f 1935/1193/11 1903/1099/11 427/3908/11
f 459/3909/11 3834/1197/11 1935/1193/11
f 3835/1194/10 427/3908/10 1902/1096/10
f 1934/1190/10 1902/1096/10 426/3910/10
f 458/3911/10 3835/1194/10 1934/1190/10
f 3836/1191/9 426/3910/9 1901/1093/9
f 1933/1187/9 1901/1093/9 425/3912/9
f 457/3913/9 3836/1191/9 1933/1187/9
f 3837/1188/8 425/3912/8 1900/1090/8
f 1932/1184/8 1900/1090/8 424/3914/8
f 456/3915/8 3837/1188/8 1932/1184/8
f 3838/1185/7 424/3914/7 1899/1087/7
f 1931/1181/7 1899/1087/7 423/3916/7
f 455/3917/7 3838/1185/7 1931/1181/7
f 3839/1182/6 423/3916/6 1898/1084/6
f 1930/1178/6 1898/1084/6 422/3918/6
f 454/3919/6 3839/1182/6 1930/1178/6
f 3840/1179/5 422/3918/5 1897/1081/5
f 1929/1175/5 1897/1081/5 421/3920/5
f 453/3921/5 3840/1179/5 1929/1175/5
f 1896/1078/4 1929/1175/4 421/3920/4
f 1928/1172/4 1896/1078/4 420/3922/4
f 452/3923/4 3841/1176/4 1928/1172/4
f 3842/1173/3 420/3922/3 1895/1075/3
f 1927/1169/3 1895/1075/3 419/3924/3
f 451/3925/3 3842/1173/3 1927/1169/3
f 3843/1170/2 419/3924/2 1894/1072/2
f 1926/1166/2 1894/1072/2 418/3926/2
f 450/3927/2 3843/1170/2 1926/1166/2
f 3844/1167/1 418/3926/1 1893/1069/1
f 1925/3928/1 1893/1069/1 417/3929/1
f 449/3930/1 3844/1167/1 1925/3928/1
f 3845/1164/33 481/3931/33 2021/1261/33
f 1892/1160/33 2021/1261/33 512/3865/33
f 448/3867/33 3845/1164/33 1892/1160/33
f 3846/1161/32 512/3865/32 2022/1264/32
f 1891/1157/32 2022/1264/32 511/3863/32
f 447/3869/32 3846/1161/32 1891/1157/32
f 3847/1158/30 511/3863/30 2023/1267/30
f 1890/1154/30 2023/1267/30 510/3861/30
f 446/3871/30 3847/1158/30 1890/1154/30
f 3848/1155/29 510/3861/29 2024/1270/29
f 1889/1151/29 2024/1270/29 509/3859/29
f 445/3873/29 3848/1155/29 1889/1151/29
f 3849/1152/28 509/3859/28 2025/1273/28
f 1888/1148/28 2025/1273/28 508/3857/28
f 444/3875/28 3849/1152/28 1888/1148/28
f 3850/1149/27 508/3857/27 2026/1276/27
f 1887/1145/27 2026/1276/27 507/3855/27
f 443/3877/27 3850/1149/27 1887/1145/27
f 3851/1146/26 507/3855/26 2027/1279/26
f 1886/1142/26 2027/1279/26 506/3853/26
f 442/3879/26 3851/1146/26 1886/1142/26
f 3852/1143/25 506/3853/25 2028/1282/25
f 1885/1139/25 2028/1282/25 505/3851/25
f 441/3881/25 3852/1143/25 1885/1139/25
f 3853/1140/24 505/3851/24 2029/1285/24
f 1884/1136/24 2029/1285/24 504/3849/24
f 440/3883/24 3853/1140/24 1884/1136/24
f 3854/1137/23 504/3849/23 2030/1288/23
f 1883/1133/23 2030/1288/23 503/3847/23
f 439/3885/23 3854/1137/23 1883/1133/23
f 3855/1134/22 503/3847/22 2031/1291/22
f 1882/1130/22 2031/1291/22 502/3845/22
f 438/3887/22 3855/1134/22 1882/1130/22
f 3856/1131/21 502/3845/21 2032/1294/21
f 1881/1128/21 2032/1294/21 501/3843/21
f 437/1127/21 3856/1131/21 1881/1128/21
f 3857/1126/20 501/3843/20 2033/1297/20
f 1880/1125/20 2033/1297/20 500/3841/20
f 1880/1125/20 1912/3890/20 3857/1126/20
f 3858/1123/19 500/3841/19 2034/1300/19
f 1879/1121/19 2034/1300/19 499/3839/19
f 1879/1121/19 1911/3892/19 3858/1123/19
f 3859/1122/18 499/3839/18 2035/1303/18
f 1878/1118/18 2035/1303/18 498/3837/18
f 434/3895/18 3859/1122/18 1878/1118/18
f 3860/1119/17 498/3837/17 2036/1306/17
f 1877/1115/17 2036/1306/17 497/3835/17
f 433/3897/17 3860/1119/17 1877/1115/17
f 3861/1116/16 497/3835/16 2037/1309/16
f 1876/1112/16 2037/1309/16 496/3833/16
f 432/3899/16 3861/1116/16 1876/1112/16
f 3862/1113/15 496/3833/15 2038/1312/15
f 1875/1109/15 2038/1312/15 495/3831/15
f 431/3901/15 3862/1113/15 1875/1109/15
f 3863/1110/14 495/3831/14 2039/1315/14
f 1874/1106/14 2039/1315/14 494/1319/14
f 430/3903/14 3863/1110/14 1874/1106/14
f 2040/3828/13 1874/1106/13 494/1319/13
f 493/3932/13 3864/1107/13 2040/3828/13
f 1873/1104/13 1905/1105/13 3864/1107/13
f 3865/1102/12 493/3932/12 2041/1321/12
f 1872/1100/12 2041/1321/12 492/3826/12
f 428/3906/12 3865/1102/12 1872/1100/12
f 3866/1101/11 492/3826/11 2042/1324/11
f 1871/1097/11 2042/1324/11 491/3824/11
f 427/3908/11 3866/1101/11 1871/1097/11
f 3867/1098/10 491/3824/10 2043/1327/10
f 1870/1094/10 2043/1327/10 490/3822/10
f 426/3910/10 3867/1098/10 1870/1094/10
f 3868/1095/9 490/3822/9 2044/1330/9
f 1869/1091/9 2044/1330/9 489/3820/9
f 425/3912/9 3868/1095/9 1869/1091/9
f 3869/1092/8 489/3820/8 2045/1333/8
f 1868/1088/8 2045/1333/8 488/3818/8
f 424/3914/8 3869/1092/8 1868/1088/8
f 3870/1089/7 488/3818/7 2046/1336/7
f 1867/1085/7 2046/1336/7 487/3816/7
f 423/3916/7 3870/1089/7 1867/1085/7
f 3871/1086/6 487/3816/6 2047/1339/6
f 1866/1082/6 2047/1339/6 486/3814/6
f 422/3918/6 3871/1086/6 1866/1082/6
f 3872/1083/5 486/3814/5 2048/1342/5
f 1865/1079/5 2048/1342/5 485/3812/5
f 421/3920/5 3872/1083/5 1865/1079/5
f 3873/1080/4 485/3812/4 2049/1345/4
f 1864/1076/4 2049/1345/4 484/3810/4
f 420/3922/4 3873/1080/4 1864/1076/4
f 3874/1077/3 484/3810/3 2050/1348/3
f 1863/1073/3 2050/1348/3 483/3808/3
f 419/3924/3 3874/1077/3 1863/1073/3
f 3875/1074/2 483/3808/2 2051/1351/2
f 1862/1070/2 2051/1351/2 482/3806/2
f 418/3926/2 3875/1074/2 1862/1070/2
f 3876/1071/1 482/3806/1 2052/1354/1
f 1861/3933/1 2052/1354/1 481/3804/1
f 417/3929/1 3876/1071/1 1861/3933/1
f 3877/1068/33 545/3934/33 2149/1453/33
f 1828/1064/33 2149/1453/33 576/3797/33
f 416/3862/33 3877/1068/33 1828/1064/33
f 3878/1065/32 576/3797/32 2150/1456/32
f 1827/1061/32 2150/1456/32 575/3795/32
f 415/3860/32 3878/1065/32 1827/1061/32
f 3879/1062/30 575/3795/30 2151/1459/30
f 1826/1058/30 2151/1459/30 574/3793/30
f 414/3858/30 3879/1062/30 1826/1058/30
f 2152/1462/29 1826/1058/29 574/3793/29
f 1825/1055/29 2152/1462/29 573/3791/29
f 413/3856/29 3880/1059/29 1825/1055/29
f 3881/1056/28 573/3791/28 2153/1465/28
f 1824/1052/28 2153/1465/28 572/3789/28
f 412/3854/28 3881/1056/28 1824/1052/28
f 3882/1053/27 572/3789/27 2154/1468/27
f 1823/1049/27 2154/1468/27 571/3787/27
f 411/3852/27 3882/1053/27 1823/1049/27
f 3883/1050/26 571/3787/26 2155/1471/26
f 1822/1046/26 2155/1471/26 570/3785/26
f 410/3850/26 3883/1050/26 1822/1046/26
f 3884/1047/25 570/3785/25 2156/1474/25
f 1821/1043/25 2156/1474/25 569/3783/25
f 409/3848/25 3884/1047/25 1821/1043/25
f 3885/1044/24 569/3783/24 2157/1477/24
f 1820/1040/24 2157/1477/24 568/3781/24
f 408/3846/24 3885/1044/24 1820/1040/24
f 3886/1041/23 568/3781/23 2158/1480/23
f 1819/1037/23 2158/1480/23 567/3779/23
f 407/3844/23 3886/1041/23 1819/1037/23
f 3887/1038/22 567/3779/22 2159/1483/22
f 1818/1034/22 2159/1483/22 566/3777/22
f 406/3842/22 3887/1038/22 1818/1034/22
f 3888/1035/21 566/3777/21 2160/1486/21
f 1817/1031/21 2160/1486/21 565/3775/21
f 405/3840/21 3888/1035/21 1817/1031/21
f 3889/1032/20 565/3775/20 2161/1489/20
f 1816/1028/20 2161/1489/20 564/3935/20
f 404/3838/20 3889/1032/20 1816/1028/20
f 2162/1492/19 1816/1028/19 564/3935/19
f 563/3772/19 3890/1029/19 2162/1492/19
f 403/3836/19 3890/1029/19 1815/1025/19
f 3891/1026/18 563/3772/18 2163/1495/18
f 1814/1022/18 2163/1495/18 562/3770/18
f 402/3834/18 3891/1026/18 1814/1022/18
f 3892/1023/17 562/3770/17 2164/1498/17
f 1813/1019/17 2164/1498/17 561/3768/17
f 401/3832/17 3892/1023/17 1813/1019/17
f 3893/1020/16 561/3768/16 2165/1501/16
f 1812/1016/16 2165/1501/16 560/3766/16
f 400/3830/16 3893/1020/16 1812/1016/16
f 3894/1017/15 560/3766/15 2166/1504/15
f 1811/1013/15 2166/1504/15 559/3764/15
f 399/3829/15 3894/1017/15 1811/1013/15
f 3895/1014/14 559/3764/14 2167/1507/14
f 1810/1010/14 2167/1507/14 558/3762/14
f 398/3827/14 3895/1014/14 1810/1010/14
f 3896/1011/13 558/3762/13 2168/1510/13
f 557/1514/13 3896/1011/13 2168/1510/13
f 397/1007/13 3896/1011/13 1809/1008/13
f 2169/3936/12 1809/1008/12 557/1514/12
f 1808/1004/12 2169/3936/12 556/3759/12
f 396/3823/12 3897/1006/12 1808/1004/12
f 3898/1005/11 556/3759/11 2170/1516/11
f 1807/1001/11 2170/1516/11 555/3757/11
f 395/3821/11 3898/1005/11 1807/1001/11
f 3899/1002/10 555/3757/10 2171/1519/10
f 1806/998/10 2171/1519/10 554/3755/10
f 394/3819/10 3899/1002/10 1806/998/10
f 3900/999/9 554/3755/9 2172/1522/9
f 1805/995/9 2172/1522/9 553/3753/9
f 393/3817/9 3900/999/9 1805/995/9
f 3901/996/8 553/3753/8 2173/1525/8
f 1804/992/8 2173/1525/8 552/3751/8
f 392/3815/8 3901/996/8 1804/992/8
f 3902/993/7 552/3751/7 2174/1528/7
f 1803/989/7 2174/1528/7 551/3749/7
f 391/3813/7 3902/993/7 1803/989/7
f 3903/990/6 551/3749/6 2175/1531/6
f 1802/986/6 2175/1531/6 550/3747/6
f 390/3811/6 3903/990/6 1802/986/6
f 3904/987/5 550/3747/5 2176/1534/5
f 1801/983/5 2176/1534/5 549/3745/5
f 389/3809/5 3904/987/5 1801/983/5
f 3905/984/4 549/3745/4 2177/1537/4
f 548/3743/4 3905/984/4 2177/1537/4
f 388/3807/4 3905/984/4 1800/980/4
f 3906/981/3 548/3743/3 2178/1540/3
f 1799/977/3 2178/1540/3 547/3741/3
f 387/3805/3 3906/981/3 1799/977/3
f 3907/978/2 547/3741/2 2179/1543/2
f 1798/974/2 2179/1543/2 546/3739/2
f 386/3801/2 3907/978/2 1798/974/2
f 3908/975/1 546/3739/1 2180/1546/1
f 1797/3937/1 2180/1546/1 545/3737/1
f 385/3803/1 3908/975/1 1797/3937/1
f 3909/972/33 161/3938/33 1381/301/33
f 1764/968/33 1381/301/33 192/3939/33
f 384/3940/33 3909/972/33 1764/968/33
f 3910/969/32 192/3939/32 1382/304/32
f 1763/965/32 1382/304/32 191/3941/32
f 383/3942/32 3910/969/32 1763/965/32
f 3911/966/30 191/3941/30 1383/307/30
f 1762/962/30 1383/307/30 190/3943/30
f 382/3944/30 3911/966/30 1762/962/30
f 3912/963/29 190/3943/29 1384/310/29
f 1761/959/29 1384/310/29 189/3945/29
f 381/3946/29 3912/963/29 1761/959/29
f 3913/960/28 189/3945/28 1385/313/28
f 1760/956/28 1385/313/28 188/3947/28
f 380/3948/28 3913/960/28 1760/956/28
f 3914/957/27 188/3947/27 1386/316/27
f 1759/953/27 1386/316/27 187/3949/27
f 379/3950/27 3914/957/27 1759/953/27
f 3915/954/26 187/3949/26 1387/319/26
f 1758/950/26 1387/319/26 186/3951/26
f 378/3952/26 3915/954/26 1758/950/26
f 3916/951/25 186/3951/25 1388/322/25
f 1757/947/25 1388/322/25 185/3953/25
f 377/3954/25 3916/951/25 1757/947/25
f 3917/948/24 185/3953/24 1389/325/24
f 1756/944/24 1389/325/24 184/3955/24
f 376/3956/24 3917/948/24 1756/944/24
f 3918/945/23 184/3955/23 1390/328/23
f 1755/941/23 1390/328/23 183/3957/23
f 375/3958/23 3918/945/23 1755/941/23
f 3919/942/22 183/3957/22 1391/331/22
f 1754/938/22 1391/331/22 182/3959/22
f 374/3960/22 3919/942/22 1754/938/22
f 3920/939/21 182/3959/21 1392/334/21
f 1753/935/21 1392/334/21 181/3961/21
f 373/3962/21 3920/939/21 1753/935/21
f 3921/936/20 181/3961/20 1393/337/20
f 1752/932/20 1393/337/20 180/3963/20
f 372/3964/20 3921/936/20 1752/932/20
f 3922/933/19 180/3963/19 1394/340/19
f 1751/929/19 1394/340/19 179/3965/19
f 371/3966/19 3922/933/19 1751/929/19
f 3923/930/18 179/3965/18 1395/343/18
f 1750/926/18 1395/343/18 178/3967/18
f 370/3968/18 3923/930/18 1750/926/18
f 3924/927/17 178/3967/17 1396/346/17
f 1749/923/17 1396/346/17 177/3969/17
f 369/3970/17 3924/927/17 1749/923/17
f 3925/924/16 177/3969/16 1397/349/16
f 1748/920/16 1397/349/16 176/3971/16
f 368/3972/16 3925/924/16 1748/920/16
f 3926/921/15 176/3971/15 1398/352/15
f 1747/917/15 1398/352/15 175/3973/15
f 367/3974/15 3926/921/15 1747/917/15
f 3927/918/14 175/3973/14 1399/355/14
f 1746/914/14 1399/355/14 174/359/14
f 366/3975/14 3927/918/14 1746/914/14
f 1400/3976/13 1746/914/13 174/359/13
f 1745/911/13 1400/3976/13 173/3977/13
f 365/3978/13 3928/915/13 1745/911/13
f 1401/361/12 1745/911/12 173/3977/12
f 1744/908/12 1401/361/12 172/3979/12
f 1744/908/12 1776/910/12 3929/912/12
f 3930/909/11 172/3979/11 1402/364/11
f 1743/905/11 1402/364/11 171/3980/11
f 363/3981/11 3930/909/11 1743/905/11
f 3931/906/10 171/3980/10 1403/367/10
f 1742/902/10 1403/367/10 170/3982/10
f 362/3983/10 3931/906/10 1742/902/10
f 3932/903/9 170/3982/9 1404/370/9
f 1741/899/9 1404/370/9 169/3984/9
f 361/3985/9 3932/903/9 1741/899/9
f 3933/900/8 169/3984/8 1405/373/8
f 1740/896/8 1405/373/8 168/3986/8
f 360/3987/8 3933/900/8 1740/896/8
f 3934/897/7 168/3986/7 1406/376/7
f 1739/893/7 1406/376/7 167/3988/7
f 359/3989/7 3934/897/7 1739/893/7
f 3935/894/6 167/3988/6 1407/379/6
f 1738/890/6 1407/379/6 166/3990/6
f 358/3991/6 3935/894/6 1738/890/6
f 3936/891/5 166/3990/5 1408/382/5
f 1737/887/5 1408/382/5 165/3992/5
f 357/3993/5 3936/891/5 1737/887/5
f 3937/888/4 165/3992/4 1409/385/4
f 1736/884/4 1409/385/4 164/3994/4
f 356/3995/4 3937/888/4 1736/884/4
f 3938/885/3 164/3994/3 1410/388/3
f 1735/881/3 1410/388/3 163/3996/3
f 355/3997/3 3938/885/3 1735/881/3
f 3939/882/2 163/3996/2 1411/391/2
f 1734/878/2 1411/391/2 162/3998/2
f 354/3999/2 3939/882/2 1734/878/2
f 3940/879/1 162/3998/1 1412/394/1
f 1733/4000/1 1412/394/1 161/4001/1
f 353/4002/1 3940/879/1 1733/4000/1
f 3941/876/1 290/4003/1 1668/778/1
f 1669/4004/1 1668/778/1 289/4005/1
f 321/4006/1 3941/876/1 1669/4004/1
f 3942/873/2 291/4007/2 1667/775/2
f 1670/875/2 1667/775/2 290/4003/2
f 322/4008/2 3942/873/2 1670/875/2
f 3943/870/3 292/4009/3 1666/772/3
f 1671/872/3 1666/772/3 291/4007/3
f 323/4010/3 3943/870/3 1671/872/3
f 3944/867/4 293/4011/4 1665/769/4
f 1672/869/4 1665/769/4 292/4009/4
f 324/4012/4 3944/867/4 1672/869/4
f 3945/864/5 294/4013/5 1664/766/5
f 1673/866/5 1664/766/5 293/4011/5
f 325/4014/5 3945/864/5 1673/866/5
f 3946/861/6 295/4015/6 1663/763/6
f 1674/863/6 1663/763/6 294/4013/6
f 326/4016/6 3946/861/6 1674/863/6
f 3947/858/7 296/4017/7 1662/760/7
f 1675/860/7 1662/760/7 295/4015/7
f 327/4018/7 3947/858/7 1675/860/7
f 3948/855/8 297/4019/8 1661/757/8
f 1676/857/8 1661/757/8 296/4017/8
f 328/4020/8 3948/855/8 1676/857/8
f 3949/852/9 298/4021/9 1660/754/9
f 1677/854/9 1660/754/9 297/4019/9
f 329/4022/9 3949/852/9 1677/854/9
f 3950/849/10 299/4023/10 1659/751/10
f 1678/851/10 1659/751/10 298/4021/10
f 330/4024/10 3950/849/10 1678/851/10
f 3951/846/11 300/4025/11 1658/748/11
f 1679/848/11 1658/748/11 299/4023/11
f 331/4026/11 3951/846/11 1679/848/11
f 1657/4027/12 1681/842/12 301/746/12
f 1680/845/12 1657/4027/12 300/4025/12
f 332/4028/12 3952/843/12 1680/845/12
f 3953/840/13 302/4029/13 1656/742/13
f 1681/842/13 1656/742/13 301/746/13
f 1681/842/13 1720/838/13 3953/840/13
f 3954/837/14 303/4030/14 1655/739/14
f 1682/839/14 1655/739/14 302/4029/14
f 334/4031/14 3954/837/14 1682/839/14
f 3955/834/15 304/4032/15 1654/736/15
f 1683/836/15 1654/736/15 303/4030/15
f 335/4033/15 3955/834/15 1683/836/15
f 3956/831/16 305/4034/16 1653/733/16
f 1684/833/16 1653/733/16 304/4032/16
f 336/4035/16 3956/831/16 1684/833/16
f 3957/828/17 306/4036/17 1652/730/17
f 1685/830/17 1652/730/17 305/4034/17
f 337/4037/17 3957/828/17 1685/830/17
f 3958/825/18 307/4038/18 1651/727/18
f 1686/827/18 1651/727/18 306/4036/18
f 338/4039/18 3958/825/18 1686/827/18
f 1650/4040/19 1688/821/19 308/725/19
f 1687/824/19 1650/4040/19 307/4038/19
f 339/4041/19 3959/822/19 1687/824/19
f 1649/721/20 1689/818/20 309/4042/20
f 308/725/20 3960/819/20 1649/721/20
f 340/4043/20 3960/819/20 1688/821/20
f 3961/816/21 310/4044/21 1648/718/21
f 1689/818/21 1648/718/21 309/4042/21
f 341/4045/21 3961/816/21 1689/818/21
f 3962/813/22 311/4046/22 1647/715/22
f 1690/815/22 1647/715/22 310/4044/22
f 342/4047/22 3962/813/22 1690/815/22
f 3963/810/23 312/4048/23 1646/712/23
f 1691/812/23 1646/712/23 311/4046/23
f 343/4049/23 3963/810/23 1691/812/23
f 3964/807/24 313/4050/24 1645/709/24
f 1692/809/24 1645/709/24 312/4048/24
f 344/4051/24 3964/807/24 1692/809/24
f 3965/804/25 314/4052/25 1644/706/25
f 1693/806/25 1644/706/25 313/4050/25
f 345/4053/25 3965/804/25 1693/806/25
f 3966/801/26 315/4054/26 1643/703/26
f 1694/803/26 1643/703/26 314/4052/26
f 346/4055/26 3966/801/26 1694/803/26
f 3967/798/27 316/4056/27 1642/700/27
f 1695/800/27 1642/700/27 315/4054/27
f 347/4057/27 3967/798/27 1695/800/27
f 3968/795/28 317/4058/28 1641/697/28
f 1696/797/28 1641/697/28 316/4056/28
f 348/4059/28 3968/795/28 1696/797/28
f 3969/792/29 318/4060/29 1640/694/29
f 1697/794/29 1640/694/29 317/4058/29
f 349/4061/29 3969/792/29 1697/794/29
f 3970/789/30 319/4062/30 1639/691/30
f 1698/791/30 1639/691/30 318/4060/30
f 350/4063/30 3970/789/30 1698/791/30
f 3971/786/32 320/4064/32 1638/688/32
f 1699/788/32 1638/688/32 319/4062/32
f 351/4065/32 3971/786/32 1699/788/32
f 3972/783/33 289/4066/33 1637/685/33
f 1700/785/33 1637/685/33 320/4064/33
f 352/4067/33 3972/783/33 1700/785/33
f 3973/780/1 354/3999/1 1765/877/1
f 1605/4068/1 1765/877/1 353/4002/1
f 289/4005/1 3973/780/1 1605/4068/1
f 3974/777/2 355/3997/2 1766/880/2
f 1606/779/2 1766/880/2 354/3999/2
f 290/4003/2 3974/777/2 1606/779/2
f 3975/774/3 356/3995/3 1767/883/3
f 1607/776/3 1767/883/3 355/3997/3
f 291/4007/3 3975/774/3 1607/776/3
f 3976/771/4 357/3993/4 1768/886/4
f 1608/773/4 1768/886/4 356/3995/4
f 292/4009/4 3976/771/4 1608/773/4
f 3977/768/5 358/3991/5 1769/889/5
f 1609/770/5 1769/889/5 357/3993/5
f 293/4011/5 3977/768/5 1609/770/5
f 3978/765/6 359/3989/6 1770/892/6
f 1610/767/6 1770/892/6 358/3991/6
f 294/4013/6 3978/765/6 1610/767/6
f 3979/762/7 360/3987/7 1771/895/7
f 1611/764/7 1771/895/7 359/3989/7
f 295/4015/7 3979/762/7 1611/764/7
f 3980/759/8 361/3985/8 1772/898/8
f 1612/761/8 1772/898/8 360/3987/8
f 296/4017/8 3980/759/8 1612/761/8
f 3981/756/9 362/3983/9 1773/901/9
f 1613/758/9 1773/901/9 361/3985/9
f 297/4019/9 3981/756/9 1613/758/9
f 3982/753/10 363/3981/10 1774/904/10
f 1614/755/10 1774/904/10 362/3983/10
f 298/4021/10 3982/753/10 1614/755/10
f 3983/750/11 364/4069/11 1775/907/11
f 1615/752/11 1775/907/11 363/3981/11
f 299/4023/11 3983/750/11 1615/752/11
f 3984/745/12 365/3978/12 1776/910/12
f 1616/749/12 1776/910/12 364/4069/12
f 300/4025/12 3984/745/12 1616/749/12
f 3985/744/13 366/3975/13 1777/913/13
f 365/3978/13 3985/744/13 1777/913/13
f 1617/747/13 1656/742/13 3985/744/13
f 3986/741/14 367/3974/14 1778/916/14
f 1618/743/14 1778/916/14 366/3975/14
f 302/4029/14 3986/741/14 1618/743/14
f 3987/738/15 368/3972/15 1779/919/15
f 1619/740/15 1779/919/15 367/3974/15
f 303/4030/15 3987/738/15 1619/740/15
f 3988/735/16 369/3970/16 1780/922/16
f 1620/737/16 1780/922/16 368/3972/16
f 304/4032/16 3988/735/16 1620/737/16
f 3989/732/17 370/3968/17 1781/925/17
f 1621/734/17 1781/925/17 369/3970/17
f 305/4034/17 3989/732/17 1621/734/17
f 3990/729/18 371/3966/18 1782/928/18
f 1622/731/18 1782/928/18 370/3968/18
f 306/4036/18 3990/729/18 1622/731/18
f 3991/724/19 372/3964/19 1783/931/19
f 1623/728/19 1783/931/19 371/3966/19
f 1623/728/19 1650/4040/19 3991/724/19
f 3992/723/20 373/3962/20 1784/934/20
f 1624/726/20 1784/934/20 372/3964/20
f 1624/726/20 1649/721/20 3992/723/20
f 3993/720/21 374/3960/21 1785/937/21
f 1625/722/21 1785/937/21 373/3962/21
f 309/4042/21 3993/720/21 1625/722/21
f 3994/717/22 375/3958/22 1786/940/22
f 1626/719/22 1786/940/22 374/3960/22
f 310/4044/22 3994/717/22 1626/719/22
f 3995/714/23 376/3956/23 1787/943/23
f 1627/716/23 1787/943/23 375/3958/23
f 311/4046/23 3995/714/23 1627/716/23
f 3996/711/24 377/3954/24 1788/946/24
f 1628/713/24 1788/946/24 376/3956/24
f 312/4048/24 3996/711/24 1628/713/24
f 3997/708/25 378/3952/25 1789/949/25
f 1629/710/25 1789/949/25 377/3954/25
f 313/4050/25 3997/708/25 1629/710/25
f 3998/705/26 379/3950/26 1790/952/26
f 1630/707/26 1790/952/26 378/3952/26
f 314/4052/26 3998/705/26 1630/707/26
f 3999/702/27 380/3948/27 1791/955/27
f 1631/704/27 1791/955/27 379/3950/27
f 315/4054/27 3999/702/27 1631/704/27
f 4000/699/28 381/3946/28 1792/958/28
f 1632/701/28 1792/958/28 380/3948/28
f 316/4056/28 4000/699/28 1632/701/28
f 4001/696/29 382/3944/29 1793/961/29
f 1633/698/29 1793/961/29 381/3946/29
f 1633/698/29 1640/694/29 4001/696/29
f 4002/693/30 383/3942/30 1794/964/30
f 1634/695/30 1794/964/30 382/3944/30
f 318/4060/30 4002/693/30 1634/695/30
f 4003/690/32 384/3940/32 1795/967/32
f 1635/692/32 1795/967/32 383/3942/32
f 319/4062/32 4003/690/32 1635/692/32
f 4004/687/33 353/4070/33 1796/970/33
f 1636/689/33 1796/970/33 384/3940/33
f 320/4064/33 4004/687/33 1636/689/33
f 4005/684/33 193/4071/33 1476/490/33
f 1572/680/33 1476/490/33 224/4072/33
f 288/4073/33 4005/684/33 1572/680/33
f 4006/681/32 224/4072/32 1475/487/32
f 1571/677/32 1475/487/32 223/4074/32
f 287/4075/32 4006/681/32 1571/677/32
f 4007/678/30 223/4074/30 1474/484/30
f 1570/674/30 1474/484/30 222/4076/30
f 286/4077/30 4007/678/30 1570/674/30
f 4008/675/29 222/4076/29 1473/481/29
f 1569/671/29 1473/481/29 221/4078/29
f 285/4079/29 4008/675/29 1569/671/29
f 4009/672/28 221/4078/28 1472/478/28
f 1568/668/28 1472/478/28 220/4080/28
f 284/4081/28 4009/672/28 1568/668/28
f 4010/669/27 220/4080/27 1471/475/27
f 1567/665/27 1471/475/27 219/4082/27
f 283/4083/27 4010/669/27 1567/665/27
f 4011/666/26 219/4082/26 1470/472/26
f 1566/662/26 1470/472/26 218/4084/26
f 282/4085/26 4011/666/26 1566/662/26
f 4012/663/25 218/4084/25 1469/469/25
f 1565/659/25 1469/469/25 217/4086/25
f 281/4087/25 4012/663/25 1565/659/25
f 4013/660/24 217/4086/24 1468/466/24
f 1564/656/24 1468/466/24 216/4088/24
f 280/4089/24 4013/660/24 1564/656/24
f 4014/657/23 216/4088/23 1467/463/23
f 1563/653/23 1467/463/23 215/4090/23
f 279/4091/23 4014/657/23 1563/653/23
f 4015/654/22 215/4090/22 1466/460/22
f 1562/650/22 1466/460/22 214/4092/22
f 278/4093/22 4015/654/22 1562/650/22
f 4016/651/21 214/4092/21 1465/457/21
f 1561/647/21 1465/457/21 213/4094/21
f 277/4095/21 4016/651/21 1561/647/21
f 4017/648/20 213/4094/20 1464/454/20
f 212/4096/20 4017/648/20 1464/454/20
f 276/4097/20 4017/648/20 1560/644/20
f 1463/451/19 1560/644/19 212/4096/19
f 211/4098/19 4018/645/19 1463/451/19
f 275/4099/19 4018/645/19 1559/641/19
f 4019/642/18 211/4098/18 1462/448/18
f 1558/638/18 1462/448/18 210/4100/18
f 274/4101/18 4019/642/18 1558/638/18
f 4020/639/17 210/4100/17 1461/445/17
f 1557/635/17 1461/445/17 209/4102/17
f 273/4103/17 4020/639/17 1557/635/17
f 4021/636/16 209/4102/16 1460/442/16
f 1556/632/16 1460/442/16 208/4104/16
f 272/4105/16 4021/636/16 1556/632/16
f 4022/633/15 208/4104/15 1459/439/15
f 1555/629/15 1459/439/15 207/4106/15
f 271/4107/15 4022/633/15 1555/629/15
f 4023/630/14 207/4106/14 1458/436/14
f 1554/626/14 1458/436/14 206/4108/14
f 270/4109/14 4023/630/14 1554/626/14
f 1457/433/13 1554/626/13 206/4108/13
f 205/431/13 4024/627/13 1457/433/13
f 1553/623/13 1585/625/13 4024/627/13
f 4025/624/12 205/431/12 1456/4110/12
f 1552/620/12 1456/4110/12 204/4111/12
f 1552/620/12 1584/622/12 4025/624/12
f 4026/621/11 204/4111/11 1455/427/11
f 1551/617/11 1455/427/11 203/4112/11
f 267/4113/11 4026/621/11 1551/617/11
f 4027/618/10 203/4112/10 1454/424/10
f 1550/614/10 1454/424/10 202/4114/10
f 266/4115/10 4027/618/10 1550/614/10
f 4028/615/9 202/4114/9 1453/421/9
f 1549/611/9 1453/421/9 201/4116/9
f 265/4117/9 4028/615/9 1549/611/9
f 4029/612/8 201/4116/8 1452/418/8
f 1548/608/8 1452/418/8 200/4118/8
f 264/4119/8 4029/612/8 1548/608/8
f 4030/609/7 200/4118/7 1451/415/7
f 1547/605/7 1451/415/7 199/4120/7
f 263/4121/7 4030/609/7 1547/605/7
f 4031/606/6 199/4120/6 1450/412/6
f 1546/602/6 1450/412/6 198/4122/6
f 262/4123/6 4031/606/6 1546/602/6
f 4032/603/5 198/4122/5 1449/409/5
f 1545/599/5 1449/409/5 197/4124/5
f 1545/599/5 1577/601/5 4032/603/5
f 4033/600/4 197/4124/4 1448/406/4
f 1544/596/4 1448/406/4 196/4125/4
f 260/4126/4 4033/600/4 1544/596/4
f 4034/597/3 196/4125/3 1447/403/3
f 1543/593/3 1447/403/3 195/4127/3
f 259/4128/3 4034/597/3 1543/593/3
f 4035/594/2 195/4127/2 1446/400/2
f 1542/590/2 1446/400/2 194/4129/2
f 258/4130/2 4035/594/2 1542/590/2
f 4036/591/1 194/4129/1 1445/397/1
f 1541/4131/1 1445/397/1 193/4132/1
f 257/4133/1 4036/591/1 1541/4131/1
f 4037/588/1 130/3530/1 1348/298/1
f 1477/4134/1 1348/298/1 129/3529/1
f 225/4135/1 4037/588/1 1477/4134/1
f 4038/585/2 131/3532/2 1347/295/2
f 1478/587/2 1347/295/2 130/3530/2
f 226/4136/2 4038/585/2 1478/587/2
f 4039/582/3 132/3534/3 1346/292/3
f 1479/584/3 1346/292/3 131/3532/3
f 227/4137/3 4039/582/3 1479/584/3
f 4040/579/4 133/4138/4 1345/289/4
f 1480/581/4 1345/289/4 132/3534/4
f 228/4139/4 4040/579/4 1480/581/4
f 4041/576/5 134/4140/5 1344/286/5
f 1481/578/5 1344/286/5 133/4138/5
f 229/4141/5 4041/576/5 1481/578/5
f 4042/573/6 135/3603/6 1343/283/6
f 1482/575/6 1343/283/6 134/4140/6
f 230/4142/6 4042/573/6 1482/575/6
f 4043/570/7 136/3605/7 1342/280/7
f 1483/572/7 1342/280/7 135/3603/7
f 231/4143/7 4043/570/7 1483/572/7
f 4044/567/8 137/4144/8 1341/277/8
f 1484/569/8 1341/277/8 136/3605/8
f 232/4145/8 4044/567/8 1484/569/8
f 4045/564/9 138/3608/9 1340/274/9
f 1485/566/9 1340/274/9 137/4144/9
f 233/4146/9 4045/564/9 1485/566/9
f 4046/561/10 139/3610/10 1339/271/10
f 1486/563/10 1339/271/10 138/3608/10
f 234/4147/10 4046/561/10 1486/563/10
f 4047/558/11 140/3612/11 1338/268/11
f 1487/560/11 1338/268/11 139/3610/11
f 235/4148/11 4047/558/11 1487/560/11
f 1337/4149/12 1489/555/12 141/266/12
f 1488/557/12 1337/4149/12 140/3612/12
f 236/4150/12 4048/553/12 1488/557/12
f 1336/262/13 1490/552/13 142/3616/13
f 141/266/13 4049/550/13 1336/262/13
f 1489/555/13 1528/4151/13 4049/550/13
f 4050/549/14 143/3618/14 1335/259/14
f 1490/552/14 1335/259/14 142/3616/14
f 238/551/14 4050/549/14 1490/552/14
f 4051/546/15 144/3620/15 1334/256/15
f 1491/548/15 1334/256/15 143/3618/15
f 239/4152/15 4051/546/15 1491/548/15
f 4052/543/16 145/3622/16 1333/253/16
f 1492/545/16 1333/253/16 144/3620/16
f 240/4153/16 4052/543/16 1492/545/16
f 4053/540/17 146/4154/17 1332/250/17
f 1493/542/17 1332/250/17 145/3622/17
f 241/4155/17 4053/540/17 1493/542/17
f 4054/537/18 147/3626/18 1331/247/18
f 1494/539/18 1331/247/18 146/4154/18
f 242/4156/18 4054/537/18 1494/539/18
f 4055/534/19 148/4157/19 1330/244/19
f 1495/536/19 1330/244/19 147/3626/19
f 243/4158/19 4055/534/19 1495/536/19
f 4056/531/20 149/3538/20 1329/241/20
f 1496/533/20 1329/241/20 148/4157/20
f 244/4159/20 4056/531/20 1496/533/20
f 4057/528/21 150/3539/21 1328/238/21
f 1497/530/21 1328/238/21 149/3538/21
f 245/4160/21 4057/528/21 1497/530/21
f 4058/525/22 151/3541/22 1327/235/22
f 1498/527/22 1327/235/22 150/3539/22
f 246/4161/22 4058/525/22 1498/527/22
f 1326/1666/23 1500/521/23 152/233/23
f 1499/524/23 1326/1666/23 151/3541/23
f 247/4162/23 4059/522/23 1499/524/23
f 4060/519/24 153/230/24 1325/1663/24
f 152/233/24 4060/519/24 1325/1663/24
f 248/4163/24 4060/519/24 1500/521/24
f 4061/516/25 154/3545/25 1324/226/25
f 1501/518/25 1324/226/25 153/230/25
f 249/4164/25 4061/516/25 1501/518/25
f 1323/223/26 1503/512/26 155/3547/26
f 1502/515/26 1323/223/26 154/3545/26
f 250/4165/26 4062/513/26 1502/515/26
f 4063/510/27 156/3549/27 1322/220/27
f 1503/512/27 1322/220/27 155/3547/27
f 251/4166/27 4063/510/27 1503/512/27
f 4064/507/28 157/3551/28 1321/217/28
f 1504/509/28 1321/217/28 156/3549/28
f 252/4167/28 4064/507/28 1504/509/28
f 4065/504/29 158/4168/29 1320/214/29
f 1505/506/29 1320/214/29 157/3551/29
f 253/4169/29 4065/504/29 1505/506/29
f 4066/501/30 159/4170/30 1319/211/30
f 1506/503/30 1319/211/30 158/4168/30
f 254/4171/30 4066/501/30 1506/503/30
f 4067/498/32 160/4172/32 1318/208/32
f 1507/500/32 1318/208/32 159/4170/32
f 255/4173/32 4067/498/32 1507/500/32
f 4068/495/33 129/3560/33 1317/205/33
f 1508/497/33 1317/205/33 160/4172/33
f 256/4174/33 4068/495/33 1508/497/33
f 4069/492/33 225/4175/33 1509/493/33
f 1444/488/33 1509/493/33 256/4174/33
f 224/4072/33 4069/492/33 1444/488/33
f 4070/489/32 256/4174/32 1510/496/32
f 1443/485/32 1510/496/32 255/4173/32
f 223/4074/32 4070/489/32 1443/485/32
f 4071/486/30 255/4173/30 1511/499/30
f 1442/482/30 1511/499/30 254/4171/30
f 1442/482/30 1474/484/30 4071/486/30
f 4072/483/29 254/4171/29 1512/502/29
f 1441/479/29 1512/502/29 253/4169/29
f 221/4078/29 4072/483/29 1441/479/29
f 4073/480/28 253/4169/28 1513/505/28
f 1440/476/28 1513/505/28 252/4167/28
f 220/4080/28 4073/480/28 1440/476/28
f 4074/477/27 252/4167/27 1514/508/27
f 1439/473/27 1514/508/27 251/4166/27
f 219/4082/27 4074/477/27 1439/473/27
f 4075/474/26 251/4166/26 1515/511/26
f 1438/470/26 1515/511/26 250/4165/26
f 218/4084/26 4075/474/26 1438/470/26
f 4076/471/25 250/4165/25 1516/514/25
f 1437/467/25 1516/514/25 249/4164/25
f 217/4086/25 4076/471/25 1437/467/25
f 4077/468/24 249/4164/24 1517/517/24
f 1436/464/24 1517/517/24 248/4163/24
f 216/4088/24 4077/468/24 1436/464/24
f 4078/465/23 248/4163/23 1518/520/23
f 1435/461/23 1518/520/23 247/4162/23
f 215/4090/23 4078/465/23 1435/461/23
f 4079/462/22 247/4162/22 1519/523/22
f 1434/458/22 1519/523/22 246/4161/22
f 214/4092/22 4079/462/22 1434/458/22
f 4080/459/21 246/4161/21 1520/526/21
f 1433/455/21 1520/526/21 245/4160/21
f 213/4094/21 4080/459/21 1433/455/21
f 4081/456/20 245/4160/20 1521/529/20
f 1432/452/20 1521/529/20 244/4159/20
f 212/4096/20 4081/456/20 1432/452/20
f 4082/453/19 244/4159/19 1522/532/19
f 1431/449/19 1522/532/19 243/4158/19
f 211/4098/19 4082/453/19 1431/449/19
f 4083/450/18 243/4158/18 1523/535/18
f 1430/446/18 1523/535/18 242/4156/18
f 210/4100/18 4083/450/18 1430/446/18
f 4084/447/17 242/4156/17 1524/538/17
f 1429/443/17 1524/538/17 241/4155/17
f 209/4102/17 4084/447/17 1429/443/17
f 4085/444/16 241/4155/16 1525/541/16
f 1428/440/16 1525/541/16 240/4153/16
f 208/4104/16 4085/444/16 1428/440/16
f 4086/441/15 240/4153/15 1526/544/15
f 1427/437/15 1526/544/15 239/4152/15
f 207/4106/15 4086/441/15 1427/437/15
f 4087/438/14 239/4152/14 1527/547/14
f 1426/434/14 1527/547/14 238/551/14
f 206/4108/14 4087/438/14 1426/434/14
f 4088/435/13 238/551/13 1528/4151/13
f 237/554/13 4088/435/13 1528/4151/13
f 1425/432/13 1457/433/13 4088/435/13
f 4089/430/12 237/554/12 1529/4176/12
f 1424/428/12 1529/4176/12 236/4150/12
f 204/4111/12 4089/430/12 1424/428/12
f 4090/429/11 236/4150/11 1530/556/11
f 1423/425/11 1530/556/11 235/4148/11
f 203/4112/11 4090/429/11 1423/425/11
f 4091/426/10 235/4148/10 1531/559/10
f 1422/422/10 1531/559/10 234/4147/10
f 202/4114/10 4091/426/10 1422/422/10
f 4092/423/9 234/4147/9 1532/562/9
f 1421/419/9 1532/562/9 233/4146/9
f 201/4116/9 4092/423/9 1421/419/9
f 4093/420/8 233/4146/8 1533/565/8
f 1420/416/8 1533/565/8 232/4145/8
f 200/4118/8 4093/420/8 1420/416/8
f 4094/417/7 232/4145/7 1534/568/7
f 1419/413/7 1534/568/7 231/4143/7
f 199/4120/7 4094/417/7 1419/413/7
f 4095/414/6 231/4143/6 1535/571/6
f 1418/410/6 1535/571/6 230/4142/6
f 198/4122/6 4095/414/6 1418/410/6
f 4096/411/5 230/4142/5 1536/574/5
f 229/4141/5 4096/411/5 1536/574/5
f 197/4124/5 4096/411/5 1417/407/5
f 4097/408/4 229/4141/4 1537/577/4
f 1416/404/4 1537/577/4 228/4139/4
f 196/4125/4 4097/408/4 1416/404/4
f 4098/405/3 228/4139/3 1538/580/3
f 1415/401/3 1538/580/3 227/4137/3
f 195/4127/3 4098/405/3 1415/401/3
f 4099/402/2 227/4137/2 1539/583/2
f 1414/398/2 1539/583/2 226/4136/2
f 194/4129/2 4099/402/2 1414/398/2
f 4100/399/1 226/4136/1 1540/586/1
f 1413/4177/1 1540/586/1 225/4135/1
f 193/4132/1 4100/399/1 1413/4177/1
f 4101/396/1 258/4130/1 1573/589/1
f 1349/4178/1 1573/589/1 257/4133/1
f 161/4001/1 4101/396/1 1349/4178/1
f 4102/393/2 259/4128/2 1574/592/2
f 1350/395/2 1574/592/2 258/4130/2
f 162/3998/2 4102/393/2 1350/395/2
f 4103/390/3 260/4126/3 1575/595/3
f 1351/392/3 1575/595/3 259/4128/3
f 163/3996/3 4103/390/3 1351/392/3
f 4104/387/4 261/4179/4 1576/598/4
f 1352/389/4 1576/598/4 260/4126/4
f 164/3994/4 4104/387/4 1352/389/4
f 4105/384/5 262/4123/5 1577/601/5
f 1353/386/5 1577/601/5 261/4179/5
f 165/3992/5 4105/384/5 1353/386/5
f 4106/381/6 263/4121/6 1578/604/6
f 1354/383/6 1578/604/6 262/4123/6
f 166/3990/6 4106/381/6 1354/383/6
f 4107/378/7 264/4119/7 1579/607/7
f 1355/380/7 1579/607/7 263/4121/7
f 167/3988/7 4107/378/7 1355/380/7
f 4108/375/8 265/4117/8 1580/610/8
f 1356/377/8 1580/610/8 264/4119/8
f 168/3986/8 4108/375/8 1356/377/8
f 4109/372/9 266/4115/9 1581/613/9
f 1357/374/9 1581/613/9 265/4117/9
f 169/3984/9 4109/372/9 1357/374/9
f 4110/369/10 267/4113/10 1582/616/10
f 1358/371/10 1582/616/10 266/4115/10
f 170/3982/10 4110/369/10 1358/371/10
f 4111/366/11 268/4180/11 1583/619/11
f 1359/368/11 1583/619/11 267/4113/11
f 171/3980/11 4111/366/11 1359/368/11
f 1584/622/12 1361/362/12 269/4181/12
f 268/4180/12 4112/363/12 1584/622/12
f 172/3979/12 4112/363/12 1360/365/12
f 4113/358/13 270/4109/13 1585/625/13
f 1361/362/13 1585/625/13 269/4181/13
f 1361/362/13 1400/3976/13 4113/358/13
f 4114/357/14 271/4107/14 1586/628/14
f 1362/360/14 1586/628/14 270/4109/14
f 174/359/14 4114/357/14 1362/360/14
f 4115/354/15 272/4105/15 1587/631/15
f 1363/356/15 1587/631/15 271/4107/15
f 175/3973/15 4115/354/15 1363/356/15
f 4116/351/16 273/4103/16 1588/634/16
f 1364/353/16 1588/634/16 272/4105/16
f 176/3971/16 4116/351/16 1364/353/16
f 4117/348/17 274/4101/17 1589/637/17
f 1365/350/17 1589/637/17 273/4103/17
f 177/3969/17 4117/348/17 1365/350/17
f 4118/345/18 275/4099/18 1590/640/18
f 1366/347/18 1590/640/18 274/4101/18
f 178/3967/18 4118/345/18 1366/347/18
f 4119/342/19 276/4097/19 1591/643/19
f 1367/344/19 1591/643/19 275/4099/19
f 179/3965/19 4119/342/19 1367/344/19
f 4120/339/20 277/4095/20 1592/646/20
f 1368/341/20 1592/646/20 276/4097/20
f 180/3963/20 4120/339/20 1368/341/20
f 4121/336/21 278/4093/21 1593/649/21
f 1369/338/21 1593/649/21 277/4095/21
f 181/3961/21 4121/336/21 1369/338/21
f 4122/333/22 279/4091/22 1594/652/22
f 1370/335/22 1594/652/22 278/4093/22
f 182/3959/22 4122/333/22 1370/335/22
f 4123/330/23 280/4089/23 1595/655/23
f 1371/332/23 1595/655/23 279/4091/23
f 183/3957/23 4123/330/23 1371/332/23
f 4124/327/24 281/4087/24 1596/658/24
f 1372/329/24 1596/658/24 280/4089/24
f 184/3955/24 4124/327/24 1372/329/24
f 4125/324/25 282/4085/25 1597/661/25
f 1373/326/25 1597/661/25 281/4087/25
f 185/3953/25 4125/324/25 1373/326/25
f 4126/321/26 283/4083/26 1598/664/26
f 1374/323/26 1598/664/26 282/4085/26
f 186/3951/26 4126/321/26 1374/323/26
f 4127/318/27 284/4081/27 1599/667/27
f 1375/320/27 1599/667/27 283/4083/27
f 187/3949/27 4127/318/27 1375/320/27
f 4128/315/28 285/4079/28 1600/670/28
f 1376/317/28 1600/670/28 284/4081/28
f 188/3947/28 4128/315/28 1376/317/28
f 4129/312/29 286/4077/29 1601/673/29
f 1377/314/29 1601/673/29 285/4079/29
f 189/3945/29 4129/312/29 1377/314/29
f 4130/309/30 287/4075/30 1602/676/30
f 1378/311/30 1602/676/30 286/4077/30
f 190/3943/30 4130/309/30 1378/311/30
f 4131/306/32 288/4073/32 1603/679/32
f 1379/308/32 1603/679/32 287/4075/32
f 191/3941/32 4131/306/32 1379/308/32
f 4132/303/33 257/4182/33 1604/682/33
f 1380/305/33 1604/682/33 288/4073/33
f 192/3939/33 4132/303/33 1380/305/33
f 4133/300/1 450/3927/1 1957/1165/1
f 1285/4183/1 1957/1165/1 449/3930/1
f 129/3529/1 4133/300/1 1285/4183/1
f 4134/297/2 451/3925/2 1958/1168/2
f 1286/299/2 1958/1168/2 450/3927/2
f 130/3530/2 4134/297/2 1286/299/2
f 4135/294/3 452/3923/3 1959/1171/3
f 1287/296/3 1959/1171/3 451/3925/3
f 131/3532/3 4135/294/3 1287/296/3
f 4136/291/4 453/3921/4 1960/1174/4
f 452/3923/4 4136/291/4 1960/1174/4
f 132/3534/4 4136/291/4 1288/293/4
f 1961/1177/5 1290/287/5 454/3919/5
f 1289/290/5 1961/1177/5 453/3921/5
f 133/4138/5 4137/288/5 1289/290/5
f 4138/285/6 455/3917/6 1962/1180/6
f 1290/287/6 1962/1180/6 454/3919/6
f 134/4140/6 4138/285/6 1290/287/6
f 4139/282/7 456/3915/7 1963/1183/7
f 1291/284/7 1963/1183/7 455/3917/7
f 135/3603/7 4139/282/7 1291/284/7
f 4140/279/8 457/3913/8 1964/1186/8
f 1292/281/8 1964/1186/8 456/3915/8
f 136/3605/8 4140/279/8 1292/281/8
f 4141/276/9 458/3911/9 1965/1189/9
f 1293/278/9 1965/1189/9 457/3913/9
f 137/4144/9 4141/276/9 1293/278/9
f 4142/273/10 459/3909/10 1966/1192/10
f 1294/275/10 1966/1192/10 458/3911/10
f 138/3608/10 4142/273/10 1294/275/10
f 4143/270/11 460/3907/11 1967/1195/11
f 1295/272/11 1967/1195/11 459/3909/11
f 139/3610/11 4143/270/11 1295/272/11
f 1968/4184/12 1297/267/12 461/1199/12
f 1296/269/12 1968/4184/12 460/3907/12
f 1296/269/12 1337/4149/12 4144/265/12
f 4145/264/13 462/1202/13 1969/3904/13
f 461/1199/13 4145/264/13 1969/3904/13
f 1297/267/13 1336/262/13 4145/264/13
f 4146/261/14 463/3902/14 1970/1204/14
f 1298/263/14 1970/1204/14 462/1202/14
f 142/3616/14 4146/261/14 1298/263/14
f 4147/258/15 464/3900/15 1971/1207/15
f 1299/260/15 1971/1207/15 463/3902/15
f 143/3618/15 4147/258/15 1299/260/15
f 4148/255/16 465/3898/16 1972/1210/16
f 1300/257/16 1972/1210/16 464/3900/16
f 144/3620/16 4148/255/16 1300/257/16
f 4149/252/17 466/3896/17 1973/1213/17
f 1301/254/17 1973/1213/17 465/3898/17
f 145/3622/17 4149/252/17 1301/254/17
f 4150/249/18 467/3894/18 1974/1216/18
f 1302/251/18 1974/1216/18 466/3896/18
f 146/4154/18 4150/249/18 1302/251/18
f 4151/246/19 468/3891/19 1975/1219/19
f 1303/248/19 1975/1219/19 467/3894/19
f 147/3626/19 4151/246/19 1303/248/19
f 4152/243/20 469/3889/20 1976/1222/20
f 1304/245/20 1976/1222/20 468/3891/20
f 148/4157/20 4152/243/20 1304/245/20
f 4153/240/21 470/3888/21 1977/1225/21
f 1305/242/21 1977/1225/21 469/3889/21
f 149/3538/21 4153/240/21 1305/242/21
f 4154/237/22 471/3886/22 1978/1228/22
f 1306/239/22 1978/1228/22 470/3888/22
f 150/3539/22 4154/237/22 1306/239/22
f 4155/232/23 472/3884/23 1979/1231/23
f 1307/236/23 1979/1231/23 471/3886/23
f 151/3541/23 4155/232/23 1307/236/23
f 4156/229/24 473/3882/24 1980/1234/24
f 1308/234/24 1980/1234/24 472/3884/24
f 1308/234/24 1325/1663/24 4156/229/24
f 4157/228/25 474/3880/25 1981/1237/25
f 1309/231/25 1981/1237/25 473/3882/25
f 153/230/25 4157/228/25 1309/231/25
f 4158/225/26 475/3878/26 1982/1240/26
f 1310/227/26 1982/1240/26 474/3880/26
f 154/3545/26 4158/225/26 1310/227/26
f 4159/222/27 476/3876/27 1983/1243/27
f 1311/224/27 1983/1243/27 475/3878/27
f 155/3547/27 4159/222/27 1311/224/27
f 4160/219/28 477/3874/28 1984/1246/28
f 1312/221/28 1984/1246/28 476/3876/28
f 156/3549/28 4160/219/28 1312/221/28
f 4161/216/29 478/3872/29 1985/1249/29
f 1313/218/29 1985/1249/29 477/3874/29
f 157/3551/29 4161/216/29 1313/218/29
f 4162/213/30 479/3870/30 1986/1252/30
f 1314/215/30 1986/1252/30 478/3872/30
f 158/4168/30 4162/213/30 1314/215/30
f 4163/210/32 480/3868/32 1987/1255/32
f 1315/212/32 1987/1255/32 479/3870/32
f 159/4170/32 4163/210/32 1315/212/32
f 4164/207/33 449/4185/33 1988/1258/33
f 1316/209/33 1988/1258/33 480/3868/33
f 160/4172/33 4164/207/33 1316/209/33
f 4165/204/16 960/3311/16 2933/2631/16
f 2886/4186/16 2933/2631/16 930/3314/16
f 70/4187/16 4165/204/16 2886/4186/16
f 4166/201/15 959/3310/15 2934/2634/15
f 2916/203/15 2934/2634/15 960/3311/15
f 68/4188/15 4166/201/15 2916/203/15
f 4167/198/14 958/3308/14 2935/2637/14
f 2915/200/14 2935/2637/14 959/3310/14
f 71/4189/14 4167/198/14 2915/200/14
f 4168/195/13 957/3306/13 2936/2640/13
f 2914/197/13 2936/2640/13 958/3308/13
f 66/4190/13 4168/195/13 2914/197/13
f 4169/192/12 956/3304/12 2937/2643/12
f 2913/194/12 2937/2643/12 957/3306/12
f 67/4191/12 4169/192/12 2913/194/12
f 4170/189/11 955/3302/11 2938/2646/11
f 2912/191/11 2938/2646/11 956/3304/11
f 65/4192/11 4170/189/11 2912/191/11
f 4171/186/10 954/3300/10 2939/2649/10
f 2911/188/10 2939/2649/10 955/3302/10
f 93/4193/10 4171/186/10 2911/188/10
f 4172/183/9 953/3298/9 2940/2652/9
f 2910/185/9 2940/2652/9 954/3300/9
f 73/4194/9 4172/183/9 2910/185/9
f 4173/180/8 952/3296/8 2941/2655/8
f 2909/182/8 2941/2655/8 953/3298/8
f 72/4195/8 4173/180/8 2909/182/8
f 4174/177/7 951/3294/7 2942/2658/7
f 2908/179/7 2942/2658/7 952/3296/7
f 74/4196/7 4174/177/7 2908/179/7
f 4175/174/6 950/3292/6 2943/2661/6
f 2907/176/6 2943/2661/6 951/3294/6
f 78/4197/6 4175/174/6 2907/176/6
f 4176/171/5 949/3316/5 2944/2664/5
f 2906/173/5 2944/2664/5 950/3292/5
f 75/4198/5 4176/171/5 2906/173/5
f 4177/168/4 112/3130/4 1273/2980/4
f 3189/3016/4 1273/2980/4 1077/3093/4
f 1076/3091/4 4177/168/4 3189/3016/4
f 4178/165/3 117/4199/3 1272/166/3
f 3190/3019/3 1272/166/3 1076/3091/3
f 1075/3089/3 4178/165/3 3190/3019/3
f 4179/162/2 114/4200/2 1271/163/2
f 3191/3022/2 1271/163/2 1075/3089/2
f 1074/3088/2 4179/162/2 3191/3022/2
f 4180/159/1 116/4201/1 1270/160/1
f 3192/3025/1 1270/160/1 1074/3088/1
f 1073/3086/1 4180/159/1 3192/3025/1
f 4181/156/33 115/4202/33 1269/157/33
f 3193/3028/33 1269/157/33 1073/3086/33
f 1072/3084/33 4181/156/33 3193/3028/33
f 4182/153/32 125/4203/32 1268/154/32
f 3194/3031/32 1268/154/32 1072/3084/32
f 1071/3082/32 4182/153/32 3194/3031/32
f 4183/150/30 104/4204/30 1267/151/30
f 3195/3034/30 1267/151/30 1071/3082/30
f 1070/3080/30 4183/150/30 3195/3034/30
f 4184/147/29 106/4205/29 1266/148/29
f 3196/3037/29 1266/148/29 1070/3080/29
f 1069/3078/29 4184/147/29 3196/3037/29
f 4185/144/28 105/4206/28 1265/145/28
f 3197/3040/28 1265/145/28 1069/3078/28
f 1068/3076/28 4185/144/28 3197/3040/28
f 4186/141/27 110/4207/27 1264/142/27
f 3198/3043/27 1264/142/27 1068/3076/27
f 1067/3074/27 4186/141/27 3198/3043/27
f 4187/138/26 107/4208/26 1263/139/26
f 3199/3046/26 1263/139/26 1067/3074/26
f 1066/3072/26 4187/138/26 3199/3046/26
f 4188/135/25 109/4209/25 1262/136/25
f 3200/3049/25 1262/136/25 1066/3072/25
f 1065/3070/25 4188/135/25 3200/3049/25
f 4189/132/24 108/4210/24 1261/133/24
f 3201/3053/24 1261/133/24 1065/3070/24
f 3201/3053/24 1260/130/24 4189/132/24
f 4190/129/23 126/4211/23 1260/130/23
f 3202/3055/23 1260/130/23 1064/3052/23
f 1063/3066/23 4190/129/23 3202/3055/23
f 4191/126/22 101/4212/22 1259/127/22
f 3203/3058/22 1259/127/22 1063/3066/22
f 1062/3063/22 4191/126/22 3203/3058/22
f 4192/123/21 102/4213/21 1258/124/21
f 3204/3061/21 1258/124/21 1062/3063/21
f 1061/3136/21 4192/123/21 3204/3061/21
f 4193/120/20 932/3287/20 2945/2667/20
f 2889/2583/20 2945/2667/20 933/3289/20
f 88/3364/20 4193/120/20 2889/2583/20
f 4194/117/19 931/3285/19 2946/2670/19
f 2888/119/19 2946/2670/19 932/3287/19
f 86/4214/19 4194/117/19 2888/119/19
f 4195/114/18 929/3283/18 2947/2673/18
f 2887/116/18 2947/2673/18 931/3285/18
f 94/4215/18 4195/114/18 2887/116/18
f 4196/111/17 930/4216/17 2948/2676/17
f 2885/113/17 2948/2676/17 929/3283/17
f 69/4217/17 4196/111/17 2885/113/17
f 4197/102/33 321/4218/33 1701/781/33
f 1217/98/33 1701/781/33 352/4067/33
f 64/4219/33 4197/102/33 1217/98/33
f 4198/99/32 352/4067/32 1702/784/32
f 1179/89/32 1702/784/32 351/4065/32
f 62/4220/32 4198/99/32 1179/89/32
f 4199/90/30 351/4065/30 1703/787/30
f 1176/86/30 1703/787/30 350/4063/30
f 60/4221/30 4199/90/30 1176/86/30
f 4200/87/29 350/4063/29 1704/790/29
f 1173/83/29 1704/790/29 349/4061/29
f 58/4222/29 4200/87/29 1173/83/29
f 4201/84/28 349/4061/28 1705/793/28
f 1170/80/28 1705/793/28 348/4059/28
f 56/4223/28 4201/84/28 1170/80/28
f 4202/81/27 348/4059/27 1706/796/27
f 1167/77/27 1706/796/27 347/4057/27
f 54/4224/27 4202/81/27 1167/77/27
f 4203/78/26 347/4057/26 1707/799/26
f 1164/74/26 1707/799/26 346/4055/26
f 52/4225/26 4203/78/26 1164/74/26
f 4204/75/25 346/4055/25 1708/802/25
f 1161/71/25 1708/802/25 345/4053/25
f 50/4226/25 4204/75/25 1161/71/25
f 4205/72/24 345/4053/24 1709/805/24
f 1158/69/24 1709/805/24 344/4051/24
f 1158/69/24 1160/70/24 4205/72/24
f 4206/67/23 344/4051/23 1710/808/23
f 1155/65/23 1710/808/23 343/4049/23
f 1155/65/23 1157/4227/23 4206/67/23
f 4207/66/22 343/4049/22 1711/811/22
f 1152/62/22 1711/811/22 342/4047/22
f 44/4228/22 4207/66/22 1152/62/22
f 4208/63/21 342/4047/21 1712/814/21
f 1149/59/21 1712/814/21 341/4045/21
f 42/4229/21 4208/63/21 1149/59/21
f 4209/60/20 341/4045/20 1713/817/20
f 1146/56/20 1713/817/20 340/4043/20
f 40/4230/20 4209/60/20 1146/56/20
f 4210/57/19 340/4043/19 1714/820/19
f 1143/53/19 1714/820/19 339/4041/19
f 38/4231/19 4210/57/19 1143/53/19
f 4211/54/18 339/4041/18 1715/823/18
f 1140/50/18 1715/823/18 338/4039/18
f 36/4232/18 4211/54/18 1140/50/18
f 4212/51/17 338/4039/17 1716/826/17
f 1137/47/17 1716/826/17 337/4037/17
f 34/4233/17 4212/51/17 1137/47/17
f 4213/48/16 337/4037/16 1717/829/16
f 1134/44/16 1717/829/16 336/4035/16
f 32/4234/16 4213/48/16 1134/44/16
f 4214/45/15 336/4035/15 1718/832/15
f 1131/41/15 1718/832/15 335/4033/15
f 30/4235/15 4214/45/15 1131/41/15
f 4215/42/14 335/4033/14 1719/835/14
f 1128/38/14 1719/835/14 334/4031/14
f 28/4236/14 4215/42/14 1128/38/14
f 4216/39/13 334/4031/13 1720/838/13
f 1125/36/13 1720/838/13 333/4237/13
f 1125/36/13 1127/37/13 4216/39/13
f 4217/34/12 333/4237/12 1721/841/12
f 1122/32/12 1721/841/12 332/4028/12
f 24/4238/12 4217/34/12 1122/32/12
f 4218/33/11 332/4028/11 1722/844/11
f 1119/29/11 1722/844/11 331/4026/11
f 22/4239/11 4218/33/11 1119/29/11
f 4219/30/10 331/4026/10 1723/847/10
f 1116/26/10 1723/847/10 330/4024/10
f 20/4240/10 4219/30/10 1116/26/10
f 4220/27/9 330/4024/9 1724/850/9
f 1113/23/9 1724/850/9 329/4022/9
f 18/4241/9 4220/27/9 1113/23/9
f 4221/24/8 329/4022/8 1725/853/8
f 1110/20/8 1725/853/8 328/4020/8
f 16/4242/8 4221/24/8 1110/20/8
f 4222/21/7 328/4020/7 1726/856/7
f 1107/17/7 1726/856/7 327/4018/7
f 14/4243/7 4222/21/7 1107/17/7
f 4223/18/6 327/4018/6 1727/859/6
f 1104/14/6 1727/859/6 326/4016/6
f 12/4244/6 4223/18/6 1104/14/6
f 4224/15/5 326/4016/5 1728/862/5
f 1101/11/5 1728/862/5 325/4014/5
f 10/4245/5 4224/15/5 1101/11/5
f 1729/865/4 1101/11/4 325/4014/4
f 1098/8/4 1729/865/4 324/4012/4
f 8/4246/4 4225/12/4 1098/8/4
f 4226/9/3 324/4012/3 1730/868/3
f 1095/5/3 1730/868/3 323/4010/3
f 6/4247/3 4226/9/3 1095/5/3
f 4227/6/2 323/4010/2 1731/871/2
f 1092/2/2 1731/871/2 322/4008/2
f 4/4248/2 4227/6/2 1092/2/2
f 4228/3/1 322/4008/1 1732/874/1
f 1090/4249/1 1732/874/1 321/4006/1
f 2/4250/1 4228/3/1 1090/4249/1
f 1091/1/1 4/4248/1 1092/2/1
f 1094/4/2 6/4247/2 1095/5/2
f 1097/7/3 8/4246/3 1098/8/3
f 1100/10/4 10/4245/4 1101/11/4
f 1103/13/5 12/4244/5 1104/14/5
f 1106/16/6 14/4243/6 1107/17/6
f 1109/19/7 16/4242/7 1110/20/7
f 1112/22/8 18/4241/8 1113/23/8
f 1115/25/9 20/4240/9 1116/26/9
f 1118/28/10 22/4239/10 1119/29/10
f 1121/31/11 24/4238/11 1122/32/11
f 4217/34/12 1124/4251/12 26/35/12
f 1127/37/13 28/4236/13 1128/38/13
f 1130/40/14 30/4235/14 1131/41/14
f 1133/43/15 32/4234/15 1134/44/15
f 1136/46/16 34/4233/16 1137/47/16
f 1139/49/17 36/4232/17 1140/50/17
f 1142/52/18 38/4231/18 1143/53/18
f 1145/55/19 40/4230/19 1146/56/19
f 1148/58/20 42/4229/20 1149/59/20
f 1151/61/21 44/4228/21 1152/62/21
f 1154/64/22 46/4252/22 1155/65/22
f 4206/67/23 1157/4227/23 48/68/23
f 1160/70/24 50/4226/24 1161/71/24
f 1163/73/25 52/4225/25 1164/74/25
f 1166/76/26 54/4224/26 1167/77/26
f 1169/79/27 56/4223/27 1170/80/27
f 1172/82/28 58/4222/28 1173/83/28
f 1175/85/29 60/4221/29 1176/86/29
f 1178/88/30 62/4220/30 1179/89/30
f 1180/4253/31 30/4254/31 1130/4255/31
f 1130/4255/31 28/4256/31 82/4257/31
f 28/4256/31 1127/4258/31 82/4257/31
f 82/4257/31 1127/4258/31 1202/4259/31
f 1127/4258/31 26/4260/31 84/4261/31
f 26/4260/31 1124/4262/31 84/4261/31
f 1124/4262/31 24/4263/31 83/4264/31
f 24/4263/31 1121/4265/31 83/4264/31
f 1124/4262/31 83/4264/31 1201/4266/31
f 1121/4265/31 22/4267/31 96/4268/31
f 22/4267/31 1118/4269/31 96/4268/31
f 1121/4265/31 96/4268/31 1200/4270/31
f 1118/4269/31 20/4271/31 90/4272/31
f 20/4271/31 1115/4273/31 90/4272/31
f 90/4272/31 1115/4273/31 1198/4274/31
f 1115/4273/31 18/4275/31 89/4276/31
f 18/4275/31 1112/4277/31 89/4276/31
f 89/4276/31 1112/4277/31 1197/4278/31
f 1112/4277/31 16/4279/31 91/4280/31
f 16/4279/31 1109/4281/31 91/4280/31
f 1112/4277/31 91/4280/31 1197/4278/31
f 1109/4281/31 14/4282/31 92/4283/31
f 14/4282/31 1106/4284/31 92/4283/31
f 1109/4281/31 92/4283/31 1196/4285/31
f 1106/4284/31 12/4286/31 87/4287/31
f 12/4286/31 1103/91/31 87/4287/31
f 87/4287/31 1103/91/31 1194/93/31
f 1103/91/31 10/4288/31 88/92/31
f 10/4288/31 1100/4289/31 88/92/31
f 88/92/31 1100/4289/31 1193/4290/31
f 1100/4289/31 8/4291/31 86/4292/31
f 8/4291/31 1097/4293/31 86/4292/31
f 1097/4293/31 6/4294/31 94/4295/31
f 6/4294/31 1094/4296/31 94/4295/31
f 1094/4296/31 4/4297/31 69/4298/31
f 4/4297/31 1091/4299/31 69/4298/31
f 69/4298/31 1091/4299/31 1190/4300/31
f 1091/4299/31 2/4301/31 70/4302/31
f 2/4301/31 1181/4303/31 70/4302/31
f 70/4302/31 1181/4303/31 1189/4304/31
f 1181/4303/31 64/4305/31 68/4306/31
f 64/4305/31 1182/4307/31 68/4306/31
f 1182/4307/31 62/4308/31 71/4309/31
f 62/4308/31 1178/4310/31 71/4309/31
f 1182/4307/31 71/4309/31 1188/4311/31
f 1178/4310/31 60/4312/31 66/4313/31
f 60/4312/31 1175/4314/31 66/4313/31
f 1175/4314/31 58/4315/31 67/4316/31
f 58/4315/31 1172/4317/31 67/4316/31
f 1172/4317/31 56/4318/31 65/4319/31
f 56/4318/31 1169/4320/31 65/4319/31
f 1169/4320/31 54/4321/31 1183/4322/31
f 1183/4322/31 93/4323/31 1184/4324/31
f 1183/4322/31 1184/4324/31 1169/4320/31
f 1184/4324/31 65/4319/31 1169/4320/31
f 68/4306/31 1182/4307/31 1188/4311/31
f 86/4292/31 1097/4293/31 1192/4325/31
f 85/4326/31 1180/4253/31 1203/4327/31
f 1180/4253/31 1130/4255/31 1203/4327/31
f 82/4257/31 1203/4327/31 1130/4255/31
f 1127/4258/31 84/4261/31 1202/4259/31
f 84/4261/31 1124/4262/31 1201/4266/31
f 1175/4314/31 67/4316/31 1186/4328/31
f 67/4316/31 1172/4317/31 1185/4329/31
f 65/4319/31 1185/4329/31 1172/4317/31
f 1186/4328/31 66/4313/31 1175/4314/31
f 83/4264/31 1121/4265/31 1200/4270/31
f 1178/4310/31 66/4313/31 1187/4330/31
f 1178/4310/31 1187/4330/31 71/4309/31
f 1199/4331/31 96/4268/31 1118/4269/31
f 1181/4303/31 68/4306/31 1189/4304/31
f 90/4272/31 1199/4331/31 1118/4269/31
f 1091/4299/31 70/4302/31 1190/4300/31
f 89/4276/31 1198/4274/31 1115/4273/31
f 1094/4296/31 69/4298/31 1191/4332/31
f 91/4280/31 1109/4281/31 1196/4285/31
f 1094/4296/31 1191/4332/31 94/4295/31
f 94/4295/31 1192/4325/31 1097/4293/31
f 1100/4289/31 86/4292/31 1193/4290/31
f 1195/4333/31 92/4283/31 1106/4284/31
f 87/4287/31 1195/4333/31 1106/4284/31
f 1183/4322/31 54/4321/31 1166/4334/31
f 1166/4334/31 52/4335/31 73/4336/31
f 52/4335/31 1163/4337/31 73/4336/31
f 73/4336/31 1163/4337/31 1214/4338/31
f 1163/4337/31 50/4339/31 72/4340/31
f 50/4339/31 1160/4341/31 72/4340/31
f 1160/4341/31 48/4342/31 74/4343/31
f 48/4342/31 1157/4344/31 74/4343/31
f 1160/4341/31 74/4343/31 1213/4345/31
f 1157/4344/31 46/4346/31 78/4347/31
f 46/4346/31 1154/4348/31 78/4347/31
f 1154/4348/31 44/4349/31 75/4350/31
f 44/4349/31 1151/4351/31 75/4350/31
f 75/4350/31 1151/4351/31 1210/4352/31
f 1151/4351/31 42/4353/31 77/95/31
f 42/4353/31 1148/96/31 77/95/31
f 1148/96/31 40/4354/31 76/4355/31
f 40/4354/31 1145/4356/31 76/4355/31
f 1145/4356/31 38/4357/31 95/4358/31
f 38/4357/31 1142/4359/31 95/4358/31
f 1145/4356/31 95/4358/31 1208/4360/31
f 1142/4359/31 36/4361/31 79/4362/31
f 36/4361/31 1139/4363/31 79/4362/31
f 79/4362/31 1139/4363/31 1206/4364/31
f 1139/4363/31 34/4365/31 81/4366/31
f 34/4365/31 1136/4367/31 81/4366/31
f 1136/4367/31 32/4368/31 80/4369/31
f 32/4368/31 1133/4370/31 80/4369/31
f 1133/4370/31 30/4254/31 1180/4253/31
f 1180/4253/31 85/4326/31 1204/4371/31
f 1180/4253/31 1204/4371/31 1133/4370/31
f 1204/4371/31 80/4369/31 1133/4370/31
f 76/4355/31 1145/4356/31 1208/4360/31
f 93/4323/31 1183/4322/31 1215/4372/31
f 1183/4322/31 1166/4334/31 1215/4372/31
f 73/4336/31 1215/4372/31 1166/4334/31
f 1163/4337/31 72/4340/31 1214/4338/31
f 72/4340/31 1160/4341/31 1213/4345/31
f 1151/4351/31 77/95/31 1210/4352/31
f 1139/4363/31 81/4366/31 1206/4364/31
f 81/4366/31 1136/4367/31 1205/4373/31
f 80/4369/31 1205/4373/31 1136/4367/31
f 74/4343/31 1157/4344/31 1212/4374/31
f 1142/4359/31 79/4362/31 1207/4375/31
f 78/4347/31 1212/4374/31 1157/4344/31
f 75/4350/31 1211/4376/31 1154/4348/31
f 1211/4376/31 78/4347/31 1154/4348/31
f 1142/4359/31 1207/4375/31 95/4358/31
f 76/4355/31 1209/94/31 1148/96/31
f 1182/97/32 64/4219/32 1217/98/32
f 1181/100/33 2/4377/33 1090/101/33
f 1219/4378/34 117/4379/34 1220/4380/34
f 1220/4380/34 39/4381/34 1147/4382/34
f 1147/4382/34 41/4383/34 112/4384/34
f 41/4383/34 1150/4385/34 112/4384/34
f 112/4384/34 1150/4385/34 1228/4386/34
f 1150/4385/34 43/4387/34 113/4388/34
f 43/4387/34 1153/4389/34 113/4388/34
f 1153/4389/34 45/4390/34 111/4391/34
f 45/4390/34 1156/4392/34 111/4391/34
f 1156/4392/34 47/4393/34 127/105/34
f 47/4393/34 1159/103/34 127/105/34
f 1159/103/34 49/4394/34 118/4395/34
f 49/4394/34 1162/4396/34 118/4395/34
f 118/4395/34 1162/4396/34 1224/4397/34
f 1162/4396/34 51/4398/34 120/4399/34
f 51/4398/34 1165/4400/34 120/4399/34
f 1165/4400/34 53/4401/34 119/4402/34
f 53/4401/34 1168/4403/34 119/4402/34
f 1168/4403/34 55/4404/34 1221/4405/34
f 1221/4405/34 124/4406/34 1222/4407/34
f 119/4402/34 1223/4408/34 1165/4400/34
f 1223/4408/34 120/4399/34 1165/4400/34
f 1221/4405/34 1222/4407/34 1168/4403/34
f 1222/4407/34 119/4402/34 1168/4403/34
f 111/4391/34 1156/4392/34 1226/4409/34
f 1219/4378/34 1220/4380/34 1147/4382/34
f 112/4384/34 1219/4378/34 1147/4382/34
f 1150/4385/34 113/4388/34 1228/4386/34
f 113/4388/34 1153/4389/34 1227/4410/34
f 1162/4396/34 120/4399/34 1224/4397/34
f 111/4391/34 1227/4410/34 1153/4389/34
f 127/105/34 1226/4409/34 1156/4392/34
f 1159/103/34 118/4395/34 1225/104/34
f 1229/4411/34 124/4406/34 1221/4405/34
f 1221/4405/34 55/4404/34 1171/4412/34
f 1171/4412/34 57/4413/34 121/4414/34
f 57/4413/34 1174/4415/34 121/4414/34
f 1174/4415/34 59/4416/34 123/4417/34
f 59/4416/34 1177/4418/34 123/4417/34
f 123/4417/34 1177/4418/34 1251/4419/34
f 1177/4418/34 61/4420/34 122/4421/34
f 61/4420/34 1216/4422/34 122/4421/34
f 1177/4418/34 122/4421/34 1251/4419/34
f 1216/4422/34 63/4423/34 128/4424/34
f 63/4423/34 1218/4425/34 128/4424/34
f 1216/4422/34 128/4424/34 1250/4426/34
f 1218/4425/34 1/4427/34 97/4428/34
f 1/4427/34 1089/4429/34 97/4428/34
f 97/4428/34 1089/4429/34 1248/4430/34
f 1089/4429/34 3/4431/34 99/4432/34
f 3/4431/34 1093/4433/34 99/4432/34
f 1093/4433/34 5/4434/34 98/4435/34
f 5/4434/34 1096/4436/34 98/4435/34
f 1093/4433/34 98/4435/34 1247/4437/34
f 1096/4436/34 7/4438/34 103/4439/34
f 7/4438/34 1099/4440/34 103/4439/34
f 1099/4440/34 9/4441/34 100/4442/34
f 9/4441/34 1102/4443/34 100/4442/34
f 100/4442/34 1102/4443/34 1244/4444/34
f 1102/4443/34 11/4445/34 102/4446/34
f 11/4445/34 1105/4447/34 102/4446/34
f 1105/4447/34 13/4448/34 101/4449/34
f 13/4448/34 1108/4450/34 101/4449/34
f 1105/4447/34 101/4449/34 1243/4451/34
f 1108/4450/34 15/4452/34 126/108/34
f 15/4452/34 1111/106/34 126/108/34
f 1108/4450/34 126/108/34 1242/4453/34
f 1111/106/34 17/4454/34 108/4455/34
f 17/4454/34 1114/4456/34 108/4455/34
f 108/4455/34 1114/4456/34 1240/4457/34
f 1114/4456/34 19/4458/34 109/4459/34
f 19/4458/34 1117/4460/34 109/4459/34
f 109/4459/34 1117/4460/34 1239/4461/34
f 1117/4460/34 21/4462/34 107/4463/34
f 21/4462/34 1120/4464/34 107/4463/34
f 1117/4460/34 107/4463/34 1239/4461/34
f 1120/4464/34 23/4465/34 110/4466/34
f 23/4465/34 1123/4467/34 110/4466/34
f 1120/4464/34 110/4466/34 1238/4468/34
f 1123/4467/34 25/4469/34 105/4470/34
f 25/4469/34 1126/4471/34 105/4470/34
f 105/4470/34 1126/4471/34 1236/4472/34
f 1126/4471/34 27/4473/34 106/4474/34
f 27/4473/34 1129/4475/34 106/4474/34
f 1129/4475/34 29/4476/34 104/4477/34
f 29/4476/34 1132/4478/34 104/4477/34
f 1132/4478/34 31/4479/34 125/4480/34
f 31/4479/34 1135/4481/34 125/4480/34
f 1132/4478/34 125/4480/34 1234/4482/34
f 1135/4481/34 33/4483/34 115/4484/34
f 33/4483/34 1138/4485/34 115/4484/34
f 115/4484/34 1138/4485/34 1232/4486/34
f 1138/4485/34 35/4487/34 116/4488/34
f 35/4487/34 1141/4489/34 116/4488/34
f 1141/4489/34 37/4490/34 114/4491/34
f 37/4490/34 1144/4492/34 114/4491/34
f 1144/4492/34 39/4381/34 1220/4380/34
f 1220/4380/34 117/4379/34 1230/4493/34
f 1220/4380/34 1230/4493/34 1144/4492/34
f 1230/4493/34 114/4491/34 1144/4492/34
f 104/4477/34 1132/4478/34 1234/4482/34
f 1229/4411/34 1221/4405/34 1171/4412/34
f 123/4417/34 1252/4494/34 1174/4415/34
f 1252/4494/34 121/4414/34 1174/4415/34
f 121/4414/34 1229/4411/34 1171/4412/34
f 1089/4429/34 99/4432/34 1248/4430/34
f 99/4432/34 1093/4433/34 1247/4437/34
f 1102/4443/34 102/4446/34 1244/4444/34
f 102/4446/34 1105/4447/34 1243/4451/34
f 1126/4471/34 106/4474/34 1236/4472/34
f 106/4474/34 1129/4475/34 1235/4495/34
f 1138/4485/34 116/4488/34 1232/4486/34
f 116/4488/34 1141/4489/34 1231/4496/34
f 114/4491/34 1231/4496/34 1141/4489/34
f 122/4421/34 1216/4422/34 1250/4426/34
f 1135/4481/34 115/4484/34 1233/4497/34
f 1135/4481/34 1233/4497/34 125/4480/34
f 1249/4498/34 128/4424/34 1218/4425/34
f 97/4428/34 1249/4498/34 1218/4425/34
f 104/4477/34 1235/4495/34 1129/4475/34
f 98/4435/34 1096/4436/34 1246/4499/34
f 1123/4467/34 105/4470/34 1237/4500/34
f 103/4439/34 1246/4499/34 1096/4436/34
f 1123/4467/34 1237/4500/34 110/4466/34
f 1245/4501/34 103/4439/34 1099/4440/34
f 100/4442/34 1245/4501/34 1099/4440/34
f 1238/4468/34 107/4463/34 1120/4464/34
f 1114/4456/34 109/4459/34 1240/4457/34
f 101/4449/34 1108/4450/34 1242/4453/34
f 1111/106/34 108/4455/34 1241/107/34
f 1190/109/17 70/4502/17 2886/110/17
f 1191/112/18 69/4217/18 2885/113/18
f 1192/115/19 94/4215/19 2887/116/19
f 1193/118/20 86/4214/20 2888/119/20
f 1257/121/21 100/3135/21 1244/122/21
f 1258/124/22 102/4213/22 1243/125/22
f 1259/127/23 101/4212/23 1242/128/23
f 1260/130/24 126/4211/24 1241/131/24
f 1261/133/25 108/4210/25 1240/134/25
f 1262/136/26 109/4209/26 1239/137/26
f 1263/139/27 107/4208/27 1238/140/27
f 1264/142/28 110/4207/28 1237/143/28
f 1265/145/29 105/4206/29 1236/146/29
f 1266/148/30 106/4205/30 1235/149/30
f 1267/151/32 104/4204/32 1234/152/32
f 1268/154/33 125/4203/33 1233/155/33
f 1269/157/1 115/4202/1 1232/158/1
f 1270/160/2 116/4201/2 1231/161/2
f 1271/163/3 114/4200/3 1230/164/3
f 1272/166/4 117/4199/4 1219/167/4
f 1210/169/5 77/3318/5 2905/170/5
f 1211/172/6 75/4198/6 2906/173/6
f 1212/175/7 78/4197/7 2907/176/7
f 1213/178/8 74/4196/8 2908/179/8
f 1214/181/9 72/4195/9 2909/182/9
f 1215/184/10 73/4194/10 2910/185/10
f 1184/187/11 93/4193/11 2911/188/11
f 1185/190/12 65/4192/12 2912/191/12
f 1186/193/13 67/4191/13 2913/194/13
f 1187/196/14 66/4190/14 2914/197/14
f 1188/199/15 71/4189/15 2915/200/15
f 1189/202/16 68/4188/16 2916/203/16
f 1317/205/33 129/3560/33 1285/206/33
f 1318/208/32 160/4172/32 1316/209/32
f 1319/211/30 159/4170/30 1315/212/30
f 1320/214/29 158/4168/29 1314/215/29
f 1321/217/28 157/3551/28 1313/218/28
f 1322/220/27 156/3549/27 1312/221/27
f 1323/223/26 155/3547/26 1311/224/26
f 1324/226/25 154/3545/25 1310/227/25
f 4156/229/24 1325/1663/24 153/230/24
f 4155/232/23 1326/1666/23 152/233/23
f 1327/235/22 151/3541/22 1307/236/22
f 1328/238/21 150/3539/21 1306/239/21
f 1329/241/20 149/3538/20 1305/242/20
f 1330/244/19 148/4157/19 1304/245/19
f 1331/247/18 147/3626/18 1303/248/18
f 1332/250/17 146/4154/17 1302/251/17
f 1333/253/16 145/3622/16 1301/254/16
f 1334/256/15 144/3620/15 1300/257/15
f 1335/259/14 143/3618/14 1299/260/14
f 1336/262/13 142/3616/13 1298/263/13
f 4144/265/12 1337/4149/12 141/266/12
f 1338/268/11 140/3612/11 1296/269/11
f 1339/271/10 139/3610/10 1295/272/10
f 1340/274/9 138/3608/9 1294/275/9
f 1341/277/8 137/4144/8 1293/278/8
f 1342/280/7 136/3605/7 1292/281/7
f 1343/283/6 135/3603/6 1291/284/6
f 1344/286/5 134/4140/5 1290/287/5
f 1345/289/4 133/4138/4 1289/290/4
f 1346/292/3 132/3534/3 1288/293/3
f 1347/295/2 131/3532/2 1287/296/2
f 1348/298/1 130/3530/1 1286/299/1
f 1381/301/33 161/3938/33 1349/302/33
f 1382/304/32 192/3939/32 1380/305/32
f 1383/307/30 191/3941/30 1379/308/30
f 1384/310/29 190/3943/29 1378/311/29
f 1385/313/28 189/3945/28 1377/314/28
f 1386/316/27 188/3947/27 1376/317/27
f 1387/319/26 187/3949/26 1375/320/26
f 1388/322/25 186/3951/25 1374/323/25
f 1389/325/24 185/3953/24 1373/326/24
f 1390/328/23 184/3955/23 1372/329/23
f 1391/331/22 183/3957/22 1371/332/22
f 1392/334/21 182/3959/21 1370/335/21
f 1393/337/20 181/3961/20 1369/338/20
f 1394/340/19 180/3963/19 1368/341/19
f 1395/343/18 179/3965/18 1367/344/18
f 1396/346/17 178/3967/17 1366/347/17
f 1397/349/16 177/3969/16 1365/350/16
f 1398/352/15 176/3971/15 1364/353/15
f 1399/355/14 175/3973/14 1363/356/14
f 4113/358/13 1400/3976/13 174/359/13
f 1401/361/12 173/3977/12 1361/362/12
f 1402/364/11 172/3979/11 1360/365/11
f 1403/367/10 171/3980/10 1359/368/10
f 1404/370/9 170/3982/9 1358/371/9
f 1405/373/8 169/3984/8 1357/374/8
f 1406/376/7 168/3986/7 1356/377/7
f 1407/379/6 167/3988/6 1355/380/6
f 1408/382/5 166/3990/5 1354/383/5
f 1409/385/4 165/3992/4 1353/386/4
f 1410/388/3 164/3994/3 1352/389/3
f 1411/391/2 163/3996/2 1351/392/2
f 1412/394/1 162/3998/1 1350/395/1
f 1445/397/1 194/4129/1 1414/398/1
f 1446/400/2 195/4127/2 1415/401/2
f 1447/403/3 196/4125/3 1416/404/3
f 1448/406/4 197/4124/4 1417/407/4
f 1449/409/5 198/4122/5 1418/410/5
f 1450/412/6 199/4120/6 1419/413/6
f 1451/415/7 200/4118/7 1420/416/7
f 1452/418/8 201/4116/8 1421/419/8
f 1453/421/9 202/4114/9 1422/422/9
f 1454/424/10 203/4112/10 1423/425/10
f 1455/427/11 204/4111/11 1424/428/11
f 4089/430/12 1456/4110/12 205/431/12
f 1457/433/13 206/4108/13 1426/434/13
f 1458/436/14 207/4106/14 1427/437/14
f 1459/439/15 208/4104/15 1428/440/15
f 1460/442/16 209/4102/16 1429/443/16
f 1461/445/17 210/4100/17 1430/446/17
f 1462/448/18 211/4098/18 1431/449/18
f 1463/451/19 212/4096/19 1432/452/19
f 1464/454/20 213/4094/20 1433/455/20
f 1465/457/21 214/4092/21 1434/458/21
f 1466/460/22 215/4090/22 1435/461/22
f 1467/463/23 216/4088/23 1436/464/23
f 1468/466/24 217/4086/24 1437/467/24
f 1469/469/25 218/4084/25 1438/470/25
f 1470/472/26 219/4082/26 1439/473/26
f 1471/475/27 220/4080/27 1440/476/27
f 1472/478/28 221/4078/28 1441/479/28
f 1473/481/29 222/4076/29 1442/482/29
f 1474/484/30 223/4074/30 1443/485/30
f 1475/487/32 224/4072/32 1444/488/32
f 1476/490/33 193/4071/33 1413/491/33
f 1509/493/33 225/4175/33 1477/494/33
f 1510/496/32 256/4174/32 1508/497/32
f 1511/499/30 255/4173/30 1507/500/30
f 1512/502/29 254/4171/29 1506/503/29
f 1513/505/28 253/4169/28 1505/506/28
f 1514/508/27 252/4167/27 1504/509/27
f 1515/511/26 251/4166/26 1503/512/26
f 1516/514/25 250/4165/25 1502/515/25
f 1517/517/24 249/4164/24 1501/518/24
f 1518/520/23 248/4163/23 1500/521/23
f 1519/523/22 247/4162/22 1499/524/22
f 1520/526/21 246/4161/21 1498/527/21
f 1521/529/20 245/4160/20 1497/530/20
f 1522/532/19 244/4159/19 1496/533/19
f 1523/535/18 243/4158/18 1495/536/18
f 1524/538/17 242/4156/17 1494/539/17
f 1525/541/16 241/4155/16 1493/542/16
f 1526/544/15 240/4153/15 1492/545/15
f 1527/547/14 239/4152/14 1491/548/14
f 4049/550/13 1528/4151/13 238/551/13
f 4048/553/12 1529/4176/12 237/554/12
f 1530/556/11 236/4150/11 1488/557/11
f 1531/559/10 235/4148/10 1487/560/10
f 1532/562/9 234/4147/9 1486/563/9
f 1533/565/8 233/4146/8 1485/566/8
f 1534/568/7 232/4145/7 1484/569/7
f 1535/571/6 231/4143/6 1483/572/6
f 1536/574/5 230/4142/5 1482/575/5
f 1537/577/4 229/4141/4 1481/578/4
f 1538/580/3 228/4139/3 1480/581/3
f 1539/583/2 227/4137/2 1479/584/2
f 1540/586/1 226/4136/1 1478/587/1
f 1573/589/1 258/4130/1 1542/590/1
f 1574/592/2 259/4128/2 1543/593/2
f 1575/595/3 260/4126/3 1544/596/3
f 1576/598/4 261/4179/4 1545/599/4
f 1577/601/5 262/4123/5 1546/602/5
f 1578/604/6 263/4121/6 1547/605/6
f 1579/607/7 264/4119/7 1548/608/7
f 1580/610/8 265/4117/8 1549/611/8
f 1581/613/9 266/4115/9 1550/614/9
f 1582/616/10 267/4113/10 1551/617/10
f 1583/619/11 268/4180/11 1552/620/11
f 1584/622/12 269/4181/12 1553/623/12
f 1585/625/13 270/4109/13 1554/626/13
f 1586/628/14 271/4107/14 1555/629/14
f 1587/631/15 272/4105/15 1556/632/15
f 1588/634/16 273/4103/16 1557/635/16
f 1589/637/17 274/4101/17 1558/638/17
f 1590/640/18 275/4099/18 1559/641/18
f 1591/643/19 276/4097/19 1560/644/19
f 1592/646/20 277/4095/20 1561/647/20
f 1593/649/21 278/4093/21 1562/650/21
f 1594/652/22 279/4091/22 1563/653/22
f 1595/655/23 280/4089/23 1564/656/23
f 1596/658/24 281/4087/24 1565/659/24
f 1597/661/25 282/4085/25 1566/662/25
f 1598/664/26 283/4083/26 1567/665/26
f 1599/667/27 284/4081/27 1568/668/27
f 1600/670/28 285/4079/28 1569/671/28
f 1601/673/29 286/4077/29 1570/674/29
f 1602/676/30 287/4075/30 1571/677/30
f 1603/679/32 288/4073/32 1572/680/32
f 1604/682/33 257/4182/33 1541/683/33
f 1637/685/33 289/4066/33 1605/686/33
f 1638/688/32 320/4064/32 1636/689/32
f 1639/691/30 319/4062/30 1635/692/30
f 1640/694/29 318/4060/29 1634/695/29
f 1641/697/28 317/4058/28 1633/698/28
f 1642/700/27 316/4056/27 1632/701/27
f 1643/703/26 315/4054/26 1631/704/26
f 1644/706/25 314/4052/25 1630/707/25
f 1645/709/24 313/4050/24 1629/710/24
f 1646/712/23 312/4048/23 1628/713/23
f 1647/715/22 311/4046/22 1627/716/22
f 1648/718/21 310/4044/21 1626/719/21
f 1649/721/20 309/4042/20 1625/722/20
f 3991/724/19 1650/4040/19 308/725/19
f 1651/727/18 307/4038/18 1623/728/18
f 1652/730/17 306/4036/17 1622/731/17
f 1653/733/16 305/4034/16 1621/734/16
f 1654/736/15 304/4032/15 1620/737/15
f 1655/739/14 303/4030/14 1619/740/14
f 1656/742/13 302/4029/13 1618/743/13
f 3984/745/12 1657/4027/12 301/746/12
f 1658/748/11 300/4025/11 1616/749/11
f 1659/751/10 299/4023/10 1615/752/10
f 1660/754/9 298/4021/9 1614/755/9
f 1661/757/8 297/4019/8 1613/758/8
f 1662/760/7 296/4017/7 1612/761/7
f 1663/763/6 295/4015/6 1611/764/6
f 1664/766/5 294/4013/5 1610/767/5
f 1665/769/4 293/4011/4 1609/770/4
f 1666/772/3 292/4009/3 1608/773/3
f 1667/775/2 291/4007/2 1607/776/2
f 1668/778/1 290/4003/1 1606/779/1
f 1701/781/33 321/4218/33 1669/782/33
f 1702/784/32 352/4067/32 1700/785/32
f 1703/787/30 351/4065/30 1699/788/30
f 1704/790/29 350/4063/29 1698/791/29
f 1705/793/28 349/4061/28 1697/794/28
f 1706/796/27 348/4059/27 1696/797/27
f 1707/799/26 347/4057/26 1695/800/26
f 1708/802/25 346/4055/25 1694/803/25
f 1709/805/24 345/4053/24 1693/806/24
f 1710/808/23 344/4051/23 1692/809/23
f 1711/811/22 343/4049/22 1691/812/22
f 1712/814/21 342/4047/21 1690/815/21
f 1713/817/20 341/4045/20 1689/818/20
f 1714/820/19 340/4043/19 1688/821/19
f 1715/823/18 339/4041/18 1687/824/18
f 1716/826/17 338/4039/17 1686/827/17
f 1717/829/16 337/4037/16 1685/830/16
f 1718/832/15 336/4035/15 1684/833/15
f 1719/835/14 335/4033/14 1683/836/14
f 1720/838/13 334/4031/13 1682/839/13
f 1721/841/12 333/4237/12 1681/842/12
f 1722/844/11 332/4028/11 1680/845/11
f 1723/847/10 331/4026/10 1679/848/10
f 1724/850/9 330/4024/9 1678/851/9
f 1725/853/8 329/4022/8 1677/854/8
f 1726/856/7 328/4020/7 1676/857/7
f 1727/859/6 327/4018/6 1675/860/6
f 1728/862/5 326/4016/5 1674/863/5
f 1729/865/4 325/4014/4 1673/866/4
f 1730/868/3 324/4012/3 1672/869/3
f 1731/871/2 323/4010/2 1671/872/2
f 1732/874/1 322/4008/1 1670/875/1
f 1765/877/1 354/3999/1 1734/878/1
f 1766/880/2 355/3997/2 1735/881/2
f 1767/883/3 356/3995/3 1736/884/3
f 1768/886/4 357/3993/4 1737/887/4
f 1769/889/5 358/3991/5 1738/890/5
f 1770/892/6 359/3989/6 1739/893/6
f 1771/895/7 360/3987/7 1740/896/7
f 1772/898/8 361/3985/8 1741/899/8
f 1773/901/9 362/3983/9 1742/902/9
f 1774/904/10 363/3981/10 1743/905/10
f 1775/907/11 364/4069/11 1744/908/11
f 1776/910/12 365/3978/12 1745/911/12
f 1777/913/13 366/3975/13 1746/914/13
f 1778/916/14 367/3974/14 1747/917/14
f 1779/919/15 368/3972/15 1748/920/15
f 1780/922/16 369/3970/16 1749/923/16
f 1781/925/17 370/3968/17 1750/926/17
f 1782/928/18 371/3966/18 1751/929/18
f 1783/931/19 372/3964/19 1752/932/19
f 1784/934/20 373/3962/20 1753/935/20
f 1785/937/21 374/3960/21 1754/938/21
f 1786/940/22 375/3958/22 1755/941/22
f 1787/943/23 376/3956/23 1756/944/23
f 1788/946/24 377/3954/24 1757/947/24
f 1789/949/25 378/3952/25 1758/950/25
f 1790/952/26 379/3950/26 1759/953/26
f 1791/955/27 380/3948/27 1760/956/27
f 1792/958/28 381/3946/28 1761/959/28
f 1793/961/29 382/3944/29 1762/962/29
f 1794/964/30 383/3942/30 1763/965/30
f 1795/967/32 384/3940/32 1764/968/32
f 1796/970/33 353/4070/33 1733/971/33
f 1829/973/1 386/3801/1 1798/974/1
f 1830/976/2 387/3805/2 1799/977/2
f 1831/979/3 388/3807/3 1800/980/3
f 1832/982/4 389/3809/4 1801/983/4
f 1833/985/5 390/3811/5 1802/986/5
f 1834/988/6 391/3813/6 1803/989/6
f 1835/991/7 392/3815/7 1804/992/7
f 1836/994/8 393/3817/8 1805/995/8
f 1837/997/9 394/3819/9 1806/998/9
f 1838/1000/10 395/3821/10 1807/1001/10
f 1839/1003/11 396/3823/11 1808/1004/11
f 3897/1006/12 1840/3825/12 397/1007/12
f 1841/1009/13 398/3827/13 1810/1010/13
f 1842/1012/14 399/3829/14 1811/1013/14
f 1843/1015/15 400/3830/15 1812/1016/15
f 1844/1018/16 401/3832/16 1813/1019/16
f 1845/1021/17 402/3834/17 1814/1022/17
f 1846/1024/18 403/3836/18 1815/1025/18
f 1847/1027/19 404/3838/19 1816/1028/19
f 1848/1030/20 405/3840/20 1817/1031/20
f 1849/1033/21 406/3842/21 1818/1034/21
f 1850/1036/22 407/3844/22 1819/1037/22
f 1851/1039/23 408/3846/23 1820/1040/23
f 1852/1042/24 409/3848/24 1821/1043/24
f 1853/1045/25 410/3850/25 1822/1046/25
f 1854/1048/26 411/3852/26 1823/1049/26
f 1855/1051/27 412/3854/27 1824/1052/27
f 1856/1054/28 413/3856/28 1825/1055/28
f 1857/1057/29 414/3858/29 1826/1058/29
f 1858/1060/30 415/3860/30 1827/1061/30
f 1859/1063/32 416/3862/32 1828/1064/32
f 1860/1066/33 385/3864/33 1797/1067/33
f 1893/1069/1 418/3926/1 1862/1070/1
f 1894/1072/2 419/3924/2 1863/1073/2
f 1895/1075/3 420/3922/3 1864/1076/3
f 1896/1078/4 421/3920/4 1865/1079/4
f 1897/1081/5 422/3918/5 1866/1082/5
f 1898/1084/6 423/3916/6 1867/1085/6
f 1899/1087/7 424/3914/7 1868/1088/7
f 1900/1090/8 425/3912/8 1869/1091/8
f 1901/1093/9 426/3910/9 1870/1094/9
f 1902/1096/10 427/3908/10 1871/1097/10
f 1903/1099/11 428/3906/11 1872/1100/11
f 3865/1102/12 1904/3905/12 429/1103/12
f 1905/1105/13 430/3903/13 1874/1106/13
f 1906/1108/14 431/3901/14 1875/1109/14
f 1907/1111/15 432/3899/15 1876/1112/15
f 1908/1114/16 433/3897/16 1877/1115/16
f 1909/1117/17 434/3895/17 1878/1118/17
f 1910/1120/18 435/3893/18 1879/1121/18
f 3858/1123/19 1911/3892/19 436/1124/19
f 3857/1126/20 1912/3890/20 437/1127/20
f 1913/1129/21 438/3887/21 1882/1130/21
f 1914/1132/22 439/3885/22 1883/1133/22
f 1915/1135/23 440/3883/23 1884/1136/23
f 1916/1138/24 441/3881/24 1885/1139/24
f 1917/1141/25 442/3879/25 1886/1142/25
f 1918/1144/26 443/3877/26 1887/1145/26
f 1919/1147/27 444/3875/27 1888/1148/27
f 1920/1150/28 445/3873/28 1889/1151/28
f 1921/1153/29 446/3871/29 1890/1154/29
f 1922/1156/30 447/3869/30 1891/1157/30
f 1923/1159/32 448/3867/32 1892/1160/32
f 1924/1162/33 417/3866/33 1861/1163/33
f 1957/1165/1 450/3927/1 1926/1166/1
f 1958/1168/2 451/3925/2 1927/1169/2
f 1959/1171/3 452/3923/3 1928/1172/3
f 1960/1174/4 453/3921/4 1929/1175/4
f 1961/1177/5 454/3919/5 1930/1178/5
f 1962/1180/6 455/3917/6 1931/1181/6
f 1963/1183/7 456/3915/7 1932/1184/7
f 1964/1186/8 457/3913/8 1933/1187/8
f 1965/1189/9 458/3911/9 1934/1190/9
f 1966/1192/10 459/3909/10 1935/1193/10
f 1967/1195/11 460/3907/11 1936/1196/11
f 3833/1198/12 1968/4184/12 461/1199/12
f 3832/1201/13 1969/3904/13 462/1202/13
f 1970/1204/14 463/3902/14 1939/1205/14
f 1971/1207/15 464/3900/15 1940/1208/15
f 1972/1210/16 465/3898/16 1941/1211/16
f 1973/1213/17 466/3896/17 1942/1214/17
f 1974/1216/18 467/3894/18 1943/1217/18
f 1975/1219/19 468/3891/19 1944/1220/19
f 1976/1222/20 469/3889/20 1945/1223/20
f 1977/1225/21 470/3888/21 1946/1226/21
f 1978/1228/22 471/3886/22 1947/1229/22
f 1979/1231/23 472/3884/23 1948/1232/23
f 1980/1234/24 473/3882/24 1949/1235/24
f 1981/1237/25 474/3880/25 1950/1238/25
f 1982/1240/26 475/3878/26 1951/1241/26
f 1983/1243/27 476/3876/27 1952/1244/27
f 1984/1246/28 477/3874/28 1953/1247/28
f 1985/1249/29 478/3872/29 1954/1250/29
f 1986/1252/30 479/3870/30 1955/1253/30
f 1987/1255/32 480/3868/32 1956/1256/32
f 1988/1258/33 449/4185/33 1925/1259/33
f 2021/1261/33 481/3931/33 1989/1262/33
f 2022/1264/32 512/3865/32 2020/1265/32
f 2023/1267/30 511/3863/30 2019/1268/30
f 2024/1270/29 510/3861/29 2018/1271/29
f 2025/1273/28 509/3859/28 2017/1274/28
f 2026/1276/27 508/3857/27 2016/1277/27
f 2027/1279/26 507/3855/26 2015/1280/26
f 2028/1282/25 506/3853/25 2014/1283/25
f 2029/1285/24 505/3851/24 2013/1286/24
f 2030/1288/23 504/3849/23 2012/1289/23
f 2031/1291/22 503/3847/22 2011/1292/22
f 2032/1294/21 502/3845/21 2010/1295/21
f 2033/1297/20 501/3843/20 2009/1298/20
f 2034/1300/19 500/3841/19 2008/1301/19
f 2035/1303/18 499/3839/18 2007/1304/18
f 2036/1306/17 498/3837/17 2006/1307/17
f 2037/1309/16 497/3835/16 2005/1310/16
f 2038/1312/15 496/3833/15 2004/1313/15
f 2039/1315/14 495/3831/14 2003/1316/14
f 3793/1318/13 2040/3828/13 494/1319/13
f 2041/1321/12 493/3932/12 2001/1322/12
f 2042/1324/11 492/3826/11 2000/1325/11
f 2043/1327/10 491/3824/10 1999/1328/10
f 2044/1330/9 490/3822/9 1998/1331/9
f 2045/1333/8 489/3820/8 1997/1334/8
f 2046/1336/7 488/3818/7 1996/1337/7
f 2047/1339/6 487/3816/6 1995/1340/6
f 2048/1342/5 486/3814/5 1994/1343/5
f 2049/1345/4 485/3812/4 1993/1346/4
f 2050/1348/3 484/3810/3 1992/1349/3
f 2051/1351/2 483/3808/2 1991/1352/2
f 2052/1354/1 482/3806/1 1990/1355/1
f 2085/1357/33 513/3796/33 2053/1358/33
f 2086/1360/32 544/3794/32 2084/1361/32
f 2087/1363/30 543/3792/30 2083/1364/30
f 2088/1366/29 542/3790/29 2082/1367/29
f 2089/1369/28 541/3788/28 2081/1370/28
f 2090/1372/27 540/3786/27 2080/1373/27
f 2091/1375/26 539/3784/26 2079/1376/26
f 2092/1378/25 538/3782/25 2078/1379/25
f 2093/1381/24 537/3780/24 2077/1382/24
f 2094/1384/23 536/3778/23 2076/1385/23
f 2095/1387/22 535/3776/22 2075/1388/22
f 2096/1390/21 534/3774/21 2074/1391/21
f 2097/1393/20 533/3773/20 2073/1394/20
f 2098/1396/19 532/3771/19 2072/1397/19
f 2099/1399/18 531/3769/18 2071/1400/18
f 2100/1402/17 530/3767/17 2070/1403/17
f 2101/1405/16 529/3765/16 2069/1406/16
f 2102/1408/15 528/3763/15 2068/1409/15
f 2103/1411/14 527/3761/14 2067/1412/14
f 2104/1414/13 526/3760/13 2066/1415/13
f 2105/1417/12 525/3758/12 2065/1418/12
f 2106/1420/11 524/3756/11 2064/1421/11
f 2107/1423/10 523/3754/10 2063/1424/10
f 2108/1426/9 522/3752/9 2062/1427/9
f 2109/1429/8 521/3750/8 2061/1430/8
f 2110/1432/7 520/3748/7 2060/1433/7
f 2111/1435/6 519/3746/6 2059/1436/6
f 2112/1438/5 518/3744/5 2058/1439/5
f 2113/1441/4 517/3742/4 2057/1442/4
f 2114/1444/3 516/3740/3 2056/1445/3
f 2115/1447/2 515/3738/2 2055/1448/2
f 2116/1450/1 514/3734/1 2054/1451/1
f 2149/1453/33 545/3934/33 2117/1454/33
f 2150/1456/32 576/3797/32 2148/1457/32
f 2151/1459/30 575/3795/30 2147/1460/30
f 2152/1462/29 574/3793/29 2146/1463/29
f 2153/1465/28 573/3791/28 2145/1466/28
f 2154/1468/27 572/3789/27 2144/1469/27
f 2155/1471/26 571/3787/26 2143/1472/26
f 2156/1474/25 570/3785/25 2142/1475/25
f 2157/1477/24 569/3783/24 2141/1478/24
f 2158/1480/23 568/3781/23 2140/1481/23
f 2159/1483/22 567/3779/22 2139/1484/22
f 2160/1486/21 566/3777/21 2138/1487/21
f 2161/1489/20 565/3775/20 2137/1490/20
f 2162/1492/19 564/3935/19 2136/1493/19
f 2163/1495/18 563/3772/18 2135/1496/18
f 2164/1498/17 562/3770/17 2134/1499/17
f 2165/1501/16 561/3768/16 2133/1502/16
f 2166/1504/15 560/3766/15 2132/1505/15
f 2167/1507/14 559/3764/14 2131/1508/14
f 2168/1510/13 558/3762/13 2130/1511/13
f 3728/1513/12 2169/3936/12 557/1514/12
f 2170/1516/11 556/3759/11 2128/1517/11
f 2171/1519/10 555/3757/10 2127/1520/10
f 2172/1522/9 554/3755/9 2126/1523/9
f 2173/1525/8 553/3753/8 2125/1526/8
f 2174/1528/7 552/3751/7 2124/1529/7
f 2175/1531/6 551/3749/6 2123/1532/6
f 2176/1534/5 550/3747/5 2122/1535/5
f 2177/1537/4 549/3745/4 2121/1538/4
f 2178/1540/3 548/3743/3 2120/1541/3
f 2179/1543/2 547/3741/2 2119/1544/2
f 2180/1546/1 546/3739/1 2118/1547/1
f 2213/1549/1 578/3729/1 2182/1550/1
f 2214/1552/2 579/3726/2 2183/1553/2
f 2215/1555/3 580/3723/3 2184/1556/3
f 2216/1558/4 581/3720/4 2185/1559/4
f 2217/1561/5 582/3717/5 2186/1562/5
f 2218/1564/6 583/3714/6 2187/1565/6
f 2219/1567/7 584/3711/7 2188/1568/7
f 2220/1570/8 585/3708/8 2189/1571/8
f 2221/1573/9 586/3705/9 2190/1574/9
f 2222/1576/10 587/3702/10 2191/1577/10
f 2223/1579/11 588/3699/11 2192/1580/11
f 3705/1582/12 2224/3799/12 589/1583/12
f 2225/1585/13 590/3694/13 2194/1586/13
f 2226/1588/14 591/3691/14 2195/1589/14
f 2227/1591/15 592/3688/15 2196/1592/15
f 2228/1594/16 593/3685/16 2197/1595/16
f 2229/1597/17 594/3682/17 2198/1598/17
f 2230/1600/18 595/3679/18 2199/1601/18
f 2231/1603/19 596/3676/19 2200/1604/19
f 2232/1606/20 597/3673/20 2201/1607/20
f 2233/1609/21 598/3670/21 2202/1610/21
f 2234/1612/22 599/3667/22 2203/1613/22
f 2235/1615/23 600/3664/23 2204/1616/23
f 2236/1618/24 601/3661/24 2205/1619/24
f 2237/1621/25 602/3658/25 2206/1622/25
f 2238/1624/26 603/3655/26 2207/1625/26
f 2239/1627/27 604/3652/27 2208/1628/27
f 2240/1630/28 605/3649/28 2209/1631/28
f 2241/1633/29 606/3646/29 2210/1634/29
f 2242/1636/30 607/3643/30 2211/1637/30
f 2243/1639/32 608/3640/32 2212/1640/32
f 2244/1642/33 577/3800/33 2181/1643/33
f 2277/205/16 640/3557/16 2468/1645/16
f 2278/208/15 639/3555/15 2467/1647/15
f 2279/1649/14 638/3553/14 2466/1650/14
f 2280/1652/13 637/3551/13 2465/1653/13
f 2281/217/12 636/3549/12 2464/1655/12
f 2282/220/11 635/3547/11 2463/1657/11
f 2283/223/10 634/3545/10 2462/1659/10
f 2284/226/9 633/230/9 2461/1661/9
f 2285/1663/8 632/233/8 2460/1664/8
f 2286/1666/7 631/3541/7 2459/1667/7
f 2287/235/6 630/3539/6 2458/1669/6
f 2288/238/5 629/3538/5 2457/1671/5
f 2264/1673/4 628/3628/4 2289/1674/4
f 2263/1676/3 627/3626/3 2290/1677/3
f 2262/1679/2 626/3624/2 2291/1680/2
f 2261/1682/1 625/3622/1 2292/1683/1
f 2260/1685/33 624/3620/33 2293/253/33
f 2259/1687/32 623/3618/32 2294/256/32
f 2258/1689/30 622/3616/30 2295/259/30
f 2257/1691/29 621/3614/29 2296/1692/29
f 2256/1694/28 620/3612/28 2297/1695/28
f 2255/1697/27 619/3610/27 2298/268/27
f 2254/1699/26 618/3608/26 2299/271/26
f 3661/1701/25 2253/3635/25 617/1702/25
f 2252/1703/24 616/3605/24 2301/277/24
f 2251/1705/23 615/3603/23 2302/280/23
f 2250/1707/22 614/3601/22 2303/283/22
f 2249/1709/21 613/3536/21 2304/286/21
f 2305/289/20 612/3534/20 2440/1711/20
f 2306/292/19 611/3532/19 2439/1713/19
f 2307/295/18 609/3530/18 2437/1715/18
f 2308/298/17 610/3529/17 2438/1717/17
f 2341/1719/17 642/3248/17 3078/1720/17
f 2342/1722/18 641/3249/18 3077/1723/18
f 2343/1725/19 643/3251/19 3079/1726/19
f 2344/1728/20 644/3253/20 3080/1729/20
f 2345/1731/5 661/3180/5 3097/1732/5
f 2346/1734/6 662/3256/6 3098/1735/6
f 2347/1737/7 663/3258/7 3099/1738/7
f 2348/1740/8 664/3260/8 3100/1741/8
f 2349/1743/9 665/3262/9 3101/1744/9
f 2350/1746/10 666/3264/10 3102/1747/10
f 2351/1749/11 667/3266/11 3103/1750/11
f 2352/1752/12 668/3268/12 3104/1753/12
f 2353/1755/13 669/3270/13 3105/1756/13
f 2354/1758/14 670/3272/14 3106/1759/14
f 2355/1761/15 671/3274/15 3107/1762/15
f 2356/1764/16 672/3276/16 3108/1765/16
f 2328/1767/4 660/3181/4 2357/1768/4
f 2327/1770/3 659/3183/3 2358/1771/3
f 2326/1773/2 658/3185/2 2359/1774/2
f 2325/1776/1 657/3187/1 2360/1777/1
f 2324/1779/33 656/3189/33 2361/1780/33
f 2323/1782/32 655/3191/32 2362/1783/32
f 2322/1785/30 654/3193/30 2363/1786/30
f 2321/1788/29 653/3195/29 2364/1789/29
f 2320/1791/28 652/3197/28 2365/1792/28
f 2319/1794/27 651/3199/27 2366/1795/27
f 2318/1797/26 650/3201/26 2367/1798/26
f 2317/1800/25 649/3203/25 2368/1801/25
f 2316/1803/24 648/3205/24 2369/1804/24
f 2315/1806/23 647/3207/23 2370/1807/23
f 2314/1809/22 646/3209/22 2371/1810/22
f 2313/1812/21 645/3211/21 2372/1813/21
f 2377/1815/21 677/3247/21 2405/1816/21
f 2378/1818/22 678/3245/22 2406/1819/22
f 2379/1821/23 679/3243/23 2407/1822/23
f 2380/1824/24 680/3241/24 2408/1825/24
f 2381/1827/25 681/3239/25 2409/1828/25
f 2382/1830/26 682/3237/26 2410/1831/26
f 2383/1833/27 683/3235/27 2411/1834/27
f 2384/1836/28 684/3233/28 2412/1837/28
f 2385/1839/29 685/3231/29 2413/1840/29
f 2386/1842/30 686/3229/30 2414/1843/30
f 2387/1845/32 687/3227/32 2415/1846/32
f 2388/1848/33 688/3225/33 2416/1849/33
f 2389/1851/1 689/3223/1 2417/1852/1
f 2390/1854/2 690/3222/2 2418/1855/2
f 2391/1857/3 691/3219/3 2419/1858/3
f 2392/1860/4 692/3217/4 2420/1861/4
f 2421/1863/17 674/3598/17 2950/1864/17
f 2422/1866/18 673/3596/18 2949/1867/18
f 2423/1869/19 675/3594/19 2951/1870/19
f 2424/1872/20 676/3592/20 2952/1873/20
f 2425/1875/5 693/3216/5 2969/1876/5
f 2426/1878/6 694/3589/6 2970/1879/6
f 2427/1881/7 695/3587/7 2971/1882/7
f 2428/1884/8 696/3585/8 2972/1885/8
f 2429/1887/9 697/3583/9 2973/1888/9
f 2430/1890/10 698/3581/10 2974/1891/10
f 2431/1893/11 699/3579/11 2975/1894/11
f 2432/1896/12 700/3577/12 2976/1897/12
f 2433/1899/13 701/3575/13 2977/1900/13
f 2434/1902/14 702/3573/14 2978/1903/14
f 3590/1905/15 2435/3571/15 703/1906/15
f 3589/1908/16 2436/3567/16 704/1909/16
f 2456/1911/4 724/3627/4 2469/1912/4
f 2455/1914/3 723/3625/3 2470/1915/3
f 2454/1917/2 722/3623/2 2471/1918/2
f 2453/1920/1 721/3621/1 2472/1921/1
f 2452/1923/33 720/3619/33 2473/1924/33
f 2451/1926/32 719/3617/32 2474/1927/32
f 2450/1929/30 718/3615/30 2475/1930/30
f 2449/1932/29 717/3613/29 2476/1933/29
f 2448/1935/28 716/3611/28 2477/1936/28
f 2447/1938/27 715/3609/27 2478/1939/27
f 2446/1941/26 714/3607/26 2479/1942/26
f 2445/1944/25 713/3606/25 2480/1945/25
f 2444/1947/24 712/3604/24 2481/1948/24
f 2443/1950/23 711/3602/23 2482/1951/23
f 2442/1953/22 710/3600/22 2483/1954/22
f 2441/1956/21 709/3593/21 2484/1957/21
f 2485/1959/17 706/3634/17 2374/1960/17
f 2486/1962/18 705/3599/18 2373/1963/18
f 2487/1965/19 707/3597/19 2375/1966/19
f 2488/1968/20 708/3595/20 2376/1969/20
f 2489/1971/5 725/3629/5 2393/1972/5
f 2490/1974/6 726/3591/6 2394/1975/6
f 2491/1977/7 727/3590/7 2395/1978/7
f 2492/1980/8 728/3588/8 2396/1981/8
f 2493/1983/9 729/3586/9 2397/1984/9
f 2494/1986/10 730/3584/10 2398/1987/10
f 2495/1989/11 731/3582/11 2399/1990/11
f 2496/1992/12 732/3580/12 2400/1993/12
f 2497/1995/13 733/3578/13 2401/1996/13
f 2498/1998/14 734/3576/14 2402/1999/14
f 2499/2001/15 735/3574/15 2403/2002/15
f 2500/2004/16 736/3572/16 2404/2005/16
f 2505/2007/21 741/3422/21 2533/2008/21
f 2506/2010/22 742/3469/22 2534/2011/22
f 2507/2013/23 743/3471/23 2535/2014/23
f 2508/2016/24 744/3473/24 2536/2017/24
f 2509/2019/25 745/3475/25 2537/2020/25
f 2510/2022/26 746/3477/26 2538/2023/26
f 2511/2025/27 747/3479/27 2539/2026/27
f 2512/2028/28 748/3481/28 2540/2029/28
f 2513/2031/29 749/3483/29 2541/2032/29
f 2514/2034/30 750/3485/30 2542/2035/30
f 2515/2037/32 751/3487/32 2543/2038/32
f 2516/2040/33 752/3489/33 2544/2041/33
f 2517/2043/1 753/3491/1 2545/2044/1
f 2518/2046/2 754/3493/2 2546/2047/2
f 2519/2049/3 755/3495/3 2547/2050/3
f 2520/2052/4 756/3497/4 2548/2053/4
f 2549/2055/16 768/3395/16 2724/2056/16
f 2550/2058/15 767/3399/15 2723/2059/15
f 2551/2061/14 766/3401/14 2722/2062/14
f 2552/2064/13 765/3403/13 2721/2065/13
f 2553/2067/12 764/3405/12 2720/2068/12
f 2554/2070/11 763/3407/11 2719/2071/11
f 2555/2073/10 762/3409/10 2718/2074/10
f 2556/2076/9 761/3411/9 2717/2077/9
f 2557/2079/8 760/3413/8 2716/2080/8
f 2558/2082/7 759/3415/7 2715/2083/7
f 2559/2085/6 758/3417/6 2714/2086/6
f 2560/2088/5 757/3419/5 2713/2089/5
f 2561/2091/20 740/3421/20 2696/2092/20
f 2562/2094/19 739/3424/19 2695/2095/19
f 2563/2097/18 737/3426/18 2693/2098/18
f 2564/2100/17 738/3428/17 2694/2101/17
f 2597/2103/17 770/3466/17 2630/2104/17
f 2598/2106/18 769/3464/18 2629/2107/18
f 2599/2109/19 771/3462/19 2631/2110/19
f 2600/2112/20 772/3459/20 2632/2113/20
f 2601/2115/5 789/3457/5 2649/2116/5
f 2602/2118/6 790/3455/6 2650/2119/6
f 2603/2121/7 791/3453/7 2651/2122/7
f 2604/2124/8 792/3451/8 2652/2125/8
f 2605/2127/9 793/3449/9 2653/2128/9
f 2606/2130/10 794/3447/10 2654/2131/10
f 2607/2133/11 795/3445/11 2655/2134/11
f 2608/2136/12 796/3443/12 2656/2137/12
f 2609/2139/13 797/3441/13 2657/2140/13
f 2610/2142/14 798/3439/14 2658/2143/14
f 2611/2145/15 799/3437/15 2659/2146/15
f 3509/2148/16 2612/3433/16 800/2149/16
f 2569/2151/21 773/3460/21 2613/2152/21
f 2570/2154/22 774/3527/22 2614/2155/22
f 2571/2157/23 775/3525/23 2615/2158/23
f 2572/2160/24 776/3523/24 2616/2161/24
f 2573/2163/25 777/3522/25 2617/2164/25
f 2574/2166/26 778/3519/26 2618/2167/26
f 2575/2169/27 779/3517/27 2619/2170/27
f 2576/2172/28 780/3515/28 2620/2173/28
f 2577/2175/29 781/3513/29 2621/2176/29
f 2578/2178/30 782/3511/30 2622/2179/30
f 2579/2181/32 783/3509/32 2623/2182/32
f 2580/2184/33 784/3507/33 2624/2185/33
f 2581/2187/1 785/3505/1 2625/2188/1
f 3495/2190/2 2582/3562/2 786/2191/2
f 2583/2193/3 787/3502/3 2627/2194/3
f 2584/2196/4 788/3500/4 2628/2197/4
f 2661/2199/16 832/3558/16 2276/2200/16
f 2662/2202/15 831/3556/15 2275/2203/15
f 2663/2205/14 830/3554/14 2274/2206/14
f 2664/2208/13 829/3552/13 2273/2209/13
f 2665/2211/12 828/3550/12 2272/2212/12
f 2666/2214/11 827/3548/11 2271/2215/11
f 2667/2217/10 826/3546/10 2270/2218/10
f 2668/2220/9 825/3544/9 2269/2221/9
f 2669/2223/8 824/3543/8 2268/2224/8
f 2670/2226/7 823/3542/7 2267/2227/7
f 2671/2229/6 822/3540/6 2266/2230/6
f 2672/2232/5 821/3499/5 2265/2233/5
f 2673/2235/20 804/3535/20 2248/2236/20
f 2674/2238/19 803/3533/19 2247/2239/19
f 2675/2241/18 801/3531/18 2245/2242/18
f 2676/2244/17 802/3564/17 2246/2245/17
f 2633/2247/21 805/3537/21 2677/2248/21
f 2634/2250/22 806/3528/22 2678/2251/22
f 2635/2253/23 807/3526/23 2679/2254/23
f 2636/2256/24 808/3524/24 2680/2257/24
f 2637/2259/25 809/3521/25 2681/2260/25
f 2638/2262/26 810/3520/26 2682/2263/26
f 2639/2265/27 811/3518/27 2683/2266/27
f 2640/2268/28 812/3516/28 2684/2269/28
f 2641/2271/29 813/3514/29 2685/2272/29
f 2642/2274/30 814/3512/30 2686/2275/30
f 2643/2277/32 815/3510/32 2687/2278/32
f 2644/2280/33 816/3508/33 2688/2281/33
f 3464/2283/1 2645/3506/1 817/2284/1
f 2646/2286/2 818/3504/2 2690/2287/2
f 2647/2289/3 819/3503/3 2691/2290/3
f 2648/2292/4 820/3501/4 2692/2293/4
f 2712/2295/4 852/3496/4 2725/2296/4
f 2711/2298/3 851/3494/3 2726/2299/3
f 2710/2301/2 850/3492/2 2727/2302/2
f 2709/2304/1 849/3490/1 2728/2305/1
f 2708/2307/33 848/3488/33 2729/2308/33
f 2707/2310/32 847/3486/32 2730/2311/32
f 2706/2313/30 846/3484/30 2731/2314/30
f 2705/2316/29 845/3482/29 2732/2317/29
f 2704/2319/28 844/3480/28 2733/2320/28
f 2703/2322/27 843/3478/27 2734/2323/27
f 2702/2325/26 842/3476/26 2735/2326/26
f 2701/2328/25 841/3474/25 2736/2329/25
f 2700/2331/24 840/3472/24 2737/2332/24
f 2699/2334/23 839/3470/23 2738/2335/23
f 2698/2337/22 838/3468/22 2739/2338/22
f 2697/2340/21 837/3461/21 2740/2341/21
f 2741/2343/17 834/3565/17 2566/2344/17
f 2742/2346/18 833/3467/18 2565/2347/18
f 2743/2349/19 835/3465/19 2567/2350/19
f 2744/2352/20 836/3463/20 2568/2353/20
f 2745/2355/5 853/3498/5 2585/2356/5
f 2746/2358/6 854/3458/6 2586/2359/6
f 2747/2361/7 855/3456/7 2587/2362/7
f 2748/2364/8 856/3454/8 2588/2365/8
f 2749/2367/9 857/3452/9 2589/2368/9
f 2750/2370/10 858/3450/10 2590/2371/10
f 2751/2373/11 859/3448/11 2591/2374/11
f 2752/2376/12 860/3446/12 2592/2377/12
f 2753/2379/13 861/3444/13 2593/2380/13
f 2754/2382/14 862/3442/14 2594/2383/14
f 2755/2385/15 863/3440/15 2595/2386/15
f 2756/2388/16 864/3438/16 2596/2389/16
f 2776/2391/4 884/3393/4 2789/2392/4
f 2775/2394/3 883/3391/3 2790/2395/3
f 3426/2397/2 2774/3432/2 882/2398/2
f 2773/2400/1 881/3388/1 2792/2401/1
f 2772/2403/33 880/3386/33 2793/2404/33
f 2771/2406/32 879/3384/32 2794/2407/32
f 2770/2409/30 878/3382/30 2795/2410/30
f 2769/2412/29 877/3380/29 2796/2413/29
f 2768/2415/28 876/3378/28 2797/2416/28
f 2767/2418/27 875/3376/27 2798/2419/27
f 2766/2421/26 874/3374/26 2799/2422/26
f 2765/2424/25 873/3372/25 2800/2425/25
f 2764/2427/24 872/3370/24 2801/2428/24
f 2763/2430/23 871/3368/23 2802/2431/23
f 2762/2433/22 870/3366/22 2803/2434/22
f 2761/2436/21 869/3288/21 2804/2437/21
f 3412/2439/16 2805/3312/16 896/2440/16
f 2806/2442/15 895/3309/15 2851/2443/15
f 2807/2445/14 894/3307/14 2850/2446/14
f 2808/2448/13 893/3305/13 2849/2449/13
f 2809/2451/12 892/3303/12 2848/2452/12
f 2810/2454/11 891/3301/11 2847/2455/11
f 2811/2457/10 890/3299/10 2846/2458/10
f 2812/2460/9 889/3297/9 2845/2461/9
f 2813/2463/8 888/3295/8 2844/2464/8
f 2814/2466/7 887/3293/7 2843/2467/7
f 2815/2469/6 886/3291/6 2842/2470/6
f 2816/2472/5 885/3290/5 2841/2473/5
f 2817/2475/20 868/3286/20 2824/2476/20
f 2818/2478/19 867/3284/19 2823/2479/19
f 2819/2481/18 865/3282/18 2821/2482/18
f 2820/2484/17 866/3281/17 2822/2485/17
f 2853/2487/17 898/3430/17 2502/2488/17
f 2854/2490/18 897/3429/18 2501/2491/18
f 2855/2493/19 899/3427/19 2503/2494/19
f 2856/2496/20 900/3425/20 2504/2497/20
f 2857/2499/5 917/3394/5 2521/2500/5
f 2858/2502/6 918/3420/6 2522/2503/6
f 2859/2505/7 919/3418/7 2523/2506/7
f 2860/2508/8 920/3416/8 2524/2509/8
f 2861/2511/9 921/3414/9 2525/2512/9
f 2862/2514/10 922/3412/10 2526/2515/10
f 2863/2517/11 923/3410/11 2527/2518/11
f 2864/2520/12 924/3408/12 2528/2521/12
f 2865/2523/13 925/3406/13 2529/2524/13
f 2866/2526/14 926/3404/14 2530/2527/14
f 2867/2529/15 927/3402/15 2531/2530/15
f 2868/2532/16 928/3400/16 2532/2533/16
f 2840/2535/4 916/3392/4 2869/2536/4
f 2839/2538/3 915/3390/3 2870/2539/3
f 3378/2541/2 2838/3389/2 914/2542/2
f 2837/2544/1 913/3387/1 2872/2545/1
f 2836/2547/33 912/3385/33 2873/2548/33
f 2835/2550/32 911/3383/32 2874/2551/32
f 2834/2553/30 910/3381/30 2875/2554/30
f 2833/2556/29 909/3379/29 2876/2557/29
f 2832/2559/28 908/3377/28 2877/2560/28
f 2831/2562/27 907/3375/27 2878/2563/27
f 2830/2565/26 906/3373/26 2879/2566/26
f 2829/2568/25 905/3371/25 2880/2569/25
f 2828/2571/24 904/3369/24 2881/2572/24
f 2827/2574/23 903/3367/23 2882/2575/23
f 2826/2577/22 902/3365/22 2883/2578/22
f 2825/2580/21 901/3423/21 2884/2581/21
f 2889/2583/21 933/3289/21 2917/2584/21
f 2890/2586/22 934/3362/22 2918/2587/22
f 2891/2589/23 935/3359/23 2919/2590/23
f 2892/2592/24 936/3356/24 2920/2593/24
f 2893/2595/25 937/3353/25 2921/2596/25
f 2894/2598/26 938/3350/26 2922/2599/26
f 2895/2601/27 939/3347/27 2923/2602/27
f 2896/2604/28 940/3344/28 2924/2605/28
f 2897/2607/29 941/3341/29 2925/2608/29
f 2898/2610/30 942/3338/30 2926/2611/30
f 2899/2613/32 943/3335/32 2927/2614/32
f 2900/2616/33 944/3332/33 2928/2617/33
f 2901/2619/1 945/3329/1 2929/2620/1
f 2902/2622/2 946/3326/2 2930/2623/2
f 2903/2625/3 947/3323/3 2931/2626/3
f 2904/2628/4 948/3320/4 2932/2629/4
f 2933/2631/16 960/3311/16 2788/2632/16
f 2934/2634/15 959/3310/15 2787/2635/15
f 2935/2637/14 958/3308/14 2786/2638/14
f 2936/2640/13 957/3306/13 2785/2641/13
f 2937/2643/12 956/3304/12 2784/2644/12
f 2938/2646/11 955/3302/11 2783/2647/11
f 2939/2649/10 954/3300/10 2782/2650/10
f 2940/2652/9 953/3298/9 2781/2653/9
f 2941/2655/8 952/3296/8 2780/2656/8
f 2942/2658/7 951/3294/7 2779/2659/7
f 2943/2661/6 950/3292/6 2778/2662/6
f 2944/2664/5 949/3316/5 2777/2665/5
f 2945/2667/20 932/3287/20 2760/2668/20
f 2946/2670/19 931/3285/19 2759/2671/19
f 2947/2673/18 929/3283/18 2757/2674/18
f 2948/2676/17 930/4216/17 2758/2677/17
f 2981/2679/16 992/3277/16 2340/2680/16
f 2982/2682/15 991/3275/15 2339/2683/15
f 2983/2685/14 990/3273/14 2338/2686/14
f 2984/2688/13 989/3271/13 2337/2689/13
f 2985/2691/12 988/3269/12 2336/2692/12
f 2986/2694/11 987/3267/11 2335/2695/11
f 2987/2697/10 986/3265/10 2334/2698/10
f 2988/2700/9 985/3263/9 2333/2701/9
f 2989/2703/8 984/3261/8 2332/2704/8
f 2990/2706/7 983/3259/7 2331/2707/7
f 2991/2709/6 982/3257/6 2330/2710/6
f 2992/2712/5 981/3215/5 2329/2713/5
f 2993/2715/20 964/3254/20 2312/2716/20
f 2994/2718/19 963/3252/19 2311/2719/19
f 2995/2721/18 961/3250/18 2309/2722/18
f 2996/2724/17 962/3631/17 2310/2725/17
f 2953/2727/21 965/3255/21 2997/2728/21
f 2954/2730/22 966/3246/22 2998/2731/22
f 2955/2733/23 967/3244/23 2999/2734/23
f 2956/2736/24 968/3242/24 3000/2737/24
f 2957/2739/25 969/3240/25 3001/2740/25
f 2958/2742/26 970/3238/26 3002/2743/26
f 2959/2745/27 971/3236/27 3003/2746/27
f 2960/2748/28 972/3234/28 3004/2749/28
f 2961/2751/29 973/3232/29 3005/2752/29
f 2962/2754/30 974/3230/30 3006/2755/30
f 2963/2757/32 975/3228/32 3007/2758/32
f 2964/2760/33 976/3226/33 3008/2761/33
f 2965/2763/1 977/3224/1 3009/2764/1
f 2966/2766/2 978/3221/2 3010/2767/2
f 2967/2769/3 979/3220/3 3011/2770/3
f 2968/2772/4 980/3218/4 3012/2773/4
f 3300/2775/16 3045/3175/16 1024/2776/16
f 3046/2778/15 1023/3172/15 3171/2779/15
f 3047/2781/14 1022/3170/14 3170/2782/14
f 3048/2784/13 1021/3168/13 3169/2785/13
f 3049/2787/12 1020/3166/12 3168/2788/12
f 3050/2790/11 1019/3164/11 3167/2791/11
f 3051/2793/10 1018/3162/10 3166/2794/10
f 3052/2796/9 1017/3160/9 3165/2797/9
f 3053/2799/8 1016/3158/8 3164/2800/8
f 3054/2802/7 1015/3156/7 3163/2803/7
f 3055/2805/6 1014/3154/6 3162/2806/6
f 3056/2808/5 1013/3094/5 3161/2809/5
f 3057/2811/20 996/3151/20 3144/2812/20
f 3058/2814/19 995/3149/19 3143/2815/19
f 3059/2817/18 993/3147/18 3141/2818/18
f 3060/2820/17 994/3146/17 3142/2821/17
f 3032/2823/4 1012/3092/4 3061/2824/4
f 3031/2826/3 1011/3090/3 3062/2827/3
f 3282/2829/2 3030/3212/2 1010/2830/2
f 3029/2832/1 1009/3087/1 3064/2833/1
f 3028/2835/33 1008/3085/33 3065/2836/33
f 3027/2838/32 1007/3083/32 3066/2839/32
f 3026/2841/30 1006/3081/30 3067/2842/30
f 3025/2844/29 1005/3079/29 3068/2845/29
f 3024/2847/28 1004/3077/28 3069/2848/28
f 3023/2850/27 1003/3075/27 3070/2851/27
f 3022/2853/26 1002/3073/26 3071/2854/26
f 3021/2856/25 1001/3071/25 3072/2857/25
f 3020/2859/24 1000/3069/24 3073/2860/24
f 3019/2862/23 999/3067/23 3074/2863/23
f 3018/2865/22 998/3064/22 3075/2866/22
f 3017/2868/21 997/3065/21 3076/2869/21
f 3081/2871/21 1029/3153/21 3109/2872/21
f 3082/2874/22 1030/3210/22 3110/2875/22
f 3083/2877/23 1031/3208/23 3111/2878/23
f 3084/2880/24 1032/3206/24 3112/2881/24
f 3085/2883/25 1033/3204/25 3113/2884/25
f 3086/2886/26 1034/3202/26 3114/2887/26
f 3087/2889/27 1035/3200/27 3115/2890/27
f 3088/2892/28 1036/3198/28 3116/2893/28
f 3089/2895/29 1037/3196/29 3117/2896/29
f 3090/2898/30 1038/3194/30 3118/2899/30
f 3091/2901/32 1039/3192/32 3119/2902/32
f 3092/2904/33 1040/3190/33 3120/2905/33
f 3093/2907/1 1041/3188/1 3121/2908/1
f 3094/2910/2 1042/3186/2 3122/2911/2
f 3095/2913/3 1043/3184/3 3123/2914/3
f 3096/2916/4 1044/3182/4 3124/2917/4
f 3125/2919/16 1056/3174/16 3044/2920/16
f 3126/2922/15 1055/3173/15 3043/2923/15
f 3127/2925/14 1054/3171/14 3042/2926/14
f 3128/2928/13 1053/3169/13 3041/2929/13
f 3129/2931/12 1052/3167/12 3040/2932/12
f 3130/2934/11 1051/3165/11 3039/2935/11
f 3131/2937/10 1050/3163/10 3038/2938/10
f 3132/2940/9 1049/3161/9 3037/2941/9
f 3133/2943/8 1048/3159/8 3036/2944/8
f 3134/2946/7 1047/3157/7 3035/2947/7
f 3135/2949/6 1046/3155/6 3034/2950/6
f 3136/2952/5 1045/3179/5 3033/2953/5
f 3137/2955/20 1028/3152/20 3016/2956/20
f 3138/2958/19 1027/3150/19 3015/2959/19
f 3139/2961/18 1025/3148/18 3013/2962/18
f 3140/2964/17 1026/3633/17 3014/2965/17
f 3173/2967/17 1058/3213/17 1254/2968/17
f 3174/2970/18 1057/3145/18 1253/2971/18
f 3175/2973/19 1059/3142/19 1255/2974/19
f 3176/2976/20 1060/3139/20 1256/2977/20
f 3177/2979/5 1077/3093/5 1273/2980/5
f 3178/2982/6 1078/3132/6 1274/2983/6
f 3179/2985/7 1079/3129/7 1275/2986/7
f 3180/2988/8 1080/3126/8 1276/2989/8
f 3181/2991/9 1081/3123/9 1277/2992/9
f 3182/2994/10 1082/3120/10 1278/2995/10
f 3183/2997/11 1083/3117/11 1279/2998/11
f 3184/3000/12 1084/3114/12 1280/3001/12
f 3185/3003/13 1085/3111/13 1281/3004/13
f 3186/3006/14 1086/3108/14 1282/3007/14
f 3187/3009/15 1087/3105/15 1283/3010/15
f 3188/3012/16 1088/3102/16 1284/3013/16
f 3160/3015/4 1076/3091/4 3189/3016/4
f 3159/3018/3 1075/3089/3 3190/3019/3
f 3158/3021/2 1074/3088/2 3191/3022/2
f 3157/3024/1 1073/3086/1 3192/3025/1
f 3156/3027/33 1072/3084/33 3193/3028/33
f 3155/3030/32 1071/3082/32 3194/3031/32
f 3154/3033/30 1070/3080/30 3195/3034/30
f 3153/3036/29 1069/3078/29 3196/3037/29
f 3152/3039/28 1068/3076/28 3197/3040/28
f 3151/3042/27 1067/3074/27 3198/3043/27
f 3150/3045/26 1066/3072/26 3199/3046/26
f 3149/3048/25 1065/3070/25 3200/3049/25
f 3208/3051/24 3148/3068/24 1064/3052/24
f 3147/3054/23 1063/3066/23 3202/3055/23
f 3146/3057/22 1062/3063/22 3203/3058/22
f 3145/3060/21 1061/3136/21 3204/3061/21
f 3205/3062/21 3204/3061/21 1062/3063/21
f 3076/2869/21 3205/3062/21 3146/3057/21
f 997/3065/21 3145/3060/21 3205/3062/21
f 3206/3059/22 3203/3058/22 1063/3066/22
f 3075/2866/22 3206/3059/22 3147/3054/22
f 998/3064/22 3146/3057/22 3206/3059/22
f 3207/3056/23 3202/3055/23 1064/3052/23
f 3074/2863/23 3207/3056/23 3148/3068/23
f 999/3067/23 3147/3054/23 3207/3056/23
f 3208/3051/24 3201/3053/24 1065/3070/24
f 3073/2860/24 3208/3051/24 3149/3048/24
f 1000/3069/24 3148/3068/24 3208/3051/24
f 3209/3050/25 3200/3049/25 1066/3072/25
f 3072/2857/25 3209/3050/25 3150/3045/25
f 1001/3071/25 3149/3048/25 3209/3050/25
f 3210/3047/26 3199/3046/26 1067/3074/26
f 3071/2854/26 3210/3047/26 3151/3042/26
f 1002/3073/26 3150/3045/26 3210/3047/26
f 3211/3044/27 3198/3043/27 1068/3076/27
f 3070/2851/27 3211/3044/27 3152/3039/27
f 1003/3075/27 3151/3042/27 3211/3044/27
f 3212/3041/28 3197/3040/28 1069/3078/28
f 3069/2848/28 3212/3041/28 3153/3036/28
f 1004/3077/28 3152/3039/28 3212/3041/28
f 3213/3038/29 3196/3037/29 1070/3080/29
f 3068/2845/29 3213/3038/29 3154/3033/29
f 1005/3079/29 3153/3036/29 3213/3038/29
f 3214/3035/30 3195/3034/30 1071/3082/30
f 3067/2842/30 3214/3035/30 3155/3030/30
f 1006/3081/30 3154/3033/30 3214/3035/30
f 3215/3032/32 3194/3031/32 1072/3084/32
f 3066/2839/32 3215/3032/32 3156/3027/32
f 1007/3083/32 3155/3030/32 3215/3032/32
f 3216/3029/33 3193/3028/33 1073/3086/33
f 3065/2836/33 3216/3029/33 3157/3024/33
f 1008/3085/33 3156/3027/33 3216/3029/33
f 3158/3021/1 3217/3026/1 3192/3025/1
f 1010/2830/1 3064/2833/1 3217/3026/1
f 1009/3087/1 3157/3024/1 3217/3026/1
f 3218/3023/2 3191/3022/2 1075/3089/2
f 3063/2831/2 3218/3023/2 3159/3018/2
f 3063/2831/2 1010/2830/2 3158/3021/2
f 3219/3020/3 3190/3019/3 1076/3091/3
f 3062/2827/3 3219/3020/3 3160/3015/3
f 1011/3090/3 3159/3018/3 3219/3020/3
f 3220/3017/4 3189/3016/4 1077/3093/4
f 3061/2824/4 3220/3017/4 3161/2809/4
f 1012/3092/4 3160/3015/4 3220/3017/4
f 3221/3014/16 1284/3013/16 128/3095/16
f 1254/3097/16 3221/3014/16 1249/3096/16
f 1058/3099/16 3188/3012/16 3221/3014/16
f 3222/3011/15 1283/3010/15 122/3100/15
f 1284/3013/15 3222/3011/15 1250/3101/15
f 1088/3102/15 3187/3009/15 3222/3011/15
f 3223/3008/14 1282/3007/14 123/3103/14
f 1283/3010/14 3223/3008/14 1251/3104/14
f 1087/3105/14 3186/3006/14 3223/3008/14
f 3224/3005/13 1281/3004/13 121/3106/13
f 1282/3007/13 3224/3005/13 1252/3107/13
f 1086/3108/13 3185/3003/13 3224/3005/13
f 3225/3002/12 1280/3001/12 124/3109/12
f 1281/3004/12 3225/3002/12 1229/3110/12
f 1085/3111/12 3184/3000/12 3225/3002/12
f 3226/2999/11 1279/2998/11 119/3112/11
f 1280/3001/11 3226/2999/11 1222/3113/11
f 1084/3114/11 3183/2997/11 3226/2999/11
f 3227/2996/10 1278/2995/10 120/3115/10
f 1279/2998/10 3227/2996/10 1223/3116/10
f 1083/3117/10 3182/2994/10 3227/2996/10
f 3228/2993/9 1277/2992/9 118/3118/9
f 1278/2995/9 3228/2993/9 1224/3119/9
f 1082/3120/9 3181/2991/9 3228/2993/9
f 3229/2990/8 1276/2989/8 127/3121/8
f 1277/2992/8 3229/2990/8 1225/3122/8
f 1081/3123/8 3180/2988/8 3229/2990/8
f 3230/2987/7 1275/2986/7 111/3124/7
f 1276/2989/7 3230/2987/7 1226/3125/7
f 1080/3126/7 3179/2985/7 3230/2987/7
f 3231/2984/6 1274/2983/6 113/3127/6
f 1275/2986/6 3231/2984/6 1227/3128/6
f 1079/3129/6 3178/2982/6 3231/2984/6
f 3232/2981/5 1273/2980/5 112/3130/5
f 1274/2983/5 3232/2981/5 1228/3131/5
f 1078/3132/5 3177/2979/5 3232/2981/5
f 3233/2978/20 1256/2977/20 103/3133/20
f 1257/121/20 3233/2978/20 1245/3134/20
f 1061/3136/20 3176/2976/20 3233/2978/20
f 3234/2975/19 1255/2974/19 98/3137/19
f 1256/2977/19 3234/2975/19 1246/3138/19
f 1060/3139/19 3175/2973/19 3234/2975/19
f 3235/2972/18 1253/2971/18 99/3140/18
f 1255/2974/18 3235/2972/18 1247/3141/18
f 1059/3142/18 3174/2970/18 3235/2972/18
f 3236/2969/17 1254/2968/17 97/3143/17
f 1253/2971/17 3236/2969/17 1248/3144/17
f 1057/3145/17 3173/2967/17 3236/2969/17
f 3237/2966/17 3014/2965/17 994/3146/17
f 3013/2962/17 3237/2966/17 3060/2820/17
f 1025/3148/17 3140/2964/17 3237/2966/17
f 3238/2963/18 3013/2962/18 993/3147/18
f 3015/2959/18 3238/2963/18 3059/2817/18
f 1027/3150/18 3139/2961/18 3238/2963/18
f 3239/2960/19 3015/2959/19 995/3149/19
f 3016/2956/19 3239/2960/19 3058/2814/19
f 1028/3152/19 3138/2958/19 3239/2960/19
f 3240/2957/20 3016/2956/20 996/3151/20
f 3017/2868/20 3240/2957/20 3057/2811/20
f 1029/3153/20 3137/2955/20 3240/2957/20
f 3241/2954/5 3033/2953/5 1013/3094/5
f 3034/2950/5 3241/2954/5 3056/2808/5
f 1046/3155/5 3136/2952/5 3241/2954/5
f 3242/2951/6 3034/2950/6 1014/3154/6
f 3035/2947/6 3242/2951/6 3055/2805/6
f 1047/3157/6 3135/2949/6 3242/2951/6
f 3243/2948/7 3035/2947/7 1015/3156/7
f 3036/2944/7 3243/2948/7 3054/2802/7
f 1048/3159/7 3134/2946/7 3243/2948/7
f 3244/2945/8 3036/2944/8 1016/3158/8
f 3037/2941/8 3244/2945/8 3053/2799/8
f 1049/3161/8 3133/2943/8 3244/2945/8
f 3245/2942/9 3037/2941/9 1017/3160/9
f 3038/2938/9 3245/2942/9 3052/2796/9
f 1050/3163/9 3132/2940/9 3245/2942/9
f 3246/2939/10 3038/2938/10 1018/3162/10
f 3039/2935/10 3246/2939/10 3051/2793/10
f 1051/3165/10 3131/2937/10 3246/2939/10
f 3247/2936/11 3039/2935/11 1019/3164/11
f 3040/2932/11 3247/2936/11 3050/2790/11
f 1052/3167/11 3130/2934/11 3247/2936/11
f 3248/2933/12 3040/2932/12 1020/3166/12
f 3041/2929/12 3248/2933/12 3049/2787/12
f 1053/3169/12 3129/2931/12 3248/2933/12
f 3249/2930/13 3041/2929/13 1021/3168/13
f 3042/2926/13 3249/2930/13 3048/2784/13
f 1054/3171/13 3128/2928/13 3249/2930/13
f 3250/2927/14 3042/2926/14 1022/3170/14
f 3043/2923/14 3250/2927/14 3047/2781/14
f 1055/3173/14 3127/2925/14 3250/2927/14
f 3251/2924/15 3043/2923/15 1023/3172/15
f 1024/2776/15 3044/2920/15 3251/2924/15
f 1056/3174/15 3126/2922/15 3251/2924/15
f 3045/3175/16 3252/2921/16 3044/2920/16
f 3014/3176/16 3252/2921/16 3045/3175/16
f 1026/3178/16 3125/2919/16 3252/2921/16
f 3253/2918/4 3124/2917/4 1045/3179/4
f 2357/1768/4 3253/2918/4 3097/1732/4
f 660/3181/4 3096/2916/4 3253/2918/4
f 3254/2915/3 3123/2914/3 1044/3182/3
f 2358/1771/3 3254/2915/3 3096/2916/3
f 659/3183/3 3095/2913/3 3254/2915/3
f 3255/2912/2 3122/2911/2 1043/3184/2
f 2359/1774/2 3255/2912/2 3095/2913/2
f 658/3185/2 3094/2910/2 3255/2912/2
f 3256/2909/1 3121/2908/1 1042/3186/1
f 2360/1777/1 3256/2909/1 3094/2910/1
f 657/3187/1 3093/2907/1 3256/2909/1
f 3257/2906/33 3120/2905/33 1041/3188/33
f 2361/1780/33 3257/2906/33 3093/2907/33
f 656/3189/33 3092/2904/33 3257/2906/33
f 3258/2903/32 3119/2902/32 1040/3190/32
f 2362/1783/32 3258/2903/32 3092/2904/32
f 655/3191/32 3091/2901/32 3258/2903/32
f 3259/2900/30 3118/2899/30 1039/3192/30
f 2363/1786/30 3259/2900/30 3091/2901/30
f 654/3193/30 3090/2898/30 3259/2900/30
f 3260/2897/29 3117/2896/29 1038/3194/29
f 2364/1789/29 3260/2897/29 3090/2898/29
f 653/3195/29 3089/2895/29 3260/2897/29
f 3261/2894/28 3116/2893/28 1037/3196/28
f 2365/1792/28 3261/2894/28 3089/2895/28
f 652/3197/28 3088/2892/28 3261/2894/28
f 3262/2891/27 3115/2890/27 1036/3198/27
f 2366/1795/27 3262/2891/27 3088/2892/27
f 651/3199/27 3087/2889/27 3262/2891/27
f 3263/2888/26 3114/2887/26 1035/3200/26
f 2367/1798/26 3263/2888/26 3087/2889/26
f 650/3201/26 3086/2886/26 3263/2888/26
f 3264/2885/25 3113/2884/25 1034/3202/25
f 2368/1801/25 3264/2885/25 3086/2886/25
f 649/3203/25 3085/2883/25 3264/2885/25
f 3265/2882/24 3112/2881/24 1033/3204/24
f 2369/1804/24 3265/2882/24 3085/2883/24
f 648/3205/24 3084/2880/24 3265/2882/24
f 3266/2879/23 3111/2878/23 1032/3206/23
f 2370/1807/23 3266/2879/23 3084/2880/23
f 647/3207/23 3083/2877/23 3266/2879/23
f 3267/2876/22 3110/2875/22 1031/3208/22
f 2371/1810/22 3267/2876/22 3083/2877/22
f 646/3209/22 3082/2874/22 3267/2876/22
f 3268/2873/21 3109/2872/21 1030/3210/21
f 2372/1813/21 3268/2873/21 3082/2874/21
f 645/3211/21 3081/2871/21 3268/2873/21
f 3269/2870/21 3076/2869/21 998/3064/21
f 3109/2872/21 3269/2870/21 3018/2865/21
f 1029/3153/21 3017/2868/21 3269/2870/21
f 3270/2867/22 3075/2866/22 999/3067/22
f 3110/2875/22 3270/2867/22 3019/2862/22
f 1030/3210/22 3018/2865/22 3270/2867/22
f 3271/2864/23 3074/2863/23 1000/3069/23
f 3111/2878/23 3271/2864/23 3020/2859/23
f 1031/3208/23 3019/2862/23 3271/2864/23
f 3272/2861/24 3073/2860/24 1001/3071/24
f 3112/2881/24 3272/2861/24 3021/2856/24
f 1032/3206/24 3020/2859/24 3272/2861/24
f 3273/2858/25 3072/2857/25 1002/3073/25
f 3113/2884/25 3273/2858/25 3022/2853/25
f 1033/3204/25 3021/2856/25 3273/2858/25
f 3274/2855/26 3071/2854/26 1003/3075/26
f 3114/2887/26 3274/2855/26 3023/2850/26
f 1034/3202/26 3022/2853/26 3274/2855/26
f 3275/2852/27 3070/2851/27 1004/3077/27
f 3115/2890/27 3275/2852/27 3024/2847/27
f 1035/3200/27 3023/2850/27 3275/2852/27
f 3276/2849/28 3069/2848/28 1005/3079/28
f 3116/2893/28 3276/2849/28 3025/2844/28
f 1036/3198/28 3024/2847/28 3276/2849/28
f 3277/2846/29 3068/2845/29 1006/3081/29
f 3117/2896/29 3277/2846/29 3026/2841/29
f 1037/3196/29 3025/2844/29 3277/2846/29
f 3278/2843/30 3067/2842/30 1007/3083/30
f 3118/2899/30 3278/2843/30 3027/2838/30
f 1038/3194/30 3026/2841/30 3278/2843/30
f 3279/2840/32 3066/2839/32 1008/3085/32
f 3119/2902/32 3279/2840/32 3028/2835/32
f 1039/3192/32 3027/2838/32 3279/2840/32
f 3280/2837/33 3065/2836/33 1009/3087/33
f 3120/2905/33 3280/2837/33 3029/2832/33
f 1040/3190/33 3028/2835/33 3280/2837/33
f 3030/3212/1 3281/2834/1 3064/2833/1
f 3121/2908/1 3281/2834/1 3030/3212/1
f 1041/3188/1 3029/2832/1 3281/2834/1
f 3282/2829/2 3063/2831/2 1011/3090/2
f 1043/3184/2 3122/2911/2 3282/2829/2
f 3122/2911/2 1042/3186/2 3030/3212/2
f 3283/2828/3 3062/2827/3 1012/3092/3
f 3123/2914/3 3283/2828/3 3032/2823/3
f 1043/3184/3 3031/2826/3 3283/2828/3
f 3284/2825/4 3061/2824/4 1013/3094/4
f 3124/2917/4 3284/2825/4 3033/2953/4
f 1044/3182/4 3032/2823/4 3284/2825/4
f 3285/2822/17 3142/2821/17 1058/3213/17
f 3141/2818/17 3285/2822/17 3173/2967/17
f 993/3147/17 3060/2820/17 3285/2822/17
f 3286/2819/18 3141/2818/18 1057/3145/18
f 3143/2815/18 3286/2819/18 3174/2970/18
f 995/3149/18 3059/2817/18 3286/2819/18
f 3287/2816/19 3143/2815/19 1059/3142/19
f 3144/2812/19 3287/2816/19 3175/2973/19
f 996/3151/19 3058/2814/19 3287/2816/19
f 3288/2813/20 3144/2812/20 1060/3139/20
f 3145/3060/20 3288/2813/20 3176/2976/20
f 997/3065/20 3057/2811/20 3288/2813/20
f 3289/2810/5 3161/2809/5 1077/3093/5
f 3162/2806/5 3289/2810/5 3177/2979/5
f 1014/3154/5 3056/2808/5 3289/2810/5
f 3290/2807/6 3162/2806/6 1078/3132/6
f 3163/2803/6 3290/2807/6 3178/2982/6
f 1015/3156/6 3055/2805/6 3290/2807/6
f 3291/2804/7 3163/2803/7 1079/3129/7
f 3164/2800/7 3291/2804/7 3179/2985/7
f 1016/3158/7 3054/2802/7 3291/2804/7
f 3292/2801/8 3164/2800/8 1080/3126/8
f 3165/2797/8 3292/2801/8 3180/2988/8
f 1017/3160/8 3053/2799/8 3292/2801/8
f 3293/2798/9 3165/2797/9 1081/3123/9
f 3166/2794/9 3293/2798/9 3181/2991/9
f 1018/3162/9 3052/2796/9 3293/2798/9
f 3294/2795/10 3166/2794/10 1082/3120/10
f 3167/2791/10 3294/2795/10 3182/2994/10
f 1019/3164/10 3051/2793/10 3294/2795/10
f 3295/2792/11 3167/2791/11 1083/3117/11
f 3168/2788/11 3295/2792/11 3183/2997/11
f 1020/3166/11 3050/2790/11 3295/2792/11
f 3296/2789/12 3168/2788/12 1084/3114/12
f 3169/2785/12 3296/2789/12 3184/3000/12
f 1021/3168/12 3049/2787/12 3296/2789/12
f 3297/2786/13 3169/2785/13 1085/3111/13
f 3170/2782/13 3297/2786/13 3185/3003/13
f 1022/3170/13 3048/2784/13 3297/2786/13
f 3298/2783/14 3170/2782/14 1086/3108/14
f 3171/2779/14 3298/2783/14 3186/3006/14
f 1023/3172/14 3047/2781/14 3298/2783/14
f 3299/2780/15 3171/2779/15 1087/3105/15
f 3172/2777/15 3299/2780/15 3187/3009/15
f 3172/2777/15 1024/2776/15 3046/2778/15
f 3300/2775/16 3172/2777/16 1088/3102/16
f 3142/3214/16 3300/2775/16 3188/3012/16
f 3142/3214/16 994/3177/16 3045/3175/16
f 3301/2774/4 3012/2773/4 981/3215/4
f 2420/1861/4 3301/2774/4 2969/1876/4
f 692/3217/4 2968/2772/4 3301/2774/4
f 3302/2771/3 3011/2770/3 980/3218/3
f 2419/1858/3 3302/2771/3 2968/2772/3
f 691/3219/3 2967/2769/3 3302/2771/3
f 3303/2768/2 3010/2767/2 979/3220/2
f 2418/1855/2 3303/2768/2 2967/2769/2
f 2418/1855/2 690/3222/2 2966/2766/2
f 3304/2765/1 3009/2764/1 978/3221/1
f 690/3222/1 2417/1852/1 3304/2765/1
f 689/3223/1 2965/2763/1 3304/2765/1
f 3305/2762/33 3008/2761/33 977/3224/33
f 2416/1849/33 3305/2762/33 2965/2763/33
f 688/3225/33 2964/2760/33 3305/2762/33
f 3306/2759/32 3007/2758/32 976/3226/32
f 2415/1846/32 3306/2759/32 2964/2760/32
f 687/3227/32 2963/2757/32 3306/2759/32
f 3307/2756/30 3006/2755/30 975/3228/30
f 2414/1843/30 3307/2756/30 2963/2757/30
f 686/3229/30 2962/2754/30 3307/2756/30
f 3308/2753/29 3005/2752/29 974/3230/29
f 2413/1840/29 3308/2753/29 2962/2754/29
f 685/3231/29 2961/2751/29 3308/2753/29
f 3309/2750/28 3004/2749/28 973/3232/28
f 2412/1837/28 3309/2750/28 2961/2751/28
f 684/3233/28 2960/2748/28 3309/2750/28
f 3310/2747/27 3003/2746/27 972/3234/27
f 2411/1834/27 3310/2747/27 2960/2748/27
f 683/3235/27 2959/2745/27 3310/2747/27
f 3311/2744/26 3002/2743/26 971/3236/26
f 2410/1831/26 3311/2744/26 2959/2745/26
f 682/3237/26 2958/2742/26 3311/2744/26
f 3312/2741/25 3001/2740/25 970/3238/25
f 2409/1828/25 3312/2741/25 2958/2742/25
f 681/3239/25 2957/2739/25 3312/2741/25
f 3313/2738/24 3000/2737/24 969/3240/24
f 2408/1825/24 3313/2738/24 2957/2739/24
f 680/3241/24 2956/2736/24 3313/2738/24
f 3314/2735/23 2999/2734/23 968/3242/23
f 2407/1822/23 3314/2735/23 2956/2736/23
f 679/3243/23 2955/2733/23 3314/2735/23
f 3315/2732/22 2998/2731/22 967/3244/22
f 2406/1819/22 3315/2732/22 2955/2733/22
f 678/3245/22 2954/2730/22 3315/2732/22
f 3316/2729/21 2997/2728/21 966/3246/21
f 2405/1816/21 3316/2729/21 2954/2730/21
f 677/3247/21 2953/2727/21 3316/2729/21
f 3317/2726/17 2310/2725/17 642/3248/17
f 2309/2722/17 3317/2726/17 2341/1719/17
f 961/3250/17 2996/2724/17 3317/2726/17
f 3318/2723/18 2309/2722/18 641/3249/18
f 2311/2719/18 3318/2723/18 2342/1722/18
f 963/3252/18 2995/2721/18 3318/2723/18
f 3319/2720/19 2311/2719/19 643/3251/19
f 2312/2716/19 3319/2720/19 2343/1725/19
f 964/3254/19 2994/2718/19 3319/2720/19
f 3320/2717/20 2312/2716/20 644/3253/20
f 2313/1812/20 3320/2717/20 2344/1728/20
f 965/3255/20 2993/2715/20 3320/2717/20
f 3321/2714/5 2329/2713/5 661/3180/5
f 2330/2710/5 3321/2714/5 2345/1731/5
f 982/3257/5 2992/2712/5 3321/2714/5
f 3322/2711/6 2330/2710/6 662/3256/6
f 2331/2707/6 3322/2711/6 2346/1734/6
f 983/3259/6 2991/2709/6 3322/2711/6
f 3323/2708/7 2331/2707/7 663/3258/7
f 2332/2704/7 3323/2708/7 2347/1737/7
f 984/3261/7 2990/2706/7 3323/2708/7
f 3324/2705/8 2332/2704/8 664/3260/8
f 2333/2701/8 3324/2705/8 2348/1740/8
f 985/3263/8 2989/2703/8 3324/2705/8
f 3325/2702/9 2333/2701/9 665/3262/9
f 2334/2698/9 3325/2702/9 2349/1743/9
f 986/3265/9 2988/2700/9 3325/2702/9
f 3326/2699/10 2334/2698/10 666/3264/10
f 2335/2695/10 3326/2699/10 2350/1746/10
f 987/3267/10 2987/2697/10 3326/2699/10
f 3327/2696/11 2335/2695/11 667/3266/11
f 2336/2692/11 3327/2696/11 2351/1749/11
f 988/3269/11 2986/2694/11 3327/2696/11
f 3328/2693/12 2336/2692/12 668/3268/12
f 2337/2689/12 3328/2693/12 2352/1752/12
f 989/3271/12 2985/2691/12 3328/2693/12
f 3329/2690/13 2337/2689/13 669/3270/13
f 2338/2686/13 3329/2690/13 2353/1755/13
f 990/3273/13 2984/2688/13 3329/2690/13
f 3330/2687/14 2338/2686/14 670/3272/14
f 2339/2683/14 3330/2687/14 2354/1758/14
f 991/3275/14 2983/2685/14 3330/2687/14
f 3331/2684/15 2339/2683/15 671/3274/15
f 2340/2680/15 3331/2684/15 2355/1761/15
f 992/3277/15 2982/2682/15 3331/2684/15
f 3332/2681/16 2340/2680/16 672/3276/16
f 2310/3278/16 3332/2681/16 2356/1764/16
f 962/3280/16 2981/2679/16 3332/2681/16
f 3333/2678/17 2758/2677/17 866/3281/17
f 2757/2674/17 3333/2678/17 2820/2484/17
f 929/3283/17 2948/2676/17 3333/2678/17
f 3334/2675/18 2757/2674/18 865/3282/18
f 2759/2671/18 3334/2675/18 2819/2481/18
f 931/3285/18 2947/2673/18 3334/2675/18
f 3335/2672/19 2759/2671/19 867/3284/19
f 2760/2668/19 3335/2672/19 2818/2478/19
f 932/3287/19 2946/2670/19 3335/2672/19
f 3336/2669/20 2760/2668/20 868/3286/20
f 2761/2436/20 3336/2669/20 2817/2475/20
f 933/3289/20 2945/2667/20 3336/2669/20
f 3337/2666/5 2777/2665/5 885/3290/5
f 2778/2662/5 3337/2666/5 2816/2472/5
f 950/3292/5 2944/2664/5 3337/2666/5
f 3338/2663/6 2778/2662/6 886/3291/6
f 2779/2659/6 3338/2663/6 2815/2469/6
f 951/3294/6 2943/2661/6 3338/2663/6
f 3339/2660/7 2779/2659/7 887/3293/7
f 2780/2656/7 3339/2660/7 2814/2466/7
f 952/3296/7 2942/2658/7 3339/2660/7
f 3340/2657/8 2780/2656/8 888/3295/8
f 2781/2653/8 3340/2657/8 2813/2463/8
f 953/3298/8 2941/2655/8 3340/2657/8
f 3341/2654/9 2781/2653/9 889/3297/9
f 2782/2650/9 3341/2654/9 2812/2460/9
f 954/3300/9 2940/2652/9 3341/2654/9
f 3342/2651/10 2782/2650/10 890/3299/10
f 2783/2647/10 3342/2651/10 2811/2457/10
f 955/3302/10 2939/2649/10 3342/2651/10
f 3343/2648/11 2783/2647/11 891/3301/11
f 2784/2644/11 3343/2648/11 2810/2454/11
f 956/3304/11 2938/2646/11 3343/2648/11
f 3344/2645/12 2784/2644/12 892/3303/12
f 2785/2641/12 3344/2645/12 2809/2451/12
f 957/3306/12 2937/2643/12 3344/2645/12
f 3345/2642/13 2785/2641/13 893/3305/13
f 2786/2638/13 3345/2642/13 2808/2448/13
f 958/3308/13 2936/2640/13 3345/2642/13
f 3346/2639/14 2786/2638/14 894/3307/14
f 2787/2635/14 3346/2639/14 2807/2445/14
f 959/3310/14 2935/2637/14 3346/2639/14
f 3347/2636/15 2787/2635/15 895/3309/15
f 896/2440/15 2788/2632/15 3347/2636/15
f 960/3311/15 2934/2634/15 3347/2636/15
f 2805/3312/16 3348/2633/16 2788/2632/16
f 866/3313/16 2758/3315/16 3348/2633/16
f 930/3314/16 2933/2631/16 3348/2633/16
f 3349/2630/4 2932/2629/4 949/3316/4
f 1209/3317/4 3349/2630/4 2905/170/4
f 76/3319/4 2904/2628/4 3349/2630/4
f 3350/2627/3 2931/2626/3 948/3320/3
f 1208/3321/3 3350/2627/3 2904/2628/3
f 95/3322/3 2903/2625/3 3350/2627/3
f 3351/2624/2 2930/2623/2 947/3323/2
f 1207/3324/2 3351/2624/2 2903/2625/2
f 79/3325/2 2902/2622/2 3351/2624/2
f 3352/2621/1 2929/2620/1 946/3326/1
f 1206/3327/1 3352/2621/1 2902/2622/1
f 81/3328/1 2901/2619/1 3352/2621/1
f 3353/2618/33 2928/2617/33 945/3329/33
f 1205/3330/33 3353/2618/33 2901/2619/33
f 80/3331/33 2900/2616/33 3353/2618/33
f 3354/2615/32 2927/2614/32 944/3332/32
f 1204/3333/32 3354/2615/32 2900/2616/32
f 85/3334/32 2899/2613/32 3354/2615/32
f 3355/2612/30 2926/2611/30 943/3335/30
f 1203/3336/30 3355/2612/30 2899/2613/30
f 82/3337/30 2898/2610/30 3355/2612/30
f 3356/2609/29 2925/2608/29 942/3338/29
f 1202/3339/29 3356/2609/29 2898/2610/29
f 84/3340/29 2897/2607/29 3356/2609/29
f 3357/2606/28 2924/2605/28 941/3341/28
f 1201/3342/28 3357/2606/28 2897/2607/28
f 83/3343/28 2896/2604/28 3357/2606/28
f 3358/2603/27 2923/2602/27 940/3344/27
f 1200/3345/27 3358/2603/27 2896/2604/27
f 96/3346/27 2895/2601/27 3358/2603/27
f 3359/2600/26 2922/2599/26 939/3347/26
f 1199/3348/26 3359/2600/26 2895/2601/26
f 90/3349/26 2894/2598/26 3359/2600/26
f 3360/2597/25 2921/2596/25 938/3350/25
f 1198/3351/25 3360/2597/25 2894/2598/25
f 89/3352/25 2893/2595/25 3360/2597/25
f 3361/2594/24 2920/2593/24 937/3353/24
f 1197/3354/24 3361/2594/24 2893/2595/24
f 91/3355/24 2892/2592/24 3361/2594/24
f 3362/2591/23 2919/2590/23 936/3356/23
f 1196/3357/23 3362/2591/23 2892/2592/23
f 92/3358/23 2891/2589/23 3362/2591/23
f 3363/2588/22 2918/2587/22 935/3359/22
f 1195/3360/22 3363/2588/22 2891/2589/22
f 87/3361/22 2890/2586/22 3363/2588/22
f 3364/2585/21 2917/2584/21 934/3362/21
f 1194/3363/21 3364/2585/21 2890/2586/21
f 88/3364/21 2889/2583/21 3364/2585/21
f 3365/2582/21 2884/2581/21 902/3365/21
f 2804/2437/21 3365/2582/21 2826/2577/21
f 869/3288/21 2825/2580/21 3365/2582/21
f 3366/2579/22 2883/2578/22 903/3367/22
f 2803/2434/22 3366/2579/22 2827/2574/22
f 870/3366/22 2826/2577/22 3366/2579/22
f 3367/2576/23 2882/2575/23 904/3369/23
f 2802/2431/23 3367/2576/23 2828/2571/23
f 871/3368/23 2827/2574/23 3367/2576/23
f 3368/2573/24 2881/2572/24 905/3371/24
f 2801/2428/24 3368/2573/24 2829/2568/24
f 872/3370/24 2828/2571/24 3368/2573/24
f 3369/2570/25 2880/2569/25 906/3373/25
f 2800/2425/25 3369/2570/25 2830/2565/25
f 873/3372/25 2829/2568/25 3369/2570/25
f 3370/2567/26 2879/2566/26 907/3375/26
f 2799/2422/26 3370/2567/26 2831/2562/26
f 874/3374/26 2830/2565/26 3370/2567/26
f 3371/2564/27 2878/2563/27 908/3377/27
f 2798/2419/27 3371/2564/27 2832/2559/27
f 875/3376/27 2831/2562/27 3371/2564/27
f 3372/2561/28 2877/2560/28 909/3379/28
f 2797/2416/28 3372/2561/28 2833/2556/28
f 876/3378/28 2832/2559/28 3372/2561/28
f 3373/2558/29 2876/2557/29 910/3381/29
f 2796/2413/29 3373/2558/29 2834/2553/29
f 877/3380/29 2833/2556/29 3373/2558/29
f 3374/2555/30 2875/2554/30 911/3383/30
f 2795/2410/30 3374/2555/30 2835/2550/30
f 878/3382/30 2834/2553/30 3374/2555/30
f 3375/2552/32 2874/2551/32 912/3385/32
f 2794/2407/32 3375/2552/32 2836/2547/32
f 879/3384/32 2835/2550/32 3375/2552/32
f 3376/2549/33 2873/2548/33 913/3387/33
f 2793/2404/33 3376/2549/33 2837/2544/33
f 880/3386/33 2836/2547/33 3376/2549/33
f 3377/2546/1 2872/2545/1 914/2542/1
f 882/2398/1 2792/2401/1 3377/2546/1
f 881/3388/1 2837/2544/1 3377/2546/1
f 2839/2538/2 3378/2541/2 2871/2543/2
f 2791/2399/2 3378/2541/2 2839/2538/2
f 882/2398/2 2838/3389/2 3378/2541/2
f 3379/2540/3 2870/2539/3 916/3392/3
f 2790/2395/3 3379/2540/3 2840/2535/3
f 883/3391/3 2839/2538/3 3379/2540/3
f 3380/2537/4 2869/2536/4 917/3394/4
f 2789/2392/4 3380/2537/4 2841/2473/4
f 884/3393/4 2840/2535/4 3380/2537/4
f 3381/2534/16 2532/2533/16 768/3395/16
f 2502/3396/16 3381/2534/16 2549/2055/16
f 898/3398/16 2868/2532/16 3381/2534/16
f 3382/2531/15 2531/2530/15 767/3399/15
f 2532/2533/15 3382/2531/15 2550/2058/15
f 928/3400/15 2867/2529/15 3382/2531/15
f 3383/2528/14 2530/2527/14 766/3401/14
f 2531/2530/14 3383/2528/14 2551/2061/14
f 927/3402/14 2866/2526/14 3383/2528/14
f 3384/2525/13 2529/2524/13 765/3403/13
f 2530/2527/13 3384/2525/13 2552/2064/13
f 926/3404/13 2865/2523/13 3384/2525/13
f 3385/2522/12 2528/2521/12 764/3405/12
f 2529/2524/12 3385/2522/12 2553/2067/12
f 925/3406/12 2864/2520/12 3385/2522/12
f 3386/2519/11 2527/2518/11 763/3407/11
f 2528/2521/11 3386/2519/11 2554/2070/11
f 924/3408/11 2863/2517/11 3386/2519/11
f 3387/2516/10 2526/2515/10 762/3409/10
f 2527/2518/10 3387/2516/10 2555/2073/10
f 923/3410/10 2862/2514/10 3387/2516/10
f 3388/2513/9 2525/2512/9 761/3411/9
f 2526/2515/9 3388/2513/9 2556/2076/9
f 922/3412/9 2861/2511/9 3388/2513/9
f 3389/2510/8 2524/2509/8 760/3413/8
f 2525/2512/8 3389/2510/8 2557/2079/8
f 921/3414/8 2860/2508/8 3389/2510/8
f 3390/2507/7 2523/2506/7 759/3415/7
f 2524/2509/7 3390/2507/7 2558/2082/7
f 920/3416/7 2859/2505/7 3390/2507/7
f 3391/2504/6 2522/2503/6 758/3417/6
f 2523/2506/6 3391/2504/6 2559/2085/6
f 919/3418/6 2858/2502/6 3391/2504/6
f 3392/2501/5 2521/2500/5 757/3419/5
f 2522/2503/5 3392/2501/5 2560/2088/5
f 918/3420/5 2857/2499/5 3392/2501/5
f 3393/2498/20 2504/2497/20 740/3421/20
f 2505/2007/20 3393/2498/20 2561/2091/20
f 901/3423/20 2856/2496/20 3393/2498/20
f 3394/2495/19 2503/2494/19 739/3424/19
f 2504/2497/19 3394/2495/19 2562/2094/19
f 900/3425/19 2855/2493/19 3394/2495/19
f 3395/2492/18 2501/2491/18 737/3426/18
f 2503/2494/18 3395/2492/18 2563/2097/18
f 899/3427/18 2854/2490/18 3395/2492/18
f 3396/2489/17 2502/2488/17 738/3428/17
f 2501/2491/17 3396/2489/17 2564/2100/17
f 897/3429/17 2853/2487/17 3396/2489/17
f 3397/2486/17 2822/2485/17 898/3430/17
f 2821/2482/17 3397/2486/17 2853/2487/17
f 865/3282/17 2820/2484/17 3397/2486/17
f 3398/2483/18 2821/2482/18 897/3429/18
f 2823/2479/18 3398/2483/18 2854/2490/18
f 867/3284/18 2819/2481/18 3398/2483/18
f 3399/2480/19 2823/2479/19 899/3427/19
f 2824/2476/19 3399/2480/19 2855/2493/19
f 868/3286/19 2818/2478/19 3399/2480/19
f 3400/2477/20 2824/2476/20 900/3425/20
f 2825/2580/20 3400/2477/20 2856/2496/20
f 869/3288/20 2817/2475/20 3400/2477/20
f 3401/2474/5 2841/2473/5 917/3394/5
f 2842/2470/5 3401/2474/5 2857/2499/5
f 886/3291/5 2816/2472/5 3401/2474/5
f 3402/2471/6 2842/2470/6 918/3420/6
f 2843/2467/6 3402/2471/6 2858/2502/6
f 887/3293/6 2815/2469/6 3402/2471/6
f 3403/2468/7 2843/2467/7 919/3418/7
f 2844/2464/7 3403/2468/7 2859/2505/7
f 888/3295/7 2814/2466/7 3403/2468/7
f 3404/2465/8 2844/2464/8 920/3416/8
f 2845/2461/8 3404/2465/8 2860/2508/8
f 889/3297/8 2813/2463/8 3404/2465/8
f 3405/2462/9 2845/2461/9 921/3414/9
f 2846/2458/9 3405/2462/9 2861/2511/9
f 890/3299/9 2812/2460/9 3405/2462/9
f 3406/2459/10 2846/2458/10 922/3412/10
f 2847/2455/10 3406/2459/10 2862/2514/10
f 891/3301/10 2811/2457/10 3406/2459/10
f 3407/2456/11 2847/2455/11 923/3410/11
f 2848/2452/11 3407/2456/11 2863/2517/11
f 892/3303/11 2810/2454/11 3407/2456/11
f 3408/2453/12 2848/2452/12 924/3408/12
f 2849/2449/12 3408/2453/12 2864/2520/12
f 893/3305/12 2809/2451/12 3408/2453/12
f 3409/2450/13 2849/2449/13 925/3406/13
f 2850/2446/13 3409/2450/13 2865/2523/13
f 894/3307/13 2808/2448/13 3409/2450/13
f 3410/2447/14 2850/2446/14 926/3404/14
f 2851/2443/14 3410/2447/14 2866/2526/14
f 895/3309/14 2807/2445/14 3410/2447/14
f 3411/2444/15 2851/2443/15 927/3402/15
f 2852/2441/15 3411/2444/15 2867/2529/15
f 2852/2441/15 896/2440/15 2806/2442/15
f 3412/2439/16 2852/2441/16 928/3400/16
f 2822/3431/16 3412/2439/16 2868/2532/16
f 866/3313/16 2805/3312/16 3412/2439/16
f 3413/2438/21 2804/2437/21 870/3366/21
f 2917/2584/21 3413/2438/21 2762/2433/21
f 933/3289/21 2761/2436/21 3413/2438/21
f 3414/2435/22 2803/2434/22 871/3368/22
f 2918/2587/22 3414/2435/22 2763/2430/22
f 934/3362/22 2762/2433/22 3414/2435/22
f 3415/2432/23 2802/2431/23 872/3370/23
f 2919/2590/23 3415/2432/23 2764/2427/23
f 935/3359/23 2763/2430/23 3415/2432/23
f 3416/2429/24 2801/2428/24 873/3372/24
f 2920/2593/24 3416/2429/24 2765/2424/24
f 936/3356/24 2764/2427/24 3416/2429/24
f 3417/2426/25 2800/2425/25 874/3374/25
f 2921/2596/25 3417/2426/25 2766/2421/25
f 937/3353/25 2765/2424/25 3417/2426/25
f 3418/2423/26 2799/2422/26 875/3376/26
f 2922/2599/26 3418/2423/26 2767/2418/26
f 938/3350/26 2766/2421/26 3418/2423/26
f 3419/2420/27 2798/2419/27 876/3378/27
f 2923/2602/27 3419/2420/27 2768/2415/27
f 939/3347/27 2767/2418/27 3419/2420/27
f 3420/2417/28 2797/2416/28 877/3380/28
f 2924/2605/28 3420/2417/28 2769/2412/28
f 940/3344/28 2768/2415/28 3420/2417/28
f 3421/2414/29 2796/2413/29 878/3382/29
f 2925/2608/29 3421/2414/29 2770/2409/29
f 941/3341/29 2769/2412/29 3421/2414/29
f 3422/2411/30 2795/2410/30 879/3384/30
f 2926/2611/30 3422/2411/30 2771/2406/30
f 942/3338/30 2770/2409/30 3422/2411/30
f 3423/2408/32 2794/2407/32 880/3386/32
f 2927/2614/32 3423/2408/32 2772/2403/32
f 943/3335/32 2771/2406/32 3423/2408/32
f 3424/2405/33 2793/2404/33 881/3388/33
f 2928/2617/33 3424/2405/33 2773/2400/33
f 944/3332/33 2772/2403/33 3424/2405/33
f 2774/3432/1 3425/2402/1 2792/2401/1
f 946/3326/1 2929/2620/1 3425/2402/1
f 945/3329/1 2773/2400/1 3425/2402/1
f 3426/2397/2 2791/2399/2 883/3391/2
f 2930/2623/2 3426/2397/2 2775/2394/2
f 946/3326/2 2774/3432/2 3426/2397/2
f 3427/2396/3 2790/2395/3 884/3393/3
f 2931/2626/3 3427/2396/3 2776/2391/3
f 947/3323/3 2775/2394/3 3427/2396/3
f 3428/2393/4 2789/2392/4 885/3290/4
f 2932/2629/4 3428/2393/4 2777/2665/4
f 948/3320/4 2776/2391/4 3428/2393/4
f 2612/3433/16 3429/2390/16 2596/2389/16
f 2566/3434/16 3429/2390/16 2612/3433/16
f 834/3436/16 2756/2388/16 3429/2390/16
f 2611/2145/15 3430/2387/15 2595/2386/15
f 800/2149/15 2596/2389/15 3430/2387/15
f 864/3438/15 2755/2385/15 3430/2387/15
f 3431/2384/14 2594/2383/14 798/3439/14
f 2595/2386/14 3431/2384/14 2610/2142/14
f 863/3440/14 2754/2382/14 3431/2384/14
f 3432/2381/13 2593/2380/13 797/3441/13
f 2594/2383/13 3432/2381/13 2609/2139/13
f 862/3442/13 2753/2379/13 3432/2381/13
f 3433/2378/12 2592/2377/12 796/3443/12
f 2593/2380/12 3433/2378/12 2608/2136/12
f 861/3444/12 2752/2376/12 3433/2378/12
f 3434/2375/11 2591/2374/11 795/3445/11
f 2592/2377/11 3434/2375/11 2607/2133/11
f 860/3446/11 2751/2373/11 3434/2375/11
f 3435/2372/10 2590/2371/10 794/3447/10
f 2591/2374/10 3435/2372/10 2606/2130/10
f 859/3448/10 2750/2370/10 3435/2372/10
f 3436/2369/9 2589/2368/9 793/3449/9
f 2590/2371/9 3436/2369/9 2605/2127/9
f 858/3450/9 2749/2367/9 3436/2369/9
f 3437/2366/8 2588/2365/8 792/3451/8
f 2589/2368/8 3437/2366/8 2604/2124/8
f 857/3452/8 2748/2364/8 3437/2366/8
f 3438/2363/7 2587/2362/7 791/3453/7
f 2588/2365/7 3438/2363/7 2603/2121/7
f 856/3454/7 2747/2361/7 3438/2363/7
f 3439/2360/6 2586/2359/6 790/3455/6
f 2587/2362/6 3439/2360/6 2602/2118/6
f 855/3456/6 2746/2358/6 3439/2360/6
f 3440/2357/5 2585/2356/5 789/3457/5
f 2586/2359/5 3440/2357/5 2601/2115/5
f 854/3458/5 2745/2355/5 3440/2357/5
f 3441/2354/20 2568/2353/20 772/3459/20
f 2569/2151/20 3441/2354/20 2600/2112/20
f 837/3461/20 2744/2352/20 3441/2354/20
f 3442/2351/19 2567/2350/19 771/3462/19
f 2568/2353/19 3442/2351/19 2599/2109/19
f 836/3463/19 2743/2349/19 3442/2351/19
f 3443/2348/18 2565/2347/18 769/3464/18
f 2567/2350/18 3443/2348/18 2598/2106/18
f 835/3465/18 2742/2346/18 3443/2348/18
f 3444/2345/17 2566/2344/17 770/3466/17
f 2565/2347/17 3444/2345/17 2597/2103/17
f 833/3467/17 2741/2343/17 3444/2345/17
f 3445/2342/21 2740/2341/21 838/3468/21
f 2533/2008/21 3445/2342/21 2698/2337/21
f 741/3422/21 2697/2340/21 3445/2342/21
f 3446/2339/22 2739/2338/22 839/3470/22
f 2534/2011/22 3446/2339/22 2699/2334/22
f 742/3469/22 2698/2337/22 3446/2339/22
f 3447/2336/23 2738/2335/23 840/3472/23
f 2535/2014/23 3447/2336/23 2700/2331/23
f 743/3471/23 2699/2334/23 3447/2336/23
f 3448/2333/24 2737/2332/24 841/3474/24
f 2536/2017/24 3448/2333/24 2701/2328/24
f 744/3473/24 2700/2331/24 3448/2333/24
f 3449/2330/25 2736/2329/25 842/3476/25
f 2537/2020/25 3449/2330/25 2702/2325/25
f 745/3475/25 2701/2328/25 3449/2330/25
f 3450/2327/26 2735/2326/26 843/3478/26
f 2538/2023/26 3450/2327/26 2703/2322/26
f 746/3477/26 2702/2325/26 3450/2327/26
f 3451/2324/27 2734/2323/27 844/3480/27
f 2539/2026/27 3451/2324/27 2704/2319/27
f 747/3479/27 2703/2322/27 3451/2324/27
f 3452/2321/28 2733/2320/28 845/3482/28
f 2540/2029/28 3452/2321/28 2705/2316/28
f 748/3481/28 2704/2319/28 3452/2321/28
f 3453/2318/29 2732/2317/29 846/3484/29
f 2541/2032/29 3453/2318/29 2706/2313/29
f 749/3483/29 2705/2316/29 3453/2318/29
f 3454/2315/30 2731/2314/30 847/3486/30
f 2542/2035/30 3454/2315/30 2707/2310/30
f 750/3485/30 2706/2313/30 3454/2315/30
f 3455/2312/32 2730/2311/32 848/3488/32
f 2543/2038/32 3455/2312/32 2708/2307/32
f 751/3487/32 2707/2310/32 3455/2312/32
f 3456/2309/33 2729/2308/33 849/3490/33
f 2544/2041/33 3456/2309/33 2709/2304/33
f 752/3489/33 2708/2307/33 3456/2309/33
f 3457/2306/1 2728/2305/1 850/3492/1
f 2545/2044/1 3457/2306/1 2710/2301/1
f 753/3491/1 2709/2304/1 3457/2306/1
f 3458/2303/2 2727/2302/2 851/3494/2
f 2546/2047/2 3458/2303/2 2711/2298/2
f 754/3493/2 2710/2301/2 3458/2303/2
f 3459/2300/3 2726/2299/3 852/3496/3
f 2547/2050/3 3459/2300/3 2712/2295/3
f 755/3495/3 2711/2298/3 3459/2300/3
f 3460/2297/4 2725/2296/4 853/3498/4
f 2548/2053/4 3460/2297/4 2713/2089/4
f 756/3497/4 2712/2295/4 3460/2297/4
f 3461/2294/4 2692/2293/4 821/3499/4
f 2628/2197/4 3461/2294/4 2649/2116/4
f 788/3500/4 2648/2292/4 3461/2294/4
f 3462/2291/3 2691/2290/3 820/3501/3
f 2627/2194/3 3462/2291/3 2648/2292/3
f 787/3502/3 2647/2289/3 3462/2291/3
f 3463/2288/2 2690/2287/2 819/3503/2
f 2626/2192/2 3463/2288/2 2647/2289/2
f 786/2191/2 2646/2286/2 3463/2288/2
f 3464/2283/1 2689/2285/1 818/3504/1
f 2625/2188/1 3464/2283/1 2646/2286/1
f 785/3505/1 2645/3506/1 3464/2283/1
f 3465/2282/33 2688/2281/33 817/2284/33
f 2624/2185/33 3465/2282/33 2645/3506/33
f 784/3507/33 2644/2280/33 3465/2282/33
f 3466/2279/32 2687/2278/32 816/3508/32
f 2623/2182/32 3466/2279/32 2644/2280/32
f 783/3509/32 2643/2277/32 3466/2279/32
f 3467/2276/30 2686/2275/30 815/3510/30
f 2622/2179/30 3467/2276/30 2643/2277/30
f 782/3511/30 2642/2274/30 3467/2276/30
f 3468/2273/29 2685/2272/29 814/3512/29
f 2621/2176/29 3468/2273/29 2642/2274/29
f 781/3513/29 2641/2271/29 3468/2273/29
f 3469/2270/28 2684/2269/28 813/3514/28
f 2620/2173/28 3469/2270/28 2641/2271/28
f 780/3515/28 2640/2268/28 3469/2270/28
f 3470/2267/27 2683/2266/27 812/3516/27
f 2619/2170/27 3470/2267/27 2640/2268/27
f 779/3517/27 2639/2265/27 3470/2267/27
f 3471/2264/26 2682/2263/26 811/3518/26
f 2618/2167/26 3471/2264/26 2639/2265/26
f 778/3519/26 2638/2262/26 3471/2264/26
f 3472/2261/25 2681/2260/25 810/3520/25
f 2617/2164/25 3472/2261/25 2638/2262/25
f 2617/2164/25 777/3522/25 2637/2259/25
f 3473/2258/24 2680/2257/24 809/3521/24
f 2616/2161/24 3473/2258/24 2637/2259/24
f 776/3523/24 2636/2256/24 3473/2258/24
f 3474/2255/23 2679/2254/23 808/3524/23
f 2615/2158/23 3474/2255/23 2636/2256/23
f 775/3525/23 2635/2253/23 3474/2255/23
f 3475/2252/22 2678/2251/22 807/3526/22
f 2614/2155/22 3475/2252/22 2635/2253/22
f 774/3527/22 2634/2250/22 3475/2252/22
f 3476/2249/21 2677/2248/21 806/3528/21
f 2613/2152/21 3476/2249/21 2634/2250/21
f 773/3460/21 2633/2247/21 3476/2249/21
f 3477/2246/17 2246/2245/17 610/3529/17
f 2245/2242/17 3477/2246/17 2308/298/17
f 801/3531/17 2676/2244/17 3477/2246/17
f 3478/2243/18 2245/2242/18 609/3530/18
f 2247/2239/18 3478/2243/18 2307/295/18
f 803/3533/18 2675/2241/18 3478/2243/18
f 3479/2240/19 2247/2239/19 611/3532/19
f 2248/2236/19 3479/2240/19 2306/292/19
f 804/3535/19 2674/2238/19 3479/2240/19
f 3480/2237/20 2248/2236/20 612/3534/20
f 2249/1709/20 3480/2237/20 2305/289/20
f 805/3537/20 2673/2235/20 3480/2237/20
f 3481/2234/5 2265/2233/5 629/3538/5
f 2266/2230/5 3481/2234/5 2288/238/5
f 822/3540/5 2672/2232/5 3481/2234/5
f 3482/2231/6 2266/2230/6 630/3539/6
f 2267/2227/6 3482/2231/6 2287/235/6
f 823/3542/6 2671/2229/6 3482/2231/6
f 3483/2228/7 2267/2227/7 631/3541/7
f 2268/2224/7 3483/2228/7 2286/1666/7
f 824/3543/7 2670/2226/7 3483/2228/7
f 3484/2225/8 2268/2224/8 632/233/8
f 2269/2221/8 3484/2225/8 2285/1663/8
f 825/3544/8 2669/2223/8 3484/2225/8
f 3485/2222/9 2269/2221/9 633/230/9
f 2270/2218/9 3485/2222/9 2284/226/9
f 826/3546/9 2668/2220/9 3485/2222/9
f 3486/2219/10 2270/2218/10 634/3545/10
f 2271/2215/10 3486/2219/10 2283/223/10
f 827/3548/10 2667/2217/10 3486/2219/10
f 3487/2216/11 2271/2215/11 635/3547/11
f 2272/2212/11 3487/2216/11 2282/220/11
f 828/3550/11 2666/2214/11 3487/2216/11
f 3488/2213/12 2272/2212/12 636/3549/12
f 2273/2209/12 3488/2213/12 2281/217/12
f 829/3552/12 2665/2211/12 3488/2213/12
f 3489/2210/13 2273/2209/13 637/3551/13
f 2274/2206/13 3489/2210/13 2280/1652/13
f 830/3554/13 2664/2208/13 3489/2210/13
f 3490/2207/14 2274/2206/14 638/3553/14
f 2275/2203/14 3490/2207/14 2279/1649/14
f 831/3556/14 2663/2205/14 3490/2207/14
f 3491/2204/15 2275/2203/15 639/3555/15
f 2276/2200/15 3491/2204/15 2278/208/15
f 832/3558/15 2662/2202/15 3491/2204/15
f 3492/2201/16 2276/2200/16 640/3557/16
f 2246/3559/16 3492/2201/16 2277/205/16
f 802/3561/16 2661/2199/16 3492/2201/16
f 3493/2198/4 2628/2197/4 789/3457/4
f 2725/2296/4 3493/2198/4 2585/2356/4
f 852/3496/4 2584/2196/4 3493/2198/4
f 3494/2195/3 2627/2194/3 788/3500/3
f 2726/2299/3 3494/2195/3 2584/2196/3
f 851/3494/3 2583/2193/3 3494/2195/3
f 3495/2190/2 2626/2192/2 787/3502/2
f 2727/2302/2 3495/2190/2 2583/2193/2
f 850/3492/2 2582/3562/2 3495/2190/2
f 2582/3562/1 3496/2189/1 2625/2188/1
f 2728/2305/1 3496/2189/1 2582/3562/1
f 849/3490/1 2581/2187/1 3496/2189/1
f 3497/2186/33 2624/2185/33 785/3505/33
f 2729/2308/33 3497/2186/33 2581/2187/33
f 848/3488/33 2580/2184/33 3497/2186/33
f 3498/2183/32 2623/2182/32 784/3507/32
f 2730/2311/32 3498/2183/32 2580/2184/32
f 847/3486/32 2579/2181/32 3498/2183/32
f 3499/2180/30 2622/2179/30 783/3509/30
f 2731/2314/30 3499/2180/30 2579/2181/30
f 846/3484/30 2578/2178/30 3499/2180/30
f 3500/2177/29 2621/2176/29 782/3511/29
f 2732/2317/29 3500/2177/29 2578/2178/29
f 845/3482/29 2577/2175/29 3500/2177/29
f 3501/2174/28 2620/2173/28 781/3513/28
f 2733/2320/28 3501/2174/28 2577/2175/28
f 844/3480/28 2576/2172/28 3501/2174/28
f 3502/2171/27 2619/2170/27 780/3515/27
f 2734/2323/27 3502/2171/27 2576/2172/27
f 843/3478/27 2575/2169/27 3502/2171/27
f 3503/2168/26 2618/2167/26 779/3517/26
f 2735/2326/26 3503/2168/26 2575/2169/26
f 842/3476/26 2574/2166/26 3503/2168/26
f 3504/2165/25 2617/2164/25 778/3519/25
f 2736/2329/25 3504/2165/25 2574/2166/25
f 841/3474/25 2573/2163/25 3504/2165/25
f 3505/2162/24 2616/2161/24 777/3522/24
f 2737/2332/24 3505/2162/24 2573/2163/24
f 840/3472/24 2572/2160/24 3505/2162/24
f 3506/2159/23 2615/2158/23 776/3523/23
f 2738/2335/23 3506/2159/23 2572/2160/23
f 839/3470/23 2571/2157/23 3506/2159/23
f 3507/2156/22 2614/2155/22 775/3525/22
f 2739/2338/22 3507/2156/22 2571/2157/22
f 838/3468/22 2570/2154/22 3507/2156/22
f 3508/2153/21 2613/2152/21 774/3527/21
f 2740/2341/21 3508/2153/21 2570/2154/21
f 837/3461/21 2569/2151/21 3508/2153/21
f 3509/2148/16 2660/2150/16 832/3558/16
f 2630/3563/16 3509/2148/16 2661/2199/16
f 770/3435/16 2612/3433/16 3509/2148/16
f 3510/2147/15 2659/2146/15 831/3556/15
f 2660/2150/15 3510/2147/15 2662/2202/15
f 800/2149/15 2611/2145/15 3510/2147/15
f 3511/2144/14 2658/2143/14 830/3554/14
f 2659/2146/14 3511/2144/14 2663/2205/14
f 799/3437/14 2610/2142/14 3511/2144/14
f 3512/2141/13 2657/2140/13 829/3552/13
f 2658/2143/13 3512/2141/13 2664/2208/13
f 798/3439/13 2609/2139/13 3512/2141/13
f 3513/2138/12 2656/2137/12 828/3550/12
f 2657/2140/12 3513/2138/12 2665/2211/12
f 797/3441/12 2608/2136/12 3513/2138/12
f 3514/2135/11 2655/2134/11 827/3548/11
f 2656/2137/11 3514/2135/11 2666/2214/11
f 796/3443/11 2607/2133/11 3514/2135/11
f 3515/2132/10 2654/2131/10 826/3546/10
f 2655/2134/10 3515/2132/10 2667/2217/10
f 795/3445/10 2606/2130/10 3515/2132/10
f 3516/2129/9 2653/2128/9 825/3544/9
f 2654/2131/9 3516/2129/9 2668/2220/9
f 794/3447/9 2605/2127/9 3516/2129/9
f 3517/2126/8 2652/2125/8 824/3543/8
f 2653/2128/8 3517/2126/8 2669/2223/8
f 793/3449/8 2604/2124/8 3517/2126/8
f 3518/2123/7 2651/2122/7 823/3542/7
f 2652/2125/7 3518/2123/7 2670/2226/7
f 792/3451/7 2603/2121/7 3518/2123/7
f 3519/2120/6 2650/2119/6 822/3540/6
f 2651/2122/6 3519/2120/6 2671/2229/6
f 791/3453/6 2602/2118/6 3519/2120/6
f 3520/2117/5 2649/2116/5 821/3499/5
f 2650/2119/5 3520/2117/5 2672/2232/5
f 790/3455/5 2601/2115/5 3520/2117/5
f 3521/2114/20 2632/2113/20 804/3535/20
f 2633/2247/20 3521/2114/20 2673/2235/20
f 773/3460/20 2600/2112/20 3521/2114/20
f 3522/2111/19 2631/2110/19 803/3533/19
f 2632/2113/19 3522/2111/19 2674/2238/19
f 772/3459/19 2599/2109/19 3522/2111/19
f 3523/2108/18 2629/2107/18 801/3531/18
f 2631/2110/18 3523/2108/18 2675/2241/18
f 771/3462/18 2598/2106/18 3523/2108/18
f 3524/2105/17 2630/2104/17 802/3564/17
f 2629/2107/17 3524/2105/17 2676/2244/17
f 769/3464/17 2597/2103/17 3524/2105/17
f 3525/2102/17 2694/2101/17 834/3565/17
f 2693/2098/17 3525/2102/17 2741/2343/17
f 737/3426/17 2564/2100/17 3525/2102/17
f 3526/2099/18 2693/2098/18 833/3467/18
f 2695/2095/18 3526/2099/18 2742/2346/18
f 739/3424/18 2563/2097/18 3526/2099/18
f 3527/2096/19 2695/2095/19 835/3465/19
f 2696/2092/19 3527/2096/19 2743/2349/19
f 740/3421/19 2562/2094/19 3527/2096/19
f 3528/2093/20 2696/2092/20 836/3463/20
f 2697/2340/20 3528/2093/20 2744/2352/20
f 741/3422/20 2561/2091/20 3528/2093/20
f 3529/2090/5 2713/2089/5 853/3498/5
f 2714/2086/5 3529/2090/5 2745/2355/5
f 758/3417/5 2560/2088/5 3529/2090/5
f 3530/2087/6 2714/2086/6 854/3458/6
f 2715/2083/6 3530/2087/6 2746/2358/6
f 759/3415/6 2559/2085/6 3530/2087/6
f 3531/2084/7 2715/2083/7 855/3456/7
f 2716/2080/7 3531/2084/7 2747/2361/7
f 760/3413/7 2558/2082/7 3531/2084/7
f 3532/2081/8 2716/2080/8 856/3454/8
f 2717/2077/8 3532/2081/8 2748/2364/8
f 761/3411/8 2557/2079/8 3532/2081/8
f 3533/2078/9 2717/2077/9 857/3452/9
f 2718/2074/9 3533/2078/9 2749/2367/9
f 762/3409/9 2556/2076/9 3533/2078/9
f 3534/2075/10 2718/2074/10 858/3450/10
f 2719/2071/10 3534/2075/10 2750/2370/10
f 763/3407/10 2555/2073/10 3534/2075/10
f 3535/2072/11 2719/2071/11 859/3448/11
f 2720/2068/11 3535/2072/11 2751/2373/11
f 764/3405/11 2554/2070/11 3535/2072/11
f 3536/2069/12 2720/2068/12 860/3446/12
f 2721/2065/12 3536/2069/12 2752/2376/12
f 765/3403/12 2553/2067/12 3536/2069/12
f 3537/2066/13 2721/2065/13 861/3444/13
f 2722/2062/13 3537/2066/13 2753/2379/13
f 766/3401/13 2552/2064/13 3537/2066/13
f 3538/2063/14 2722/2062/14 862/3442/14
f 2723/2059/14 3538/2063/14 2754/2382/14
f 767/3399/14 2551/2061/14 3538/2063/14
f 3539/2060/15 2723/2059/15 863/3440/15
f 2724/2056/15 3539/2060/15 2755/2385/15
f 768/3395/15 2550/2058/15 3539/2060/15
f 3540/2057/16 2724/2056/16 864/3438/16
f 2694/3566/16 3540/2057/16 2756/2388/16
f 738/3397/16 2549/2055/16 3540/2057/16
f 3541/2054/4 2548/2053/4 757/3419/4
f 2869/2536/4 3541/2054/4 2521/2500/4
f 916/3392/4 2520/2052/4 3541/2054/4
f 3542/2051/3 2547/2050/3 756/3497/3
f 2870/2539/3 3542/2051/3 2520/2052/3
f 915/3390/3 2519/2049/3 3542/2051/3
f 3543/2048/2 2546/2047/2 755/3495/2
f 2871/2543/2 3543/2048/2 2519/2049/2
f 914/2542/2 2518/2046/2 3543/2048/2
f 3544/2045/1 2545/2044/1 754/3493/1
f 2872/2545/1 3544/2045/1 2518/2046/1
f 913/3387/1 2517/2043/1 3544/2045/1
f 3545/2042/33 2544/2041/33 753/3491/33
f 2873/2548/33 3545/2042/33 2517/2043/33
f 912/3385/33 2516/2040/33 3545/2042/33
f 3546/2039/32 2543/2038/32 752/3489/32
f 2874/2551/32 3546/2039/32 2516/2040/32
f 911/3383/32 2515/2037/32 3546/2039/32
f 3547/2036/30 2542/2035/30 751/3487/30
f 2875/2554/30 3547/2036/30 2515/2037/30
f 910/3381/30 2514/2034/30 3547/2036/30
f 3548/2033/29 2541/2032/29 750/3485/29
f 2876/2557/29 3548/2033/29 2514/2034/29
f 909/3379/29 2513/2031/29 3548/2033/29
f 3549/2030/28 2540/2029/28 749/3483/28
f 2877/2560/28 3549/2030/28 2513/2031/28
f 908/3377/28 2512/2028/28 3549/2030/28
f 3550/2027/27 2539/2026/27 748/3481/27
f 2878/2563/27 3550/2027/27 2512/2028/27
f 907/3375/27 2511/2025/27 3550/2027/27
f 3551/2024/26 2538/2023/26 747/3479/26
f 2879/2566/26 3551/2024/26 2511/2025/26
f 906/3373/26 2510/2022/26 3551/2024/26
f 3552/2021/25 2537/2020/25 746/3477/25
f 2880/2569/25 3552/2021/25 2510/2022/25
f 905/3371/25 2509/2019/25 3552/2021/25
f 3553/2018/24 2536/2017/24 745/3475/24
f 2881/2572/24 3553/2018/24 2509/2019/24
f 904/3369/24 2508/2016/24 3553/2018/24
f 3554/2015/23 2535/2014/23 744/3473/23
f 2882/2575/23 3554/2015/23 2508/2016/23
f 903/3367/23 2507/2013/23 3554/2015/23
f 3555/2012/22 2534/2011/22 743/3471/22
f 2883/2578/22 3555/2012/22 2507/2013/22
f 902/3365/22 2506/2010/22 3555/2012/22
f 3556/2009/21 2533/2008/21 742/3469/21
f 2884/2581/21 3556/2009/21 2506/2010/21
f 901/3423/21 2505/2007/21 3556/2009/21
f 2436/3567/16 3557/2006/16 2404/2005/16
f 2374/3568/16 3557/2006/16 2436/3567/16
f 706/3570/16 2500/2004/16 3557/2006/16
f 3558/2003/15 2403/2002/15 703/1906/15
f 2404/2005/15 3558/2003/15 2435/3571/15
f 736/3572/15 2499/2001/15 3558/2003/15
f 3559/2000/14 2402/1999/14 702/3573/14
f 2403/2002/14 3559/2000/14 2434/1902/14
f 735/3574/14 2498/1998/14 3559/2000/14
f 3560/1997/13 2401/1996/13 701/3575/13
f 2402/1999/13 3560/1997/13 2433/1899/13
f 734/3576/13 2497/1995/13 3560/1997/13
f 3561/1994/12 2400/1993/12 700/3577/12
f 2401/1996/12 3561/1994/12 2432/1896/12
f 733/3578/12 2496/1992/12 3561/1994/12
f 3562/1991/11 2399/1990/11 699/3579/11
f 2400/1993/11 3562/1991/11 2431/1893/11
f 732/3580/11 2495/1989/11 3562/1991/11
f 3563/1988/10 2398/1987/10 698/3581/10
f 2399/1990/10 3563/1988/10 2430/1890/10
f 731/3582/10 2494/1986/10 3563/1988/10
f 3564/1985/9 2397/1984/9 697/3583/9
f 2398/1987/9 3564/1985/9 2429/1887/9
f 730/3584/9 2493/1983/9 3564/1985/9
f 3565/1982/8 2396/1981/8 696/3585/8
f 2397/1984/8 3565/1982/8 2428/1884/8
f 729/3586/8 2492/1980/8 3565/1982/8
f 3566/1979/7 2395/1978/7 695/3587/7
f 2396/1981/7 3566/1979/7 2427/1881/7
f 728/3588/7 2491/1977/7 3566/1979/7
f 3567/1976/6 2394/1975/6 694/3589/6
f 2395/1978/6 3567/1976/6 2426/1878/6
f 727/3590/6 2490/1974/6 3567/1976/6
f 3568/1973/5 2393/1972/5 693/3216/5
f 2394/1975/5 3568/1973/5 2425/1875/5
f 726/3591/5 2489/1971/5 3568/1973/5
f 3569/1970/20 2376/1969/20 676/3592/20
f 2377/1815/20 3569/1970/20 2424/1872/20
f 709/3593/20 2488/1968/20 3569/1970/20
f 3570/1967/19 2375/1966/19 675/3594/19
f 2376/1969/19 3570/1967/19 2423/1869/19
f 708/3595/19 2487/1965/19 3570/1967/19
f 3571/1964/18 2373/1963/18 673/3596/18
f 2375/1966/18 3571/1964/18 2422/1866/18
f 707/3597/18 2486/1962/18 3571/1964/18
f 3572/1961/17 2374/1960/17 674/3598/17
f 2373/1963/17 3572/1961/17 2421/1863/17
f 705/3599/17 2485/1959/17 3572/1961/17
f 3573/1958/21 2484/1957/21 710/3600/21
f 2304/286/21 3573/1958/21 2442/1953/21
f 613/3536/21 2441/1956/21 3573/1958/21
f 3574/1955/22 2483/1954/22 711/3602/22
f 2303/283/22 3574/1955/22 2443/1950/22
f 614/3601/22 2442/1953/22 3574/1955/22
f 3575/1952/23 2482/1951/23 712/3604/23
f 2302/280/23 3575/1952/23 2444/1947/23
f 615/3603/23 2443/1950/23 3575/1952/23
f 3576/1949/24 2481/1948/24 713/3606/24
f 2301/277/24 3576/1949/24 2445/1944/24
f 616/3605/24 2444/1947/24 3576/1949/24
f 3577/1946/25 2480/1945/25 714/3607/25
f 2300/274/25 3577/1946/25 2446/1941/25
f 617/1702/25 2445/1944/25 3577/1946/25
f 3578/1943/26 2479/1942/26 715/3609/26
f 2299/271/26 3578/1943/26 2447/1938/26
f 618/3608/26 2446/1941/26 3578/1943/26
f 3579/1940/27 2478/1939/27 716/3611/27
f 2298/268/27 3579/1940/27 2448/1935/27
f 619/3610/27 2447/1938/27 3579/1940/27
f 3580/1937/28 2477/1936/28 717/3613/28
f 2297/1695/28 3580/1937/28 2449/1932/28
f 620/3612/28 2448/1935/28 3580/1937/28
f 3581/1934/29 2476/1933/29 718/3615/29
f 2296/1692/29 3581/1934/29 2450/1929/29
f 621/3614/29 2449/1932/29 3581/1934/29
f 3582/1931/30 2475/1930/30 719/3617/30
f 2295/259/30 3582/1931/30 2451/1926/30
f 622/3616/30 2450/1929/30 3582/1931/30
f 3583/1928/32 2474/1927/32 720/3619/32
f 2294/256/32 3583/1928/32 2452/1923/32
f 623/3618/32 2451/1926/32 3583/1928/32
f 3584/1925/33 2473/1924/33 721/3621/33
f 2293/253/33 3584/1925/33 2453/1920/33
f 624/3620/33 2452/1923/33 3584/1925/33
f 3585/1922/1 2472/1921/1 722/3623/1
f 2292/1683/1 3585/1922/1 2454/1917/1
f 625/3622/1 2453/1920/1 3585/1922/1
f 3586/1919/2 2471/1918/2 723/3625/2
f 2291/1680/2 3586/1919/2 2455/1914/2
f 626/3624/2 2454/1917/2 3586/1919/2
f 3587/1916/3 2470/1915/3 724/3627/3
f 2290/1677/3 3587/1916/3 2456/1911/3
f 627/3626/3 2455/1914/3 3587/1916/3
f 3588/1913/4 2469/1912/4 725/3629/4
f 2289/1674/4 3588/1913/4 2457/1671/4
f 628/3628/4 2456/1911/4 3588/1913/4
f 3589/1908/16 2980/1910/16 992/3277/16
f 2950/3630/16 3589/1908/16 2981/2679/16
f 674/3569/16 2436/3567/16 3589/1908/16
f 3590/1905/15 2979/1907/15 991/3275/15
f 2980/1910/15 3590/1905/15 2982/2682/15
f 2980/1910/15 704/1909/15 2435/3571/15
f 3591/1904/14 2978/1903/14 990/3273/14
f 2979/1907/14 3591/1904/14 2983/2685/14
f 703/1906/14 2434/1902/14 3591/1904/14
f 3592/1901/13 2977/1900/13 989/3271/13
f 2978/1903/13 3592/1901/13 2984/2688/13
f 702/3573/13 2433/1899/13 3592/1901/13
f 3593/1898/12 2976/1897/12 988/3269/12
f 2977/1900/12 3593/1898/12 2985/2691/12
f 701/3575/12 2432/1896/12 3593/1898/12
f 3594/1895/11 2975/1894/11 987/3267/11
f 2976/1897/11 3594/1895/11 2986/2694/11
f 700/3577/11 2431/1893/11 3594/1895/11
f 3595/1892/10 2974/1891/10 986/3265/10
f 2975/1894/10 3595/1892/10 2987/2697/10
f 699/3579/10 2430/1890/10 3595/1892/10
f 3596/1889/9 2973/1888/9 985/3263/9
f 2974/1891/9 3596/1889/9 2988/2700/9
f 698/3581/9 2429/1887/9 3596/1889/9
f 3597/1886/8 2972/1885/8 984/3261/8
f 2973/1888/8 3597/1886/8 2989/2703/8
f 697/3583/8 2428/1884/8 3597/1886/8
f 3598/1883/7 2971/1882/7 983/3259/7
f 2972/1885/7 3598/1883/7 2990/2706/7
f 696/3585/7 2427/1881/7 3598/1883/7
f 3599/1880/6 2970/1879/6 982/3257/6
f 2971/1882/6 3599/1880/6 2991/2709/6
f 695/3587/6 2426/1878/6 3599/1880/6
f 3600/1877/5 2969/1876/5 981/3215/5
f 2970/1879/5 3600/1877/5 2992/2712/5
f 694/3589/5 2425/1875/5 3600/1877/5
f 3601/1874/20 2952/1873/20 964/3254/20
f 2953/2727/20 3601/1874/20 2993/2715/20
f 677/3247/20 2424/1872/20 3601/1874/20
f 3602/1871/19 2951/1870/19 963/3252/19
f 2952/1873/19 3602/1871/19 2994/2718/19
f 676/3592/19 2423/1869/19 3602/1871/19
f 3603/1868/18 2949/1867/18 961/3250/18
f 2951/1870/18 3603/1868/18 2995/2721/18
f 675/3594/18 2422/1866/18 3603/1868/18
f 3604/1865/17 2950/1864/17 962/3631/17
f 2949/1867/17 3604/1865/17 2996/2724/17
f 673/3596/17 2421/1863/17 3604/1865/17
f 3605/1862/4 2420/1861/4 693/3216/4
f 2469/1912/4 3605/1862/4 2393/1972/4
f 724/3627/4 2392/1860/4 3605/1862/4
f 3606/1859/3 2419/1858/3 692/3217/3
f 2470/1915/3 3606/1859/3 2392/1860/3
f 723/3625/3 2391/1857/3 3606/1859/3
f 3607/1856/2 2418/1855/2 691/3219/2
f 2471/1918/2 3607/1856/2 2391/1857/2
f 722/3623/2 2390/1854/2 3607/1856/2
f 3608/1853/1 2417/1852/1 690/3222/1
f 2472/1921/1 3608/1853/1 2390/1854/1
f 2472/1921/1 721/3621/1 2389/1851/1
f 3609/1850/33 2416/1849/33 689/3223/33
f 2473/1924/33 3609/1850/33 2389/1851/33
f 720/3619/33 2388/1848/33 3609/1850/33
f 3610/1847/32 2415/1846/32 688/3225/32
f 2474/1927/32 3610/1847/32 2388/1848/32
f 719/3617/32 2387/1845/32 3610/1847/32
f 3611/1844/30 2414/1843/30 687/3227/30
f 2475/1930/30 3611/1844/30 2387/1845/30
f 718/3615/30 2386/1842/30 3611/1844/30
f 3612/1841/29 2413/1840/29 686/3229/29
f 2476/1933/29 3612/1841/29 2386/1842/29
f 717/3613/29 2385/1839/29 3612/1841/29
f 3613/1838/28 2412/1837/28 685/3231/28
f 2477/1936/28 3613/1838/28 2385/1839/28
f 716/3611/28 2384/1836/28 3613/1838/28
f 3614/1835/27 2411/1834/27 684/3233/27
f 2478/1939/27 3614/1835/27 2384/1836/27
f 715/3609/27 2383/1833/27 3614/1835/27
f 3615/1832/26 2410/1831/26 683/3235/26
f 2479/1942/26 3615/1832/26 2383/1833/26
f 714/3607/26 2382/1830/26 3615/1832/26
f 3616/1829/25 2409/1828/25 682/3237/25
f 2480/1945/25 3616/1829/25 2382/1830/25
f 2480/1945/25 713/3606/25 2381/1827/25
f 3617/1826/24 2408/1825/24 681/3239/24
f 2481/1948/24 3617/1826/24 2381/1827/24
f 712/3604/24 2380/1824/24 3617/1826/24
f 3618/1823/23 2407/1822/23 680/3241/23
f 2482/1951/23 3618/1823/23 2380/1824/23
f 711/3602/23 2379/1821/23 3618/1823/23
f 3619/1820/22 2406/1819/22 679/3243/22
f 2483/1954/22 3619/1820/22 2379/1821/22
f 710/3600/22 2378/1818/22 3619/1820/22
f 3620/1817/21 2405/1816/21 678/3245/21
f 2484/1957/21 3620/1817/21 2378/1818/21
f 709/3593/21 2377/1815/21 3620/1817/21
f 3621/1814/21 2372/1813/21 646/3209/21
f 2997/2728/21 3621/1814/21 2314/1809/21
f 965/3255/21 2313/1812/21 3621/1814/21
f 3622/1811/22 2371/1810/22 647/3207/22
f 2998/2731/22 3622/1811/22 2315/1806/22
f 966/3246/22 2314/1809/22 3622/1811/22
f 3623/1808/23 2370/1807/23 648/3205/23
f 2999/2734/23 3623/1808/23 2316/1803/23
f 967/3244/23 2315/1806/23 3623/1808/23
f 3624/1805/24 2369/1804/24 649/3203/24
f 3000/2737/24 3624/1805/24 2317/1800/24
f 968/3242/24 2316/1803/24 3624/1805/24
f 3625/1802/25 2368/1801/25 650/3201/25
f 3001/2740/25 3625/1802/25 2318/1797/25
f 969/3240/25 2317/1800/25 3625/1802/25
f 3626/1799/26 2367/1798/26 651/3199/26
f 3002/2743/26 3626/1799/26 2319/1794/26
f 970/3238/26 2318/1797/26 3626/1799/26
f 3627/1796/27 2366/1795/27 652/3197/27
f 3003/2746/27 3627/1796/27 2320/1791/27
f 971/3236/27 2319/1794/27 3627/1796/27
f 3628/1793/28 2365/1792/28 653/3195/28
f 3004/2749/28 3628/1793/28 2321/1788/28
f 972/3234/28 2320/1791/28 3628/1793/28
f 3629/1790/29 2364/1789/29 654/3193/29
f 3005/2752/29 3629/1790/29 2322/1785/29
f 973/3232/29 2321/1788/29 3629/1790/29
f 3630/1787/30 2363/1786/30 655/3191/30
f 3006/2755/30 3630/1787/30 2323/1782/30
f 974/3230/30 2322/1785/30 3630/1787/30
f 3631/1784/32 2362/1783/32 656/3189/32
f 3007/2758/32 3631/1784/32 2324/1779/32
f 975/3228/32 2323/1782/32 3631/1784/32
f 3632/1781/33 2361/1780/33 657/3187/33
f 3008/2761/33 3632/1781/33 2325/1776/33
f 976/3226/33 2324/1779/33 3632/1781/33
f 3633/1778/1 2360/1777/1 658/3185/1
f 3009/2764/1 3633/1778/1 2326/1773/1
f 977/3224/1 2325/1776/1 3633/1778/1
f 3634/1775/2 2359/1774/2 659/3183/2
f 3010/2767/2 3634/1775/2 2327/1770/2
f 978/3221/2 2326/1773/2 3634/1775/2
f 3635/1772/3 2358/1771/3 660/3181/3
f 3011/2770/3 3635/1772/3 2328/1767/3
f 979/3220/3 2327/1770/3 3635/1772/3
f 3636/1769/4 2357/1768/4 661/3180/4
f 3012/2773/4 3636/1769/4 2329/2713/4
f 980/3218/4 2328/1767/4 3636/1769/4
f 3637/1766/16 3108/1765/16 1056/3174/16
f 3078/3632/16 3637/1766/16 3125/2919/16
f 642/3279/16 2356/1764/16 3637/1766/16
f 3638/1763/15 3107/1762/15 1055/3173/15
f 3108/1765/15 3638/1763/15 3126/2922/15
f 672/3276/15 2355/1761/15 3638/1763/15
f 3639/1760/14 3106/1759/14 1054/3171/14
f 3107/1762/14 3639/1760/14 3127/2925/14
f 671/3274/14 2354/1758/14 3639/1760/14
f 3640/1757/13 3105/1756/13 1053/3169/13
f 3106/1759/13 3640/1757/13 3128/2928/13
f 670/3272/13 2353/1755/13 3640/1757/13
f 3641/1754/12 3104/1753/12 1052/3167/12
f 3105/1756/12 3641/1754/12 3129/2931/12
f 669/3270/12 2352/1752/12 3641/1754/12
f 3642/1751/11 3103/1750/11 1051/3165/11
f 3104/1753/11 3642/1751/11 3130/2934/11
f 668/3268/11 2351/1749/11 3642/1751/11
f 3643/1748/10 3102/1747/10 1050/3163/10
f 3103/1750/10 3643/1748/10 3131/2937/10
f 667/3266/10 2350/1746/10 3643/1748/10
f 3644/1745/9 3101/1744/9 1049/3161/9
f 3102/1747/9 3644/1745/9 3132/2940/9
f 666/3264/9 2349/1743/9 3644/1745/9
f 3645/1742/8 3100/1741/8 1048/3159/8
f 3101/1744/8 3645/1742/8 3133/2943/8
f 665/3262/8 2348/1740/8 3645/1742/8
f 3646/1739/7 3099/1738/7 1047/3157/7
f 3100/1741/7 3646/1739/7 3134/2946/7
f 664/3260/7 2347/1737/7 3646/1739/7
f 3647/1736/6 3098/1735/6 1046/3155/6
f 3099/1738/6 3647/1736/6 3135/2949/6
f 663/3258/6 2346/1734/6 3647/1736/6
f 3648/1733/5 3097/1732/5 1045/3179/5
f 3098/1735/5 3648/1733/5 3136/2952/5
f 662/3256/5 2345/1731/5 3648/1733/5
f 3649/1730/20 3080/1729/20 1028/3152/20
f 3081/2871/20 3649/1730/20 3137/2955/20
f 645/3211/20 2344/1728/20 3649/1730/20
f 3650/1727/19 3079/1726/19 1027/3150/19
f 3080/1729/19 3650/1727/19 3138/2958/19
f 644/3253/19 2343/1725/19 3650/1727/19
f 3651/1724/18 3077/1723/18 1025/3148/18
f 3079/1726/18 3651/1724/18 3139/2961/18
f 643/3251/18 2342/1722/18 3651/1724/18
f 3652/1721/17 3078/1720/17 1026/3633/17
f 3077/1723/17 3652/1721/17 3140/2964/17
f 641/3249/17 2341/1719/17 3652/1721/17
f 3653/1718/17 2438/1717/17 706/3634/17
f 2437/1715/17 3653/1718/17 2485/1959/17
f 609/3530/17 2308/298/17 3653/1718/17
f 3654/1716/18 2437/1715/18 705/3599/18
f 2439/1713/18 3654/1716/18 2486/1962/18
f 611/3532/18 2307/295/18 3654/1716/18
f 3655/1714/19 2439/1713/19 707/3597/19
f 2440/1711/19 3655/1714/19 2487/1965/19
f 612/3534/19 2306/292/19 3655/1714/19
f 3656/1712/20 2440/1711/20 708/3595/20
f 2441/1956/20 3656/1712/20 2488/1968/20
f 613/3536/20 2305/289/20 3656/1712/20
f 3657/1710/21 2304/286/21 614/3601/21
f 2677/2248/21 3657/1710/21 2250/1707/21
f 805/3537/21 2249/1709/21 3657/1710/21
f 3658/1708/22 2303/283/22 615/3603/22
f 2678/2251/22 3658/1708/22 2251/1705/22
f 806/3528/22 2250/1707/22 3658/1708/22
f 3659/1706/23 2302/280/23 616/3605/23
f 2679/2254/23 3659/1706/23 2252/1703/23
f 807/3526/23 2251/1705/23 3659/1706/23
f 3660/1704/24 2301/277/24 617/1702/24
f 2680/2257/24 3660/1704/24 2253/3635/24
f 808/3524/24 2252/1703/24 3660/1704/24
f 3661/1701/25 2300/274/25 618/3608/25
f 2681/2260/25 3661/1701/25 2254/1699/25
f 809/3521/25 2253/3635/25 3661/1701/25
f 3662/1700/26 2299/271/26 619/3610/26
f 2682/2263/26 3662/1700/26 2255/1697/26
f 810/3520/26 2254/1699/26 3662/1700/26
f 3663/1698/27 2298/268/27 620/3612/27
f 2683/2266/27 3663/1698/27 2256/1694/27
f 811/3518/27 2255/1697/27 3663/1698/27
f 3664/1696/28 2297/1695/28 621/3614/28
f 2684/2269/28 3664/1696/28 2257/1691/28
f 812/3516/28 2256/1694/28 3664/1696/28
f 3665/1693/29 2296/1692/29 622/3616/29
f 2685/2272/29 3665/1693/29 2258/1689/29
f 813/3514/29 2257/1691/29 3665/1693/29
f 3666/1690/30 2295/259/30 623/3618/30
f 2686/2275/30 3666/1690/30 2259/1687/30
f 814/3512/30 2258/1689/30 3666/1690/30
f 3667/1688/32 2294/256/32 624/3620/32
f 2687/2278/32 3667/1688/32 2260/1685/32
f 815/3510/32 2259/1687/32 3667/1688/32
f 3668/1686/33 2293/253/33 625/3622/33
f 2688/2281/33 3668/1686/33 2261/1682/33
f 816/3508/33 2260/1685/33 3668/1686/33
f 3669/1684/1 2292/1683/1 626/3624/1
f 2689/2285/1 3669/1684/1 2262/1679/1
f 817/2284/1 2261/1682/1 3669/1684/1
f 3670/1681/2 2291/1680/2 627/3626/2
f 2690/2287/2 3670/1681/2 2263/1676/2
f 818/3504/2 2262/1679/2 3670/1681/2
f 3671/1678/3 2290/1677/3 628/3628/3
f 2691/2290/3 3671/1678/3 2264/1673/3
f 819/3503/3 2263/1676/3 3671/1678/3
f 3672/1675/4 2289/1674/4 629/3538/4
f 2692/2293/4 3672/1675/4 2265/2233/4
f 820/3501/4 2264/1673/4 3672/1675/4
f 3673/1672/5 2457/1671/5 725/3629/5
f 2458/1669/5 3673/1672/5 2489/1971/5
f 630/3539/5 2288/238/5 3673/1672/5
f 3674/1670/6 2458/1669/6 726/3591/6
f 2459/1667/6 3674/1670/6 2490/1974/6
f 631/3541/6 2287/235/6 3674/1670/6
f 3675/1668/7 2459/1667/7 727/3590/7
f 2460/1664/7 3675/1668/7 2491/1977/7
f 632/233/7 2286/1666/7 3675/1668/7
f 3676/1665/8 2460/1664/8 728/3588/8
f 2461/1661/8 3676/1665/8 2492/1980/8
f 633/230/8 2285/1663/8 3676/1665/8
f 3677/1662/9 2461/1661/9 729/3586/9
f 2462/1659/9 3677/1662/9 2493/1983/9
f 634/3545/9 2284/226/9 3677/1662/9
f 3678/1660/10 2462/1659/10 730/3584/10
f 2463/1657/10 3678/1660/10 2494/1986/10
f 635/3547/10 2283/223/10 3678/1660/10
f 3679/1658/11 2463/1657/11 731/3582/11
f 2464/1655/11 3679/1658/11 2495/1989/11
f 636/3549/11 2282/220/11 3679/1658/11
f 3680/1656/12 2464/1655/12 732/3580/12
f 2465/1653/12 3680/1656/12 2496/1992/12
f 637/3551/12 2281/217/12 3680/1656/12
f 3681/1654/13 2465/1653/13 733/3578/13
f 2466/1650/13 3681/1654/13 2497/1995/13
f 638/3553/13 2280/1652/13 3681/1654/13
f 3682/1651/14 2466/1650/14 734/3576/14
f 2467/1647/14 3682/1651/14 2498/1998/14
f 639/3555/14 2279/1649/14 3682/1651/14
f 3683/1648/15 2467/1647/15 735/3574/15
f 2468/1645/15 3683/1648/15 2499/2001/15
f 640/3557/15 2278/208/15 3683/1648/15
f 3684/1646/16 2468/1645/16 736/3572/16
f 2438/3636/16 3684/1646/16 2500/2004/16
f 610/3560/16 2277/205/16 3684/1646/16
f 3685/1644/33 2181/1643/33 1/3637/33
f 2212/1640/33 3685/1644/33 1218/3638/33
f 608/3640/33 2244/1642/33 3685/1644/33
f 3686/1641/32 2212/1640/32 63/3639/32
f 2211/1637/32 3686/1641/32 1216/3641/32
f 607/3643/32 2243/1639/32 3686/1641/32
f 3687/1638/30 2211/1637/30 61/3642/30
f 2210/1634/30 3687/1638/30 1177/3644/30
f 606/3646/30 2242/1636/30 3687/1638/30
f 3688/1635/29 2210/1634/29 59/3645/29
f 2209/1631/29 3688/1635/29 1174/3647/29
f 605/3649/29 2241/1633/29 3688/1635/29
f 3689/1632/28 2209/1631/28 57/3648/28
f 2208/1628/28 3689/1632/28 1171/3650/28
f 604/3652/28 2240/1630/28 3689/1632/28
f 3690/1629/27 2208/1628/27 55/3651/27
f 2207/1625/27 3690/1629/27 1168/3653/27
f 603/3655/27 2239/1627/27 3690/1629/27
f 3691/1626/26 2207/1625/26 53/3654/26
f 2206/1622/26 3691/1626/26 1165/3656/26
f 602/3658/26 2238/1624/26 3691/1626/26
f 3692/1623/25 2206/1622/25 51/3657/25
f 2205/1619/25 3692/1623/25 1162/3659/25
f 601/3661/25 2237/1621/25 3692/1623/25
f 3693/1620/24 2205/1619/24 49/3660/24
f 47/3663/24 2204/1616/24 3693/1620/24
f 600/3664/24 2236/1618/24 3693/1620/24
f 1156/3665/23 3694/1617/23 2204/1616/23
f 2203/1613/23 3694/1617/23 1156/3665/23
f 599/3667/23 2235/1615/23 3694/1617/23
f 3695/1614/22 2203/1613/22 45/3666/22
f 2202/1610/22 3695/1614/22 1153/3668/22
f 598/3670/22 2234/1612/22 3695/1614/22
f 3696/1611/21 2202/1610/21 43/3669/21
f 2201/1607/21 3696/1611/21 1150/3671/21
f 597/3673/21 2233/1609/21 3696/1611/21
f 1147/3674/20 3697/1608/20 2201/1607/20
f 39/3675/20 2200/1604/20 3697/1608/20
f 596/3676/20 2232/1606/20 3697/1608/20
f 1144/3677/19 3698/1605/19 2200/1604/19
f 2199/1601/19 3698/1605/19 1144/3677/19
f 595/3679/19 2231/1603/19 3698/1605/19
f 3699/1602/18 2199/1601/18 37/3678/18
f 2198/1598/18 3699/1602/18 1141/3680/18
f 594/3682/18 2230/1600/18 3699/1602/18
f 3700/1599/17 2198/1598/17 35/3681/17
f 2197/1595/17 3700/1599/17 1138/3683/17
f 593/3685/17 2229/1597/17 3700/1599/17
f 3701/1596/16 2197/1595/16 33/3684/16
f 2196/1592/16 3701/1596/16 1135/3686/16
f 592/3688/16 2228/1594/16 3701/1596/16
f 3702/1593/15 2196/1592/15 31/3687/15
f 2195/1589/15 3702/1593/15 1132/3689/15
f 591/3691/15 2227/1591/15 3702/1593/15
f 3703/1590/14 2195/1589/14 29/3690/14
f 2194/1586/14 3703/1590/14 1129/3692/14
f 590/3694/14 2226/1588/14 3703/1590/14
f 3704/1587/13 2194/1586/13 27/3693/13
f 2193/1584/13 3704/1587/13 1126/3695/13
f 2193/1584/13 589/1583/13 2225/1585/13
f 1123/3697/12 3705/1582/12 2193/1584/12
f 23/3698/12 2192/1580/12 3705/1582/12
f 588/3699/12 2224/3799/12 3705/1582/12
f 3706/1581/11 2192/1580/11 23/3698/11
f 2191/1577/11 3706/1581/11 1120/3700/11
f 587/3702/11 2223/1579/11 3706/1581/11
f 3707/1578/10 2191/1577/10 21/3701/10
f 2190/1574/10 3707/1578/10 1117/3703/10
f 586/3705/10 2222/1576/10 3707/1578/10
f 3708/1575/9 2190/1574/9 19/3704/9
f 2189/1571/9 3708/1575/9 1114/3706/9
f 585/3708/9 2221/1573/9 3708/1575/9
f 3709/1572/8 2189/1571/8 17/3707/8
f 2188/1568/8 3709/1572/8 1111/3709/8
f 584/3711/8 2220/1570/8 3709/1572/8
f 3710/1569/7 2188/1568/7 15/3710/7
f 2187/1565/7 3710/1569/7 1108/3712/7
f 583/3714/7 2219/1567/7 3710/1569/7
f 3711/1566/6 2187/1565/6 13/3713/6
f 2186/1562/6 3711/1566/6 1105/3715/6
f 582/3717/6 2218/1564/6 3711/1566/6
f 3712/1563/5 2186/1562/5 11/3716/5
f 2185/1559/5 3712/1563/5 1102/3718/5
f 581/3720/5 2217/1561/5 3712/1563/5
f 3713/1560/4 2185/1559/4 9/3719/4
f 2184/1556/4 3713/1560/4 1099/3721/4
f 580/3723/4 2216/1558/4 3713/1560/4
f 3714/1557/3 2184/1556/3 7/3722/3
f 2183/1553/3 3714/1557/3 1096/3724/3
f 579/3726/3 2215/1555/3 3714/1557/3
f 3715/1554/2 2183/1553/2 5/3725/2
f 2182/1550/2 3715/1554/2 1093/3727/2
f 578/3729/2 2214/1552/2 3715/1554/2
f 3716/1551/1 2182/1550/1 3/3728/1
f 2181/3731/1 3716/1551/1 1089/3730/1
f 577/3733/1 2213/1549/1 3716/1551/1
f 3717/1548/1 2118/1547/1 514/3734/1
f 2117/3735/1 3717/1548/1 2116/1450/1
f 545/3737/1 2180/1546/1 3717/1548/1
f 3718/1545/2 2119/1544/2 515/3738/2
f 2118/1547/2 3718/1545/2 2115/1447/2
f 546/3739/2 2179/1543/2 3718/1545/2
f 3719/1542/3 2120/1541/3 516/3740/3
f 2119/1544/3 3719/1542/3 2114/1444/3
f 547/3741/3 2178/1540/3 3719/1542/3
f 3720/1539/4 2121/1538/4 517/3742/4
f 2120/1541/4 3720/1539/4 2113/1441/4
f 548/3743/4 2177/1537/4 3720/1539/4
f 2112/1438/5 3721/1536/5 2122/1535/5
f 2121/1538/5 3721/1536/5 2112/1438/5
f 549/3745/5 2176/1534/5 3721/1536/5
f 3722/1533/6 2123/1532/6 519/3746/6
f 2122/1535/6 3722/1533/6 2111/1435/6
f 550/3747/6 2175/1531/6 3722/1533/6
f 3723/1530/7 2124/1529/7 520/3748/7
f 2123/1532/7 3723/1530/7 2110/1432/7
f 551/3749/7 2174/1528/7 3723/1530/7
f 3724/1527/8 2125/1526/8 521/3750/8
f 2124/1529/8 3724/1527/8 2109/1429/8
f 552/3751/8 2173/1525/8 3724/1527/8
f 3725/1524/9 2126/1523/9 522/3752/9
f 2125/1526/9 3725/1524/9 2108/1426/9
f 553/3753/9 2172/1522/9 3725/1524/9
f 3726/1521/10 2127/1520/10 523/3754/10
f 2126/1523/10 3726/1521/10 2107/1423/10
f 554/3755/10 2171/1519/10 3726/1521/10
f 3727/1518/11 2128/1517/11 524/3756/11
f 2127/1520/11 3727/1518/11 2106/1420/11
f 555/3757/11 2170/1516/11 3727/1518/11
f 3728/1513/12 2129/1515/12 525/3758/12
f 2128/1517/12 3728/1513/12 2105/1417/12
f 556/3759/12 2169/3936/12 3728/1513/12
f 3729/1512/13 2130/1511/13 526/3760/13
f 2129/1515/13 3729/1512/13 2104/1414/13
f 2129/1515/13 557/1514/13 2168/1510/13
f 3730/1509/14 2131/1508/14 527/3761/14
f 2130/1511/14 3730/1509/14 2103/1411/14
f 558/3762/14 2167/1507/14 3730/1509/14
f 3731/1506/15 2132/1505/15 528/3763/15
f 2131/1508/15 3731/1506/15 2102/1408/15
f 559/3764/15 2166/1504/15 3731/1506/15
f 3732/1503/16 2133/1502/16 529/3765/16
f 2132/1505/16 3732/1503/16 2101/1405/16
f 560/3766/16 2165/1501/16 3732/1503/16
f 3733/1500/17 2134/1499/17 530/3767/17
f 2133/1502/17 3733/1500/17 2100/1402/17
f 561/3768/17 2164/1498/17 3733/1500/17
f 3734/1497/18 2135/1496/18 531/3769/18
f 2134/1499/18 3734/1497/18 2099/1399/18
f 562/3770/18 2163/1495/18 3734/1497/18
f 3735/1494/19 2136/1493/19 532/3771/19
f 2135/1496/19 3735/1494/19 2098/1396/19
f 563/3772/19 2162/1492/19 3735/1494/19
f 3736/1491/20 2137/1490/20 533/3773/20
f 2136/1493/20 3736/1491/20 2097/1393/20
f 2136/1493/20 564/3935/20 2161/1489/20
f 3737/1488/21 2138/1487/21 534/3774/21
f 2137/1490/21 3737/1488/21 2096/1390/21
f 565/3775/21 2160/1486/21 3737/1488/21
f 3738/1485/22 2139/1484/22 535/3776/22
f 2138/1487/22 3738/1485/22 2095/1387/22
f 566/3777/22 2159/1483/22 3738/1485/22
f 3739/1482/23 2140/1481/23 536/3778/23
f 2139/1484/23 3739/1482/23 2094/1384/23
f 567/3779/23 2158/1480/23 3739/1482/23
f 3740/1479/24 2141/1478/24 537/3780/24
f 2140/1481/24 3740/1479/24 2093/1381/24
f 568/3781/24 2157/1477/24 3740/1479/24
f 3741/1476/25 2142/1475/25 538/3782/25
f 2141/1478/25 3741/1476/25 2092/1378/25
f 569/3783/25 2156/1474/25 3741/1476/25
f 3742/1473/26 2143/1472/26 539/3784/26
f 2142/1475/26 3742/1473/26 2091/1375/26
f 570/3785/26 2155/1471/26 3742/1473/26
f 3743/1470/27 2144/1469/27 540/3786/27
f 2143/1472/27 3743/1470/27 2090/1372/27
f 571/3787/27 2154/1468/27 3743/1470/27
f 3744/1467/28 2145/1466/28 541/3788/28
f 2144/1469/28 3744/1467/28 2089/1369/28
f 572/3789/28 2153/1465/28 3744/1467/28
f 3745/1464/29 2146/1463/29 542/3790/29
f 2145/1466/29 3745/1464/29 2088/1366/29
f 573/3791/29 2152/1462/29 3745/1464/29
f 3746/1461/30 2147/1460/30 543/3792/30
f 2146/1463/30 3746/1461/30 2087/1363/30
f 574/3793/30 2151/1459/30 3746/1461/30
f 3747/1458/32 2148/1457/32 544/3794/32
f 2147/1460/32 3747/1458/32 2086/1360/32
f 575/3795/32 2150/1456/32 3747/1458/32
f 3748/1455/33 2117/1454/33 513/3796/33
f 2148/1457/33 3748/1455/33 2085/1357/33
f 576/3797/33 2149/1453/33 3748/1455/33
f 3749/1452/1 2054/1451/1 578/3729/1
f 2053/3798/1 3749/1452/1 2213/1549/1
f 513/3736/1 2116/1450/1 3749/1452/1
f 3750/1449/2 2055/1448/2 579/3726/2
f 2054/1451/2 3750/1449/2 2214/1552/2
f 514/3734/2 2115/1447/2 3750/1449/2
f 3751/1446/3 2056/1445/3 580/3723/3
f 2055/1448/3 3751/1446/3 2215/1555/3
f 515/3738/3 2114/1444/3 3751/1446/3
f 3752/1443/4 2057/1442/4 581/3720/4
f 2056/1445/4 3752/1443/4 2216/1558/4
f 516/3740/4 2113/1441/4 3752/1443/4
f 3753/1440/5 2058/1439/5 582/3717/5
f 2057/1442/5 3753/1440/5 2217/1561/5
f 517/3742/5 2112/1438/5 3753/1440/5
f 3754/1437/6 2059/1436/6 583/3714/6
f 2058/1439/6 3754/1437/6 2218/1564/6
f 518/3744/6 2111/1435/6 3754/1437/6
f 3755/1434/7 2060/1433/7 584/3711/7
f 2059/1436/7 3755/1434/7 2219/1567/7
f 519/3746/7 2110/1432/7 3755/1434/7
f 3756/1431/8 2061/1430/8 585/3708/8
f 2060/1433/8 3756/1431/8 2220/1570/8
f 520/3748/8 2109/1429/8 3756/1431/8
f 3757/1428/9 2062/1427/9 586/3705/9
f 2061/1430/9 3757/1428/9 2221/1573/9
f 521/3750/9 2108/1426/9 3757/1428/9
f 3758/1425/10 2063/1424/10 587/3702/10
f 2062/1427/10 3758/1425/10 2222/1576/10
f 522/3752/10 2107/1423/10 3758/1425/10
f 3759/1422/11 2064/1421/11 588/3699/11
f 2063/1424/11 3759/1422/11 2223/1579/11
f 523/3754/11 2106/1420/11 3759/1422/11
f 2224/3799/12 3760/1419/12 2065/1418/12
f 2064/1421/12 3760/1419/12 2224/3799/12
f 524/3756/12 2105/1417/12 3760/1419/12
f 2225/1585/13 3761/1416/13 2066/1415/13
f 589/1583/13 2065/1418/13 3761/1416/13
f 525/3758/13 2104/1414/13 3761/1416/13
f 3762/1413/14 2067/1412/14 591/3691/14
f 2066/1415/14 3762/1413/14 2226/1588/14
f 526/3760/14 2103/1411/14 3762/1413/14
f 3763/1410/15 2068/1409/15 592/3688/15
f 2067/1412/15 3763/1410/15 2227/1591/15
f 527/3761/15 2102/1408/15 3763/1410/15
f 3764/1407/16 2069/1406/16 593/3685/16
f 2068/1409/16 3764/1407/16 2228/1594/16
f 528/3763/16 2101/1405/16 3764/1407/16
f 3765/1404/17 2070/1403/17 594/3682/17
f 2069/1406/17 3765/1404/17 2229/1597/17
f 529/3765/17 2100/1402/17 3765/1404/17
f 3766/1401/18 2071/1400/18 595/3679/18
f 2070/1403/18 3766/1401/18 2230/1600/18
f 530/3767/18 2099/1399/18 3766/1401/18
f 3767/1398/19 2072/1397/19 596/3676/19
f 2071/1400/19 3767/1398/19 2231/1603/19
f 531/3769/19 2098/1396/19 3767/1398/19
f 3768/1395/20 2073/1394/20 597/3673/20
f 2072/1397/20 3768/1395/20 2232/1606/20
f 532/3771/20 2097/1393/20 3768/1395/20
f 3769/1392/21 2074/1391/21 598/3670/21
f 2073/1394/21 3769/1392/21 2233/1609/21
f 533/3773/21 2096/1390/21 3769/1392/21
f 3770/1389/22 2075/1388/22 599/3667/22
f 2074/1391/22 3770/1389/22 2234/1612/22
f 534/3774/22 2095/1387/22 3770/1389/22
f 3771/1386/23 2076/1385/23 600/3664/23
f 2075/1388/23 3771/1386/23 2235/1615/23
f 535/3776/23 2094/1384/23 3771/1386/23
f 3772/1383/24 2077/1382/24 601/3661/24
f 2076/1385/24 3772/1383/24 2236/1618/24
f 536/3778/24 2093/1381/24 3772/1383/24
f 3773/1380/25 2078/1379/25 602/3658/25
f 2077/1382/25 3773/1380/25 2237/1621/25
f 537/3780/25 2092/1378/25 3773/1380/25
f 3774/1377/26 2079/1376/26 603/3655/26
f 2078/1379/26 3774/1377/26 2238/1624/26
f 538/3782/26 2091/1375/26 3774/1377/26
f 3775/1374/27 2080/1373/27 604/3652/27
f 2079/1376/27 3775/1374/27 2239/1627/27
f 539/3784/27 2090/1372/27 3775/1374/27
f 3776/1371/28 2081/1370/28 605/3649/28
f 2080/1373/28 3776/1371/28 2240/1630/28
f 540/3786/28 2089/1369/28 3776/1371/28
f 3777/1368/29 2082/1367/29 606/3646/29
f 2081/1370/29 3777/1368/29 2241/1633/29
f 541/3788/29 2088/1366/29 3777/1368/29
f 3778/1365/30 2083/1364/30 607/3643/30
f 2082/1367/30 3778/1365/30 2242/1636/30
f 542/3790/30 2087/1363/30 3778/1365/30
f 3779/1362/32 2084/1361/32 608/3640/32
f 2083/1364/32 3779/1362/32 2243/1639/32
f 543/3792/32 2086/1360/32 3779/1362/32
f 3780/1359/33 2053/1358/33 577/3800/33
f 2084/1361/33 3780/1359/33 2244/1642/33
f 544/3794/33 2085/1357/33 3780/1359/33
f 3781/1356/1 1990/1355/1 386/3801/1
f 1989/3802/1 3781/1356/1 1829/973/1
f 481/3804/1 2052/1354/1 3781/1356/1
f 3782/1353/2 1991/1352/2 387/3805/2
f 1990/1355/2 3782/1353/2 1830/976/2
f 482/3806/2 2051/1351/2 3782/1353/2
f 3783/1350/3 1992/1349/3 388/3807/3
f 1991/1352/3 3783/1350/3 1831/979/3
f 483/3808/3 2050/1348/3 3783/1350/3
f 3784/1347/4 1993/1346/4 389/3809/4
f 1992/1349/4 3784/1347/4 1832/982/4
f 484/3810/4 2049/1345/4 3784/1347/4
f 1833/985/5 3785/1344/5 1994/1343/5
f 1993/1346/5 3785/1344/5 1833/985/5
f 485/3812/5 2048/1342/5 3785/1344/5
f 3786/1341/6 1995/1340/6 391/3813/6
f 1994/1343/6 3786/1341/6 1834/988/6
f 486/3814/6 2047/1339/6 3786/1341/6
f 3787/1338/7 1996/1337/7 392/3815/7
f 1995/1340/7 3787/1338/7 1835/991/7
f 487/3816/7 2046/1336/7 3787/1338/7
f 3788/1335/8 1997/1334/8 393/3817/8
f 1996/1337/8 3788/1335/8 1836/994/8
f 488/3818/8 2045/1333/8 3788/1335/8
f 3789/1332/9 1998/1331/9 394/3819/9
f 1997/1334/9 3789/1332/9 1837/997/9
f 489/3820/9 2044/1330/9 3789/1332/9
f 3790/1329/10 1999/1328/10 395/3821/10
f 1998/1331/10 3790/1329/10 1838/1000/10
f 490/3822/10 2043/1327/10 3790/1329/10
f 3791/1326/11 2000/1325/11 396/3823/11
f 1999/1328/11 3791/1326/11 1839/1003/11
f 491/3824/11 2042/1324/11 3791/1326/11
f 1840/3825/12 3792/1323/12 2001/1322/12
f 2000/1325/12 3792/1323/12 1840/3825/12
f 492/3826/12 2041/1321/12 3792/1323/12
f 3793/1318/13 2002/1320/13 398/3827/13
f 397/1007/13 2001/1322/13 3793/1318/13
f 2001/1322/13 493/3932/13 2040/3828/13
f 3794/1317/14 2003/1316/14 399/3829/14
f 2002/1320/14 3794/1317/14 1842/1012/14
f 494/1319/14 2039/1315/14 3794/1317/14
f 3795/1314/15 2004/1313/15 400/3830/15
f 2003/1316/15 3795/1314/15 1843/1015/15
f 495/3831/15 2038/1312/15 3795/1314/15
f 3796/1311/16 2005/1310/16 401/3832/16
f 2004/1313/16 3796/1311/16 1844/1018/16
f 496/3833/16 2037/1309/16 3796/1311/16
f 3797/1308/17 2006/1307/17 402/3834/17
f 2005/1310/17 3797/1308/17 1845/1021/17
f 497/3835/17 2036/1306/17 3797/1308/17
f 3798/1305/18 2007/1304/18 403/3836/18
f 2006/1307/18 3798/1305/18 1846/1024/18
f 498/3837/18 2035/1303/18 3798/1305/18
f 3799/1302/19 2008/1301/19 404/3838/19
f 2007/1304/19 3799/1302/19 1847/1027/19
f 499/3839/19 2034/1300/19 3799/1302/19
f 3800/1299/20 2009/1298/20 405/3840/20
f 2008/1301/20 3800/1299/20 1848/1030/20
f 500/3841/20 2033/1297/20 3800/1299/20
f 3801/1296/21 2010/1295/21 406/3842/21
f 2009/1298/21 3801/1296/21 1849/1033/21
f 501/3843/21 2032/1294/21 3801/1296/21
f 3802/1293/22 2011/1292/22 407/3844/22
f 2010/1295/22 3802/1293/22 1850/1036/22
f 502/3845/22 2031/1291/22 3802/1293/22
f 3803/1290/23 2012/1289/23 408/3846/23
f 2011/1292/23 3803/1290/23 1851/1039/23
f 503/3847/23 2030/1288/23 3803/1290/23
f 3804/1287/24 2013/1286/24 409/3848/24
f 2012/1289/24 3804/1287/24 1852/1042/24
f 504/3849/24 2029/1285/24 3804/1287/24
f 3805/1284/25 2014/1283/25 410/3850/25
f 2013/1286/25 3805/1284/25 1853/1045/25
f 505/3851/25 2028/1282/25 3805/1284/25
f 3806/1281/26 2015/1280/26 411/3852/26
f 2014/1283/26 3806/1281/26 1854/1048/26
f 506/3853/26 2027/1279/26 3806/1281/26
f 3807/1278/27 2016/1277/27 412/3854/27
f 2015/1280/27 3807/1278/27 1855/1051/27
f 507/3855/27 2026/1276/27 3807/1278/27
f 3808/1275/28 2017/1274/28 413/3856/28
f 2016/1277/28 3808/1275/28 1856/1054/28
f 508/3857/28 2025/1273/28 3808/1275/28
f 3809/1272/29 2018/1271/29 414/3858/29
f 2017/1274/29 3809/1272/29 1857/1057/29
f 509/3859/29 2024/1270/29 3809/1272/29
f 3810/1269/30 2019/1268/30 415/3860/30
f 2018/1271/30 3810/1269/30 1858/1060/30
f 510/3861/30 2023/1267/30 3810/1269/30
f 3811/1266/32 2020/1265/32 416/3862/32
f 2019/1268/32 3811/1266/32 1859/1063/32
f 511/3863/32 2022/1264/32 3811/1266/32
f 3812/1263/33 1989/1262/33 385/3864/33
f 2020/1265/33 3812/1263/33 1860/1066/33
f 512/3865/33 2021/1261/33 3812/1263/33
f 3813/1260/33 1925/1259/33 417/3866/33
f 1956/1256/33 3813/1260/33 1924/1162/33
f 480/3868/33 1988/1258/33 3813/1260/33
f 3814/1257/32 1956/1256/32 448/3867/32
f 1955/1253/32 3814/1257/32 1923/1159/32
f 479/3870/32 1987/1255/32 3814/1257/32
f 3815/1254/30 1955/1253/30 447/3869/30
f 446/3871/30 1954/1250/30 3815/1254/30
f 478/3872/30 1986/1252/30 3815/1254/30
f 3816/1251/29 1954/1250/29 446/3871/29
f 1953/1247/29 3816/1251/29 1921/1153/29
f 477/3874/29 1985/1249/29 3816/1251/29
f 3817/1248/28 1953/1247/28 445/3873/28
f 1952/1244/28 3817/1248/28 1920/1150/28
f 476/3876/28 1984/1246/28 3817/1248/28
f 3818/1245/27 1952/1244/27 444/3875/27
f 1951/1241/27 3818/1245/27 1919/1147/27
f 475/3878/27 1983/1243/27 3818/1245/27
f 3819/1242/26 1951/1241/26 443/3877/26
f 1950/1238/26 3819/1242/26 1918/1144/26
f 474/3880/26 1982/1240/26 3819/1242/26
f 3820/1239/25 1950/1238/25 442/3879/25
f 1949/1235/25 3820/1239/25 1917/1141/25
f 473/3882/25 1981/1237/25 3820/1239/25
f 3821/1236/24 1949/1235/24 441/3881/24
f 1948/1232/24 3821/1236/24 1916/1138/24
f 472/3884/24 1980/1234/24 3821/1236/24
f 3822/1233/23 1948/1232/23 440/3883/23
f 1947/1229/23 3822/1233/23 1915/1135/23
f 471/3886/23 1979/1231/23 3822/1233/23
f 3823/1230/22 1947/1229/22 439/3885/22
f 1946/1226/22 3823/1230/22 1914/1132/22
f 470/3888/22 1978/1228/22 3823/1230/22
f 3824/1227/21 1946/1226/21 438/3887/21
f 1945/1223/21 3824/1227/21 1913/1129/21
f 469/3889/21 1977/1225/21 3824/1227/21
f 3825/1224/20 1945/1223/20 437/1127/20
f 436/1124/20 1944/1220/20 3825/1224/20
f 468/3891/20 1976/1222/20 3825/1224/20
f 3826/1221/19 1944/1220/19 436/1124/19
f 1943/1217/19 3826/1221/19 1911/3892/19
f 467/3894/19 1975/1219/19 3826/1221/19
f 3827/1218/18 1943/1217/18 435/3893/18
f 1942/1214/18 3827/1218/18 1910/1120/18
f 466/3896/18 1974/1216/18 3827/1218/18
f 3828/1215/17 1942/1214/17 434/3895/17
f 1941/1211/17 3828/1215/17 1909/1117/17
f 465/3898/17 1973/1213/17 3828/1215/17
f 3829/1212/16 1941/1211/16 433/3897/16
f 1940/1208/16 3829/1212/16 1908/1114/16
f 464/3900/16 1972/1210/16 3829/1212/16
f 3830/1209/15 1940/1208/15 432/3899/15
f 1939/1205/15 3830/1209/15 1907/1111/15
f 463/3902/15 1971/1207/15 3830/1209/15
f 3831/1206/14 1939/1205/14 431/3901/14
f 1938/1203/14 3831/1206/14 1906/1108/14
f 462/1202/14 1970/1204/14 3831/1206/14
f 3832/1201/13 1938/1203/13 430/3903/13
f 1937/1200/13 3832/1201/13 1905/1105/13
f 1937/1200/13 461/1199/13 1969/3904/13
f 1904/3905/12 3833/1198/12 1937/1200/12
f 1936/1196/12 3833/1198/12 1904/3905/12
f 460/3907/12 1968/4184/12 3833/1198/12
f 3834/1197/11 1936/1196/11 428/3906/11
f 1935/1193/11 3834/1197/11 1903/1099/11
f 459/3909/11 1967/1195/11 3834/1197/11
f 3835/1194/10 1935/1193/10 427/3908/10
f 1934/1190/10 3835/1194/10 1902/1096/10
f 458/3911/10 1966/1192/10 3835/1194/10
f 3836/1191/9 1934/1190/9 426/3910/9
f 1933/1187/9 3836/1191/9 1901/1093/9
f 457/3913/9 1965/1189/9 3836/1191/9
f 3837/1188/8 1933/1187/8 425/3912/8
f 1932/1184/8 3837/1188/8 1900/1090/8
f 456/3915/8 1964/1186/8 3837/1188/8
f 3838/1185/7 1932/1184/7 424/3914/7
f 1931/1181/7 3838/1185/7 1899/1087/7
f 455/3917/7 1963/1183/7 3838/1185/7
f 3839/1182/6 1931/1181/6 423/3916/6
f 1930/1178/6 3839/1182/6 1898/1084/6
f 454/3919/6 1962/1180/6 3839/1182/6
f 3840/1179/5 1930/1178/5 422/3918/5
f 1929/1175/5 3840/1179/5 1897/1081/5
f 453/3921/5 1961/1177/5 3840/1179/5
f 1896/1078/4 3841/1176/4 1929/1175/4
f 1928/1172/4 3841/1176/4 1896/1078/4
f 452/3923/4 1960/1174/4 3841/1176/4
f 3842/1173/3 1928/1172/3 420/3922/3
f 1927/1169/3 3842/1173/3 1895/1075/3
f 451/3925/3 1959/1171/3 3842/1173/3
f 3843/1170/2 1927/1169/2 419/3924/2
f 1926/1166/2 3843/1170/2 1894/1072/2
f 450/3927/2 1958/1168/2 3843/1170/2
f 3844/1167/1 1926/1166/1 418/3926/1
f 1925/3928/1 3844/1167/1 1893/1069/1
f 449/3930/1 1957/1165/1 3844/1167/1
f 3845/1164/33 1861/1163/33 481/3931/33
f 1892/1160/33 3845/1164/33 2021/1261/33
f 448/3867/33 1924/1162/33 3845/1164/33
f 3846/1161/32 1892/1160/32 512/3865/32
f 1891/1157/32 3846/1161/32 2022/1264/32
f 447/3869/32 1923/1159/32 3846/1161/32
f 3847/1158/30 1891/1157/30 511/3863/30
f 1890/1154/30 3847/1158/30 2023/1267/30
f 446/3871/30 1922/1156/30 3847/1158/30
f 3848/1155/29 1890/1154/29 510/3861/29
f 1889/1151/29 3848/1155/29 2024/1270/29
f 445/3873/29 1921/1153/29 3848/1155/29
f 3849/1152/28 1889/1151/28 509/3859/28
f 1888/1148/28 3849/1152/28 2025/1273/28
f 444/3875/28 1920/1150/28 3849/1152/28
f 3850/1149/27 1888/1148/27 508/3857/27
f 1887/1145/27 3850/1149/27 2026/1276/27
f 443/3877/27 1919/1147/27 3850/1149/27
f 3851/1146/26 1887/1145/26 507/3855/26
f 1886/1142/26 3851/1146/26 2027/1279/26
f 442/3879/26 1918/1144/26 3851/1146/26
f 3852/1143/25 1886/1142/25 506/3853/25
f 1885/1139/25 3852/1143/25 2028/1282/25
f 441/3881/25 1917/1141/25 3852/1143/25
f 3853/1140/24 1885/1139/24 505/3851/24
f 1884/1136/24 3853/1140/24 2029/1285/24
f 440/3883/24 1916/1138/24 3853/1140/24
f 3854/1137/23 1884/1136/23 504/3849/23
f 1883/1133/23 3854/1137/23 2030/1288/23
f 439/3885/23 1915/1135/23 3854/1137/23
f 3855/1134/22 1883/1133/22 503/3847/22
f 1882/1130/22 3855/1134/22 2031/1291/22
f 438/3887/22 1914/1132/22 3855/1134/22
f 3856/1131/21 1882/1130/21 502/3845/21
f 1881/1128/21 3856/1131/21 2032/1294/21
f 437/1127/21 1913/1129/21 3856/1131/21
f 3857/1126/20 1881/1128/20 501/3843/20
f 1880/1125/20 3857/1126/20 2033/1297/20
f 1880/1125/20 436/1124/20 1912/3890/20
f 3858/1123/19 1880/1125/19 500/3841/19
f 1879/1121/19 3858/1123/19 2034/1300/19
f 1879/1121/19 435/3893/19 1911/3892/19
f 3859/1122/18 1879/1121/18 499/3839/18
f 1878/1118/18 3859/1122/18 2035/1303/18
f 434/3895/18 1910/1120/18 3859/1122/18
f 3860/1119/17 1878/1118/17 498/3837/17
f 1877/1115/17 3860/1119/17 2036/1306/17
f 433/3897/17 1909/1117/17 3860/1119/17
f 3861/1116/16 1877/1115/16 497/3835/16
f 1876/1112/16 3861/1116/16 2037/1309/16
f 432/3899/16 1908/1114/16 3861/1116/16
f 3862/1113/15 1876/1112/15 496/3833/15
f 1875/1109/15 3862/1113/15 2038/1312/15
f 431/3901/15 1907/1111/15 3862/1113/15
f 3863/1110/14 1875/1109/14 495/3831/14
f 1874/1106/14 3863/1110/14 2039/1315/14
f 430/3903/14 1906/1108/14 3863/1110/14
f 2040/3828/13 3864/1107/13 1874/1106/13
f 493/3932/13 1873/1104/13 3864/1107/13
f 1873/1104/13 429/1103/13 1905/1105/13
f 3865/1102/12 1873/1104/12 493/3932/12
f 1872/1100/12 3865/1102/12 2041/1321/12
f 428/3906/12 1904/3905/12 3865/1102/12
f 3866/1101/11 1872/1100/11 492/3826/11
f 1871/1097/11 3866/1101/11 2042/1324/11
f 427/3908/11 1903/1099/11 3866/1101/11
f 3867/1098/10 1871/1097/10 491/3824/10
f 1870/1094/10 3867/1098/10 2043/1327/10
f 426/3910/10 1902/1096/10 3867/1098/10
f 3868/1095/9 1870/1094/9 490/3822/9
f 1869/1091/9 3868/1095/9 2044/1330/9
f 425/3912/9 1901/1093/9 3868/1095/9
f 3869/1092/8 1869/1091/8 489/3820/8
f 1868/1088/8 3869/1092/8 2045/1333/8
f 424/3914/8 1900/1090/8 3869/1092/8
f 3870/1089/7 1868/1088/7 488/3818/7
f 1867/1085/7 3870/1089/7 2046/1336/7
f 423/3916/7 1899/1087/7 3870/1089/7
f 3871/1086/6 1867/1085/6 487/3816/6
f 1866/1082/6 3871/1086/6 2047/1339/6
f 422/3918/6 1898/1084/6 3871/1086/6
f 3872/1083/5 1866/1082/5 486/3814/5
f 1865/1079/5 3872/1083/5 2048/1342/5
f 421/3920/5 1897/1081/5 3872/1083/5
f 3873/1080/4 1865/1079/4 485/3812/4
f 1864/1076/4 3873/1080/4 2049/1345/4
f 420/3922/4 1896/1078/4 3873/1080/4
f 3874/1077/3 1864/1076/3 484/3810/3
f 1863/1073/3 3874/1077/3 2050/1348/3
f 419/3924/3 1895/1075/3 3874/1077/3
f 3875/1074/2 1863/1073/2 483/3808/2
f 1862/1070/2 3875/1074/2 2051/1351/2
f 418/3926/2 1894/1072/2 3875/1074/2
f 3876/1071/1 1862/1070/1 482/3806/1
f 1861/3933/1 3876/1071/1 2052/1354/1
f 417/3929/1 1893/1069/1 3876/1071/1
f 3877/1068/33 1797/1067/33 545/3934/33
f 1828/1064/33 3877/1068/33 2149/1453/33
f 416/3862/33 1860/1066/33 3877/1068/33
f 3878/1065/32 1828/1064/32 576/3797/32
f 1827/1061/32 3878/1065/32 2150/1456/32
f 415/3860/32 1859/1063/32 3878/1065/32
f 3879/1062/30 1827/1061/30 575/3795/30
f 1826/1058/30 3879/1062/30 2151/1459/30
f 414/3858/30 1858/1060/30 3879/1062/30
f 2152/1462/29 3880/1059/29 1826/1058/29
f 1825/1055/29 3880/1059/29 2152/1462/29
f 413/3856/29 1857/1057/29 3880/1059/29
f 3881/1056/28 1825/1055/28 573/3791/28
f 1824/1052/28 3881/1056/28 2153/1465/28
f 412/3854/28 1856/1054/28 3881/1056/28
f 3882/1053/27 1824/1052/27 572/3789/27
f 1823/1049/27 3882/1053/27 2154/1468/27
f 411/3852/27 1855/1051/27 3882/1053/27
f 3883/1050/26 1823/1049/26 571/3787/26
f 1822/1046/26 3883/1050/26 2155/1471/26
f 410/3850/26 1854/1048/26 3883/1050/26
f 3884/1047/25 1822/1046/25 570/3785/25
f 1821/1043/25 3884/1047/25 2156/1474/25
f 409/3848/25 1853/1045/25 3884/1047/25
f 3885/1044/24 1821/1043/24 569/3783/24
f 1820/1040/24 3885/1044/24 2157/1477/24
f 408/3846/24 1852/1042/24 3885/1044/24
f 3886/1041/23 1820/1040/23 568/3781/23
f 1819/1037/23 3886/1041/23 2158/1480/23
f 407/3844/23 1851/1039/23 3886/1041/23
f 3887/1038/22 1819/1037/22 567/3779/22
f 1818/1034/22 3887/1038/22 2159/1483/22
f 406/3842/22 1850/1036/22 3887/1038/22
f 3888/1035/21 1818/1034/21 566/3777/21
f 1817/1031/21 3888/1035/21 2160/1486/21
f 405/3840/21 1849/1033/21 3888/1035/21
f 3889/1032/20 1817/1031/20 565/3775/20
f 1816/1028/20 3889/1032/20 2161/1489/20
f 404/3838/20 1848/1030/20 3889/1032/20
f 2162/1492/19 3890/1029/19 1816/1028/19
f 563/3772/19 1815/1025/19 3890/1029/19
f 403/3836/19 1847/1027/19 3890/1029/19
f 3891/1026/18 1815/1025/18 563/3772/18
f 1814/1022/18 3891/1026/18 2163/1495/18
f 402/3834/18 1846/1024/18 3891/1026/18
f 3892/1023/17 1814/1022/17 562/3770/17
f 1813/1019/17 3892/1023/17 2164/1498/17
f 401/3832/17 1845/1021/17 3892/1023/17
f 3893/1020/16 1813/1019/16 561/3768/16
f 1812/1016/16 3893/1020/16 2165/1501/16
f 400/3830/16 1844/1018/16 3893/1020/16
f 3894/1017/15 1812/1016/15 560/3766/15
f 1811/1013/15 3894/1017/15 2166/1504/15
f 399/3829/15 1843/1015/15 3894/1017/15
f 3895/1014/14 1811/1013/14 559/3764/14
f 1810/1010/14 3895/1014/14 2167/1507/14
f 398/3827/14 1842/1012/14 3895/1014/14
f 3896/1011/13 1810/1010/13 558/3762/13
f 557/1514/13 1809/1008/13 3896/1011/13
f 397/1007/13 1841/1009/13 3896/1011/13
f 2169/3936/12 3897/1006/12 1809/1008/12
f 1808/1004/12 3897/1006/12 2169/3936/12
f 396/3823/12 1840/3825/12 3897/1006/12
f 3898/1005/11 1808/1004/11 556/3759/11
f 1807/1001/11 3898/1005/11 2170/1516/11
f 395/3821/11 1839/1003/11 3898/1005/11
f 3899/1002/10 1807/1001/10 555/3757/10
f 1806/998/10 3899/1002/10 2171/1519/10
f 394/3819/10 1838/1000/10 3899/1002/10
f 3900/999/9 1806/998/9 554/3755/9
f 1805/995/9 3900/999/9 2172/1522/9
f 393/3817/9 1837/997/9 3900/999/9
f 3901/996/8 1805/995/8 553/3753/8
f 1804/992/8 3901/996/8 2173/1525/8
f 392/3815/8 1836/994/8 3901/996/8
f 3902/993/7 1804/992/7 552/3751/7
f 1803/989/7 3902/993/7 2174/1528/7
f 391/3813/7 1835/991/7 3902/993/7
f 3903/990/6 1803/989/6 551/3749/6
f 1802/986/6 3903/990/6 2175/1531/6
f 390/3811/6 1834/988/6 3903/990/6
f 3904/987/5 1802/986/5 550/3747/5
f 1801/983/5 3904/987/5 2176/1534/5
f 389/3809/5 1833/985/5 3904/987/5
f 3905/984/4 1801/983/4 549/3745/4
f 548/3743/4 1800/980/4 3905/984/4
f 388/3807/4 1832/982/4 3905/984/4
f 3906/981/3 1800/980/3 548/3743/3
f 1799/977/3 3906/981/3 2178/1540/3
f 387/3805/3 1831/979/3 3906/981/3
f 3907/978/2 1799/977/2 547/3741/2
f 1798/974/2 3907/978/2 2179/1543/2
f 386/3801/2 1830/976/2 3907/978/2
f 3908/975/1 1798/974/1 546/3739/1
f 1797/3937/1 3908/975/1 2180/1546/1
f 385/3803/1 1829/973/1 3908/975/1
f 3909/972/33 1733/971/33 161/3938/33
f 1764/968/33 3909/972/33 1381/301/33
f 384/3940/33 1796/970/33 3909/972/33
f 3910/969/32 1764/968/32 192/3939/32
f 1763/965/32 3910/969/32 1382/304/32
f 383/3942/32 1795/967/32 3910/969/32
f 3911/966/30 1763/965/30 191/3941/30
f 1762/962/30 3911/966/30 1383/307/30
f 382/3944/30 1794/964/30 3911/966/30
f 3912/963/29 1762/962/29 190/3943/29
f 1761/959/29 3912/963/29 1384/310/29
f 381/3946/29 1793/961/29 3912/963/29
f 3913/960/28 1761/959/28 189/3945/28
f 1760/956/28 3913/960/28 1385/313/28
f 380/3948/28 1792/958/28 3913/960/28
f 3914/957/27 1760/956/27 188/3947/27
f 1759/953/27 3914/957/27 1386/316/27
f 379/3950/27 1791/955/27 3914/957/27
f 3915/954/26 1759/953/26 187/3949/26
f 1758/950/26 3915/954/26 1387/319/26
f 378/3952/26 1790/952/26 3915/954/26
f 3916/951/25 1758/950/25 186/3951/25
f 1757/947/25 3916/951/25 1388/322/25
f 377/3954/25 1789/949/25 3916/951/25
f 3917/948/24 1757/947/24 185/3953/24
f 1756/944/24 3917/948/24 1389/325/24
f 376/3956/24 1788/946/24 3917/948/24
f 3918/945/23 1756/944/23 184/3955/23
f 1755/941/23 3918/945/23 1390/328/23
f 375/3958/23 1787/943/23 3918/945/23
f 3919/942/22 1755/941/22 183/3957/22
f 1754/938/22 3919/942/22 1391/331/22
f 374/3960/22 1786/940/22 3919/942/22
f 3920/939/21 1754/938/21 182/3959/21
f 1753/935/21 3920/939/21 1392/334/21
f 373/3962/21 1785/937/21 3920/939/21
f 3921/936/20 1753/935/20 181/3961/20
f 1752/932/20 3921/936/20 1393/337/20
f 372/3964/20 1784/934/20 3921/936/20
f 3922/933/19 1752/932/19 180/3963/19
f 1751/929/19 3922/933/19 1394/340/19
f 371/3966/19 1783/931/19 3922/933/19
f 3923/930/18 1751/929/18 179/3965/18
f 1750/926/18 3923/930/18 1395/343/18
f 370/3968/18 1782/928/18 3923/930/18
f 3924/927/17 1750/926/17 178/3967/17
f 1749/923/17 3924/927/17 1396/346/17
f 369/3970/17 1781/925/17 3924/927/17
f 3925/924/16 1749/923/16 177/3969/16
f 1748/920/16 3925/924/16 1397/349/16
f 368/3972/16 1780/922/16 3925/924/16
f 3926/921/15 1748/920/15 176/3971/15
f 1747/917/15 3926/921/15 1398/352/15
f 367/3974/15 1779/919/15 3926/921/15
f 3927/918/14 1747/917/14 175/3973/14
f 1746/914/14 3927/918/14 1399/355/14
f 366/3975/14 1778/916/14 3927/918/14
f 1400/3976/13 3928/915/13 1746/914/13
f 1745/911/13 3928/915/13 1400/3976/13
f 365/3978/13 1777/913/13 3928/915/13
f 1401/361/12 3929/912/12 1745/911/12
f 1744/908/12 3929/912/12 1401/361/12
f 1744/908/12 364/4069/12 1776/910/12
f 3930/909/11 1744/908/11 172/3979/11
f 1743/905/11 3930/909/11 1402/364/11
f 363/3981/11 1775/907/11 3930/909/11
f 3931/906/10 1743/905/10 171/3980/10
f 1742/902/10 3931/906/10 1403/367/10
f 362/3983/10 1774/904/10 3931/906/10
f 3932/903/9 1742/902/9 170/3982/9
f 1741/899/9 3932/903/9 1404/370/9
f 361/3985/9 1773/901/9 3932/903/9
f 3933/900/8 1741/899/8 169/3984/8
f 1740/896/8 3933/900/8 1405/373/8
f 360/3987/8 1772/898/8 3933/900/8
f 3934/897/7 1740/896/7 168/3986/7
f 1739/893/7 3934/897/7 1406/376/7
f 359/3989/7 1771/895/7 3934/897/7
f 3935/894/6 1739/893/6 167/3988/6
f 1738/890/6 3935/894/6 1407/379/6
f 358/3991/6 1770/892/6 3935/894/6
f 3936/891/5 1738/890/5 166/3990/5
f 1737/887/5 3936/891/5 1408/382/5
f 357/3993/5 1769/889/5 3936/891/5
f 3937/888/4 1737/887/4 165/3992/4
f 1736/884/4 3937/888/4 1409/385/4
f 356/3995/4 1768/886/4 3937/888/4
f 3938/885/3 1736/884/3 164/3994/3
f 1735/881/3 3938/885/3 1410/388/3
f 355/3997/3 1767/883/3 3938/885/3
f 3939/882/2 1735/881/2 163/3996/2
f 1734/878/2 3939/882/2 1411/391/2
f 354/3999/2 1766/880/2 3939/882/2
f 3940/879/1 1734/878/1 162/3998/1
f 1733/4000/1 3940/879/1 1412/394/1
f 353/4002/1 1765/877/1 3940/879/1
f 3941/876/1 1670/875/1 290/4003/1
f 1669/4004/1 3941/876/1 1668/778/1
f 321/4006/1 1732/874/1 3941/876/1
f 3942/873/2 1671/872/2 291/4007/2
f 1670/875/2 3942/873/2 1667/775/2
f 322/4008/2 1731/871/2 3942/873/2
f 3943/870/3 1672/869/3 292/4009/3
f 1671/872/3 3943/870/3 1666/772/3
f 323/4010/3 1730/868/3 3943/870/3
f 3944/867/4 1673/866/4 293/4011/4
f 1672/869/4 3944/867/4 1665/769/4
f 324/4012/4 1729/865/4 3944/867/4
f 3945/864/5 1674/863/5 294/4013/5
f 1673/866/5 3945/864/5 1664/766/5
f 325/4014/5 1728/862/5 3945/864/5
f 3946/861/6 1675/860/6 295/4015/6
f 1674/863/6 3946/861/6 1663/763/6
f 326/4016/6 1727/859/6 3946/861/6
f 3947/858/7 1676/857/7 296/4017/7
f 1675/860/7 3947/858/7 1662/760/7
f 327/4018/7 1726/856/7 3947/858/7
f 3948/855/8 1677/854/8 297/4019/8
f 1676/857/8 3948/855/8 1661/757/8
f 328/4020/8 1725/853/8 3948/855/8
f 3949/852/9 1678/851/9 298/4021/9
f 1677/854/9 3949/852/9 1660/754/9
f 329/4022/9 1724/850/9 3949/852/9
f 3950/849/10 1679/848/10 299/4023/10
f 1678/851/10 3950/849/10 1659/751/10
f 330/4024/10 1723/847/10 3950/849/10
f 3951/846/11 1680/845/11 300/4025/11
f 1679/848/11 3951/846/11 1658/748/11
f 331/4026/11 1722/844/11 3951/846/11
f 1657/4027/12 3952/843/12 1681/842/12
f 1680/845/12 3952/843/12 1657/4027/12
f 332/4028/12 1721/841/12 3952/843/12
f 3953/840/13 1682/839/13 302/4029/13
f 1681/842/13 3953/840/13 1656/742/13
f 1681/842/13 333/4237/13 1720/838/13
f 3954/837/14 1683/836/14 303/4030/14
f 1682/839/14 3954/837/14 1655/739/14
f 334/4031/14 1719/835/14 3954/837/14
f 3955/834/15 1684/833/15 304/4032/15
f 1683/836/15 3955/834/15 1654/736/15
f 335/4033/15 1718/832/15 3955/834/15
f 3956/831/16 1685/830/16 305/4034/16
f 1684/833/16 3956/831/16 1653/733/16
f 336/4035/16 1717/829/16 3956/831/16
f 3957/828/17 1686/827/17 306/4036/17
f 1685/830/17 3957/828/17 1652/730/17
f 337/4037/17 1716/826/17 3957/828/17
f 3958/825/18 1687/824/18 307/4038/18
f 1686/827/18 3958/825/18 1651/727/18
f 338/4039/18 1715/823/18 3958/825/18
f 1650/4040/19 3959/822/19 1688/821/19
f 1687/824/19 3959/822/19 1650/4040/19
f 339/4041/19 1714/820/19 3959/822/19
f 1649/721/20 3960/819/20 1689/818/20
f 308/725/20 1688/821/20 3960/819/20
f 340/4043/20 1713/817/20 3960/819/20
f 3961/816/21 1690/815/21 310/4044/21
f 1689/818/21 3961/816/21 1648/718/21
f 341/4045/21 1712/814/21 3961/816/21
f 3962/813/22 1691/812/22 311/4046/22
f 1690/815/22 3962/813/22 1647/715/22
f 342/4047/22 1711/811/22 3962/813/22
f 3963/810/23 1692/809/23 312/4048/23
f 1691/812/23 3963/810/23 1646/712/23
f 343/4049/23 1710/808/23 3963/810/23
f 3964/807/24 1693/806/24 313/4050/24
f 1692/809/24 3964/807/24 1645/709/24
f 344/4051/24 1709/805/24 3964/807/24
f 3965/804/25 1694/803/25 314/4052/25
f 1693/806/25 3965/804/25 1644/706/25
f 345/4053/25 1708/802/25 3965/804/25
f 3966/801/26 1695/800/26 315/4054/26
f 1694/803/26 3966/801/26 1643/703/26
f 346/4055/26 1707/799/26 3966/801/26
f 3967/798/27 1696/797/27 316/4056/27
f 1695/800/27 3967/798/27 1642/700/27
f 347/4057/27 1706/796/27 3967/798/27
f 3968/795/28 1697/794/28 317/4058/28
f 1696/797/28 3968/795/28 1641/697/28
f 348/4059/28 1705/793/28 3968/795/28
f 3969/792/29 1698/791/29 318/4060/29
f 1697/794/29 3969/792/29 1640/694/29
f 349/4061/29 1704/790/29 3969/792/29
f 3970/789/30 1699/788/30 319/4062/30
f 1698/791/30 3970/789/30 1639/691/30
f 350/4063/30 1703/787/30 3970/789/30
f 3971/786/32 1700/785/32 320/4064/32
f 1699/788/32 3971/786/32 1638/688/32
f 351/4065/32 1702/784/32 3971/786/32
f 3972/783/33 1669/782/33 289/4066/33
f 1700/785/33 3972/783/33 1637/685/33
f 352/4067/33 1701/781/33 3972/783/33
f 3973/780/1 1606/779/1 354/3999/1
f 1605/4068/1 3973/780/1 1765/877/1
f 289/4005/1 1668/778/1 3973/780/1
f 3974/777/2 1607/776/2 355/3997/2
f 1606/779/2 3974/777/2 1766/880/2
f 290/4003/2 1667/775/2 3974/777/2
f 3975/774/3 1608/773/3 356/3995/3
f 1607/776/3 3975/774/3 1767/883/3
f 291/4007/3 1666/772/3 3975/774/3
f 3976/771/4 1609/770/4 357/3993/4
f 1608/773/4 3976/771/4 1768/886/4
f 292/4009/4 1665/769/4 3976/771/4
f 3977/768/5 1610/767/5 358/3991/5
f 1609/770/5 3977/768/5 1769/889/5
f 293/4011/5 1664/766/5 3977/768/5
f 3978/765/6 1611/764/6 359/3989/6
f 1610/767/6 3978/765/6 1770/892/6
f 294/4013/6 1663/763/6 3978/765/6
f 3979/762/7 1612/761/7 360/3987/7
f 1611/764/7 3979/762/7 1771/895/7
f 295/4015/7 1662/760/7 3979/762/7
f 3980/759/8 1613/758/8 361/3985/8
f 1612/761/8 3980/759/8 1772/898/8
f 296/4017/8 1661/757/8 3980/759/8
f 3981/756/9 1614/755/9 362/3983/9
f 1613/758/9 3981/756/9 1773/901/9
f 297/4019/9 1660/754/9 3981/756/9
f 3982/753/10 1615/752/10 363/3981/10
f 1614/755/10 3982/753/10 1774/904/10
f 298/4021/10 1659/751/10 3982/753/10
f 3983/750/11 1616/749/11 364/4069/11
f 1615/752/11 3983/750/11 1775/907/11
f 299/4023/11 1658/748/11 3983/750/11
f 3984/745/12 1617/747/12 365/3978/12
f 1616/749/12 3984/745/12 1776/910/12
f 300/4025/12 1657/4027/12 3984/745/12
f 3985/744/13 1618/743/13 366/3975/13
f 365/3978/13 1617/747/13 3985/744/13
f 1617/747/13 301/746/13 1656/742/13
f 3986/741/14 1619/740/14 367/3974/14
f 1618/743/14 3986/741/14 1778/916/14
f 302/4029/14 1655/739/14 3986/741/14
f 3987/738/15 1620/737/15 368/3972/15
f 1619/740/15 3987/738/15 1779/919/15
f 303/4030/15 1654/736/15 3987/738/15
f 3988/735/16 1621/734/16 369/3970/16
f 1620/737/16 3988/735/16 1780/922/16
f 304/4032/16 1653/733/16 3988/735/16
f 3989/732/17 1622/731/17 370/3968/17
f 1621/734/17 3989/732/17 1781/925/17
f 305/4034/17 1652/730/17 3989/732/17
f 3990/729/18 1623/728/18 371/3966/18
f 1622/731/18 3990/729/18 1782/928/18
f 306/4036/18 1651/727/18 3990/729/18
f 3991/724/19 1624/726/19 372/3964/19
f 1623/728/19 3991/724/19 1783/931/19
f 1623/728/19 307/4038/19 1650/4040/19
f 3992/723/20 1625/722/20 373/3962/20
f 1624/726/20 3992/723/20 1784/934/20
f 1624/726/20 308/725/20 1649/721/20
f 3993/720/21 1626/719/21 374/3960/21
f 1625/722/21 3993/720/21 1785/937/21
f 309/4042/21 1648/718/21 3993/720/21
f 3994/717/22 1627/716/22 375/3958/22
f 1626/719/22 3994/717/22 1786/940/22
f 310/4044/22 1647/715/22 3994/717/22
f 3995/714/23 1628/713/23 376/3956/23
f 1627/716/23 3995/714/23 1787/943/23
f 311/4046/23 1646/712/23 3995/714/23
f 3996/711/24 1629/710/24 377/3954/24
f 1628/713/24 3996/711/24 1788/946/24
f 312/4048/24 1645/709/24 3996/711/24
f 3997/708/25 1630/707/25 378/3952/25
f 1629/710/25 3997/708/25 1789/949/25
f 313/4050/25 1644/706/25 3997/708/25
f 3998/705/26 1631/704/26 379/3950/26
f 1630/707/26 3998/705/26 1790/952/26
f 314/4052/26 1643/703/26 3998/705/26
f 3999/702/27 1632/701/27 380/3948/27
f 1631/704/27 3999/702/27 1791/955/27
f 315/4054/27 1642/700/27 3999/702/27
f 4000/699/28 1633/698/28 381/3946/28
f 1632/701/28 4000/699/28 1792/958/28
f 316/4056/28 1641/697/28 4000/699/28
f 4001/696/29 1634/695/29 382/3944/29
f 1633/698/29 4001/696/29 1793/961/29
f 1633/698/29 317/4058/29 1640/694/29
f 4002/693/30 1635/692/30 383/3942/30
f 1634/695/30 4002/693/30 1794/964/30
f 318/4060/30 1639/691/30 4002/693/30
f 4003/690/32 1636/689/32 384/3940/32
f 1635/692/32 4003/690/32 1795/967/32
f 319/4062/32 1638/688/32 4003/690/32
f 4004/687/33 1605/686/33 353/4070/33
f 1636/689/33 4004/687/33 1796/970/33
f 320/4064/33 1637/685/33 4004/687/33
f 4005/684/33 1541/683/33 193/4071/33
f 1572/680/33 4005/684/33 1476/490/33
f 288/4073/33 1604/682/33 4005/684/33
f 4006/681/32 1572/680/32 224/4072/32
f 1571/677/32 4006/681/32 1475/487/32
f 287/4075/32 1603/679/32 4006/681/32
f 4007/678/30 1571/677/30 223/4074/30
f 1570/674/30 4007/678/30 1474/484/30
f 286/4077/30 1602/676/30 4007/678/30
f 4008/675/29 1570/674/29 222/4076/29
f 1569/671/29 4008/675/29 1473/481/29
f 285/4079/29 1601/673/29 4008/675/29
f 4009/672/28 1569/671/28 221/4078/28
f 1568/668/28 4009/672/28 1472/478/28
f 284/4081/28 1600/670/28 4009/672/28
f 4010/669/27 1568/668/27 220/4080/27
f 1567/665/27 4010/669/27 1471/475/27
f 283/4083/27 1599/667/27 4010/669/27
f 4011/666/26 1567/665/26 219/4082/26
f 1566/662/26 4011/666/26 1470/472/26
f 282/4085/26 1598/664/26 4011/666/26
f 4012/663/25 1566/662/25 218/4084/25
f 1565/659/25 4012/663/25 1469/469/25
f 281/4087/25 1597/661/25 4012/663/25
f 4013/660/24 1565/659/24 217/4086/24
f 1564/656/24 4013/660/24 1468/466/24
f 280/4089/24 1596/658/24 4013/660/24
f 4014/657/23 1564/656/23 216/4088/23
f 1563/653/23 4014/657/23 1467/463/23
f 279/4091/23 1595/655/23 4014/657/23
f 4015/654/22 1563/653/22 215/4090/22
f 1562/650/22 4015/654/22 1466/460/22
f 278/4093/22 1594/652/22 4015/654/22
f 4016/651/21 1562/650/21 214/4092/21
f 1561/647/21 4016/651/21 1465/457/21
f 277/4095/21 1593/649/21 4016/651/21
f 4017/648/20 1561/647/20 213/4094/20
f 212/4096/20 1560/644/20 4017/648/20
f 276/4097/20 1592/646/20 4017/648/20
f 1463/451/19 4018/645/19 1560/644/19
f 211/4098/19 1559/641/19 4018/645/19
f 275/4099/19 1591/643/19 4018/645/19
f 4019/642/18 1559/641/18 211/4098/18
f 1558/638/18 4019/642/18 1462/448/18
f 274/4101/18 1590/640/18 4019/642/18
f 4020/639/17 1558/638/17 210/4100/17
f 1557/635/17 4020/639/17 1461/445/17
f 273/4103/17 1589/637/17 4020/639/17
f 4021/636/16 1557/635/16 209/4102/16
f 1556/632/16 4021/636/16 1460/442/16
f 272/4105/16 1588/634/16 4021/636/16
f 4022/633/15 1556/632/15 208/4104/15
f 1555/629/15 4022/633/15 1459/439/15
f 271/4107/15 1587/631/15 4022/633/15
f 4023/630/14 1555/629/14 207/4106/14
f 1554/626/14 4023/630/14 1458/436/14
f 270/4109/14 1586/628/14 4023/630/14
f 1457/433/13 4024/627/13 1554/626/13
f 205/431/13 1553/623/13 4024/627/13
f 1553/623/13 269/4181/13 1585/625/13
f 4025/624/12 1553/623/12 205/431/12
f 1552/620/12 4025/624/12 1456/4110/12
f 1552/620/12 268/4180/12 1584/622/12
f 4026/621/11 1552/620/11 204/4111/11
f 1551/617/11 4026/621/11 1455/427/11
f 267/4113/11 1583/619/11 4026/621/11
f 4027/618/10 1551/617/10 203/4112/10
f 1550/614/10 4027/618/10 1454/424/10
f 266/4115/10 1582/616/10 4027/618/10
f 4028/615/9 1550/614/9 202/4114/9
f 1549/611/9 4028/615/9 1453/421/9
f 265/4117/9 1581/613/9 4028/615/9
f 4029/612/8 1549/611/8 201/4116/8
f 1548/608/8 4029/612/8 1452/418/8
f 264/4119/8 1580/610/8 4029/612/8
f 4030/609/7 1548/608/7 200/4118/7
f 1547/605/7 4030/609/7 1451/415/7
f 263/4121/7 1579/607/7 4030/609/7
f 4031/606/6 1547/605/6 199/4120/6
f 1546/602/6 4031/606/6 1450/412/6
f 262/4123/6 1578/604/6 4031/606/6
f 4032/603/5 1546/602/5 198/4122/5
f 1545/599/5 4032/603/5 1449/409/5
f 1545/599/5 261/4179/5 1577/601/5
f 4033/600/4 1545/599/4 197/4124/4
f 1544/596/4 4033/600/4 1448/406/4
f 260/4126/4 1576/598/4 4033/600/4
f 4034/597/3 1544/596/3 196/4125/3
f 1543/593/3 4034/597/3 1447/403/3
f 259/4128/3 1575/595/3 4034/597/3
f 4035/594/2 1543/593/2 195/4127/2
f 1542/590/2 4035/594/2 1446/400/2
f 258/4130/2 1574/592/2 4035/594/2
f 4036/591/1 1542/590/1 194/4129/1
f 1541/4131/1 4036/591/1 1445/397/1
f 257/4133/1 1573/589/1 4036/591/1
f 4037/588/1 1478/587/1 130/3530/1
f 1477/4134/1 4037/588/1 1348/298/1
f 225/4135/1 1540/586/1 4037/588/1
f 4038/585/2 1479/584/2 131/3532/2
f 1478/587/2 4038/585/2 1347/295/2
f 226/4136/2 1539/583/2 4038/585/2
f 4039/582/3 1480/581/3 132/3534/3
f 1479/584/3 4039/582/3 1346/292/3
f 227/4137/3 1538/580/3 4039/582/3
f 4040/579/4 1481/578/4 133/4138/4
f 1480/581/4 4040/579/4 1345/289/4
f 228/4139/4 1537/577/4 4040/579/4
f 4041/576/5 1482/575/5 134/4140/5
f 1481/578/5 4041/576/5 1344/286/5
f 229/4141/5 1536/574/5 4041/576/5
f 4042/573/6 1483/572/6 135/3603/6
f 1482/575/6 4042/573/6 1343/283/6
f 230/4142/6 1535/571/6 4042/573/6
f 4043/570/7 1484/569/7 136/3605/7
f 1483/572/7 4043/570/7 1342/280/7
f 231/4143/7 1534/568/7 4043/570/7
f 4044/567/8 1485/566/8 137/4144/8
f 1484/569/8 4044/567/8 1341/277/8
f 232/4145/8 1533/565/8 4044/567/8
f 4045/564/9 1486/563/9 138/3608/9
f 1485/566/9 4045/564/9 1340/274/9
f 233/4146/9 1532/562/9 4045/564/9
f 4046/561/10 1487/560/10 139/3610/10
f 1486/563/10 4046/561/10 1339/271/10
f 234/4147/10 1531/559/10 4046/561/10
f 4047/558/11 1488/557/11 140/3612/11
f 1487/560/11 4047/558/11 1338/268/11
f 235/4148/11 1530/556/11 4047/558/11
f 1337/4149/12 4048/553/12 1489/555/12
f 1488/557/12 4048/553/12 1337/4149/12
f 236/4150/12 1529/4176/12 4048/553/12
f 1336/262/13 4049/550/13 1490/552/13
f 141/266/13 1489/555/13 4049/550/13
f 1489/555/13 237/554/13 1528/4151/13
f 4050/549/14 1491/548/14 143/3618/14
f 1490/552/14 4050/549/14 1335/259/14
f 238/551/14 1527/547/14 4050/549/14
f 4051/546/15 1492/545/15 144/3620/15
f 1491/548/15 4051/546/15 1334/256/15
f 239/4152/15 1526/544/15 4051/546/15
f 4052/543/16 1493/542/16 145/3622/16
f 1492/545/16 4052/543/16 1333/253/16
f 240/4153/16 1525/541/16 4052/543/16
f 4053/540/17 1494/539/17 146/4154/17
f 1493/542/17 4053/540/17 1332/250/17
f 241/4155/17 1524/538/17 4053/540/17
f 4054/537/18 1495/536/18 147/3626/18
f 1494/539/18 4054/537/18 1331/247/18
f 242/4156/18 1523/535/18 4054/537/18
f 4055/534/19 1496/533/19 148/4157/19
f 1495/536/19 4055/534/19 1330/244/19
f 243/4158/19 1522/532/19 4055/534/19
f 4056/531/20 1497/530/20 149/3538/20
f 1496/533/20 4056/531/20 1329/241/20
f 244/4159/20 1521/529/20 4056/531/20
f 4057/528/21 1498/527/21 150/3539/21
f 1497/530/21 4057/528/21 1328/238/21
f 245/4160/21 1520/526/21 4057/528/21
f 4058/525/22 1499/524/22 151/3541/22
f 1498/527/22 4058/525/22 1327/235/22
f 246/4161/22 1519/523/22 4058/525/22
f 1326/1666/23 4059/522/23 1500/521/23
f 1499/524/23 4059/522/23 1326/1666/23
f 247/4162/23 1518/520/23 4059/522/23
f 4060/519/24 1501/518/24 153/230/24
f 152/233/24 1500/521/24 4060/519/24
f 248/4163/24 1517/517/24 4060/519/24
f 4061/516/25 1502/515/25 154/3545/25
f 1501/518/25 4061/516/25 1324/226/25
f 249/4164/25 1516/514/25 4061/516/25
f 1323/223/26 4062/513/26 1503/512/26
f 1502/515/26 4062/513/26 1323/223/26
f 250/4165/26 1515/511/26 4062/513/26
f 4063/510/27 1504/509/27 156/3549/27
f 1503/512/27 4063/510/27 1322/220/27
f 251/4166/27 1514/508/27 4063/510/27
f 4064/507/28 1505/506/28 157/3551/28
f 1504/509/28 4064/507/28 1321/217/28
f 252/4167/28 1513/505/28 4064/507/28
f 4065/504/29 1506/503/29 158/4168/29
f 1505/506/29 4065/504/29 1320/214/29
f 253/4169/29 1512/502/29 4065/504/29
f 4066/501/30 1507/500/30 159/4170/30
f 1506/503/30 4066/501/30 1319/211/30
f 254/4171/30 1511/499/30 4066/501/30
f 4067/498/32 1508/497/32 160/4172/32
f 1507/500/32 4067/498/32 1318/208/32
f 255/4173/32 1510/496/32 4067/498/32
f 4068/495/33 1477/494/33 129/3560/33
f 1508/497/33 4068/495/33 1317/205/33
f 256/4174/33 1509/493/33 4068/495/33
f 4069/492/33 1413/491/33 225/4175/33
f 1444/488/33 4069/492/33 1509/493/33
f 224/4072/33 1476/490/33 4069/492/33
f 4070/489/32 1444/488/32 256/4174/32
f 1443/485/32 4070/489/32 1510/496/32
f 223/4074/32 1475/487/32 4070/489/32
f 4071/486/30 1443/485/30 255/4173/30
f 1442/482/30 4071/486/30 1511/499/30
f 1442/482/30 222/4076/30 1474/484/30
f 4072/483/29 1442/482/29 254/4171/29
f 1441/479/29 4072/483/29 1512/502/29
f 221/4078/29 1473/481/29 4072/483/29
f 4073/480/28 1441/479/28 253/4169/28
f 1440/476/28 4073/480/28 1513/505/28
f 220/4080/28 1472/478/28 4073/480/28
f 4074/477/27 1440/476/27 252/4167/27
f 1439/473/27 4074/477/27 1514/508/27
f 219/4082/27 1471/475/27 4074/477/27
f 4075/474/26 1439/473/26 251/4166/26
f 1438/470/26 4075/474/26 1515/511/26
f 218/4084/26 1470/472/26 4075/474/26
f 4076/471/25 1438/470/25 250/4165/25
f 1437/467/25 4076/471/25 1516/514/25
f 217/4086/25 1469/469/25 4076/471/25
f 4077/468/24 1437/467/24 249/4164/24
f 1436/464/24 4077/468/24 1517/517/24
f 216/4088/24 1468/466/24 4077/468/24
f 4078/465/23 1436/464/23 248/4163/23
f 1435/461/23 4078/465/23 1518/520/23
f 215/4090/23 1467/463/23 4078/465/23
f 4079/462/22 1435/461/22 247/4162/22
f 1434/458/22 4079/462/22 1519/523/22
f 214/4092/22 1466/460/22 4079/462/22
f 4080/459/21 1434/458/21 246/4161/21
f 1433/455/21 4080/459/21 1520/526/21
f 213/4094/21 1465/457/21 4080/459/21
f 4081/456/20 1433/455/20 245/4160/20
f 1432/452/20 4081/456/20 1521/529/20
f 212/4096/20 1464/454/20 4081/456/20
f 4082/453/19 1432/452/19 244/4159/19
f 1431/449/19 4082/453/19 1522/532/19
f 211/4098/19 1463/451/19 4082/453/19
f 4083/450/18 1431/449/18 243/4158/18
f 1430/446/18 4083/450/18 1523/535/18
f 210/4100/18 1462/448/18 4083/450/18
f 4084/447/17 1430/446/17 242/4156/17
f 1429/443/17 4084/447/17 1524/538/17
f 209/4102/17 1461/445/17 4084/447/17
f 4085/444/16 1429/443/16 241/4155/16
f 1428/440/16 4085/444/16 1525/541/16
f 208/4104/16 1460/442/16 4085/444/16
f 4086/441/15 1428/440/15 240/4153/15
f 1427/437/15 4086/441/15 1526/544/15
f 207/4106/15 1459/439/15 4086/441/15
f 4087/438/14 1427/437/14 239/4152/14
f 1426/434/14 4087/438/14 1527/547/14
f 206/4108/14 1458/436/14 4087/438/14
f 4088/435/13 1426/434/13 238/551/13
f 237/554/13 1425/432/13 4088/435/13
f 1425/432/13 205/431/13 1457/433/13
f 4089/430/12 1425/432/12 237/554/12
f 1424/428/12 4089/430/12 1529/4176/12
f 204/4111/12 1456/4110/12 4089/430/12
f 4090/429/11 1424/428/11 236/4150/11
f 1423/425/11 4090/429/11 1530/556/11
f 203/4112/11 1455/427/11 4090/429/11
f 4091/426/10 1423/425/10 235/4148/10
f 1422/422/10 4091/426/10 1531/559/10
f 202/4114/10 1454/424/10 4091/426/10
f 4092/423/9 1422/422/9 234/4147/9
f 1421/419/9 4092/423/9 1532/562/9
f 201/4116/9 1453/421/9 4092/423/9
f 4093/420/8 1421/419/8 233/4146/8
f 1420/416/8 4093/420/8 1533/565/8
f 200/4118/8 1452/418/8 4093/420/8
f 4094/417/7 1420/416/7 232/4145/7
f 1419/413/7 4094/417/7 1534/568/7
f 199/4120/7 1451/415/7 4094/417/7
f 4095/414/6 1419/413/6 231/4143/6
f 1418/410/6 4095/414/6 1535/571/6
f 198/4122/6 1450/412/6 4095/414/6
f 4096/411/5 1418/410/5 230/4142/5
f 229/4141/5 1417/407/5 4096/411/5
f 197/4124/5 1449/409/5 4096/411/5
f 4097/408/4 1417/407/4 229/4141/4
f 1416/404/4 4097/408/4 1537/577/4
f 196/4125/4 1448/406/4 4097/408/4
f 4098/405/3 1416/404/3 228/4139/3
f 1415/401/3 4098/405/3 1538/580/3
f 195/4127/3 1447/403/3 4098/405/3
f 4099/402/2 1415/401/2 227/4137/2
f 1414/398/2 4099/402/2 1539/583/2
f 194/4129/2 1446/400/2 4099/402/2
f 4100/399/1 1414/398/1 226/4136/1
f 1413/4177/1 4100/399/1 1540/586/1
f 193/4132/1 1445/397/1 4100/399/1
f 4101/396/1 1350/395/1 258/4130/1
f 1349/4178/1 4101/396/1 1573/589/1
f 161/4001/1 1412/394/1 4101/396/1
f 4102/393/2 1351/392/2 259/4128/2
f 1350/395/2 4102/393/2 1574/592/2
f 162/3998/2 1411/391/2 4102/393/2
f 4103/390/3 1352/389/3 260/4126/3
f 1351/392/3 4103/390/3 1575/595/3
f 163/3996/3 1410/388/3 4103/390/3
f 4104/387/4 1353/386/4 261/4179/4
f 1352/389/4 4104/387/4 1576/598/4
f 164/3994/4 1409/385/4 4104/387/4
f 4105/384/5 1354/383/5 262/4123/5
f 1353/386/5 4105/384/5 1577/601/5
f 165/3992/5 1408/382/5 4105/384/5
f 4106/381/6 1355/380/6 263/4121/6
f 1354/383/6 4106/381/6 1578/604/6
f 166/3990/6 1407/379/6 4106/381/6
f 4107/378/7 1356/377/7 264/4119/7
f 1355/380/7 4107/378/7 1579/607/7
f 167/3988/7 1406/376/7 4107/378/7
f 4108/375/8 1357/374/8 265/4117/8
f 1356/377/8 4108/375/8 1580/610/8
f 168/3986/8 1405/373/8 4108/375/8
f 4109/372/9 1358/371/9 266/4115/9
f 1357/374/9 4109/372/9 1581/613/9
f 169/3984/9 1404/370/9 4109/372/9
f 4110/369/10 1359/368/10 267/4113/10
f 1358/371/10 4110/369/10 1582/616/10
f 170/3982/10 1403/367/10 4110/369/10
f 4111/366/11 1360/365/11 268/4180/11
f 1359/368/11 4111/366/11 1583/619/11
f 171/3980/11 1402/364/11 4111/366/11
f 1584/622/12 4112/363/12 1361/362/12
f 268/4180/12 1360/365/12 4112/363/12
f 172/3979/12 1401/361/12 4112/363/12
f 4113/358/13 1362/360/13 270/4109/13
f 1361/362/13 4113/358/13 1585/625/13
f 1361/362/13 173/3977/13 1400/3976/13
f 4114/357/14 1363/356/14 271/4107/14
f 1362/360/14 4114/357/14 1586/628/14
f 174/359/14 1399/355/14 4114/357/14
f 4115/354/15 1364/353/15 272/4105/15
f 1363/356/15 4115/354/15 1587/631/15
f 175/3973/15 1398/352/15 4115/354/15
f 4116/351/16 1365/350/16 273/4103/16
f 1364/353/16 4116/351/16 1588/634/16
f 176/3971/16 1397/349/16 4116/351/16
f 4117/348/17 1366/347/17 274/4101/17
f 1365/350/17 4117/348/17 1589/637/17
f 177/3969/17 1396/346/17 4117/348/17
f 4118/345/18 1367/344/18 275/4099/18
f 1366/347/18 4118/345/18 1590/640/18
f 178/3967/18 1395/343/18 4118/345/18
f 4119/342/19 1368/341/19 276/4097/19
f 1367/344/19 4119/342/19 1591/643/19
f 179/3965/19 1394/340/19 4119/342/19
f 4120/339/20 1369/338/20 277/4095/20
f 1368/341/20 4120/339/20 1592/646/20
f 180/3963/20 1393/337/20 4120/339/20
f 4121/336/21 1370/335/21 278/4093/21
f 1369/338/21 4121/336/21 1593/649/21
f 181/3961/21 1392/334/21 4121/336/21
f 4122/333/22 1371/332/22 279/4091/22
f 1370/335/22 4122/333/22 1594/652/22
f 182/3959/22 1391/331/22 4122/333/22
f 4123/330/23 1372/329/23 280/4089/23
f 1371/332/23 4123/330/23 1595/655/23
f 183/3957/23 1390/328/23 4123/330/23
f 4124/327/24 1373/326/24 281/4087/24
f 1372/329/24 4124/327/24 1596/658/24
f 184/3955/24 1389/325/24 4124/327/24
f 4125/324/25 1374/323/25 282/4085/25
f 1373/326/25 4125/324/25 1597/661/25
f 185/3953/25 1388/322/25 4125/324/25
f 4126/321/26 1375/320/26 283/4083/26
f 1374/323/26 4126/321/26 1598/664/26
f 186/3951/26 1387/319/26 4126/321/26
f 4127/318/27 1376/317/27 284/4081/27
f 1375/320/27 4127/318/27 1599/667/27
f 187/3949/27 1386/316/27 4127/318/27
f 4128/315/28 1377/314/28 285/4079/28
f 1376/317/28 4128/315/28 1600/670/28
f 188/3947/28 1385/313/28 4128/315/28
f 4129/312/29 1378/311/29 286/4077/29
f 1377/314/29 4129/312/29 1601/673/29
f 189/3945/29 1384/310/29 4129/312/29
f 4130/309/30 1379/308/30 287/4075/30
f 1378/311/30 4130/309/30 1602/676/30
f 190/3943/30 1383/307/30 4130/309/30
f 4131/306/32 1380/305/32 288/4073/32
f 1379/308/32 4131/306/32 1603/679/32
f 191/3941/32 1382/304/32 4131/306/32
f 4132/303/33 1349/302/33 257/4182/33
f 1380/305/33 4132/303/33 1604/682/33
f 192/3939/33 1381/301/33 4132/303/33
f 4133/300/1 1286/299/1 450/3927/1
f 1285/4183/1 4133/300/1 1957/1165/1
f 129/3529/1 1348/298/1 4133/300/1
f 4134/297/2 1287/296/2 451/3925/2
f 1286/299/2 4134/297/2 1958/1168/2
f 130/3530/2 1347/295/2 4134/297/2
f 4135/294/3 1288/293/3 452/3923/3
f 1287/296/3 4135/294/3 1959/1171/3
f 131/3532/3 1346/292/3 4135/294/3
f 4136/291/4 1289/290/4 453/3921/4
f 452/3923/4 1288/293/4 4136/291/4
f 132/3534/4 1345/289/4 4136/291/4
f 1961/1177/5 4137/288/5 1290/287/5
f 1289/290/5 4137/288/5 1961/1177/5
f 133/4138/5 1344/286/5 4137/288/5
f 4138/285/6 1291/284/6 455/3917/6
f 1290/287/6 4138/285/6 1962/1180/6
f 134/4140/6 1343/283/6 4138/285/6
f 4139/282/7 1292/281/7 456/3915/7
f 1291/284/7 4139/282/7 1963/1183/7
f 135/3603/7 1342/280/7 4139/282/7
f 4140/279/8 1293/278/8 457/3913/8
f 1292/281/8 4140/279/8 1964/1186/8
f 136/3605/8 1341/277/8 4140/279/8
f 4141/276/9 1294/275/9 458/3911/9
f 1293/278/9 4141/276/9 1965/1189/9
f 137/4144/9 1340/274/9 4141/276/9
f 4142/273/10 1295/272/10 459/3909/10
f 1294/275/10 4142/273/10 1966/1192/10
f 138/3608/10 1339/271/10 4142/273/10
f 4143/270/11 1296/269/11 460/3907/11
f 1295/272/11 4143/270/11 1967/1195/11
f 139/3610/11 1338/268/11 4143/270/11
f 1968/4184/12 4144/265/12 1297/267/12
f 1296/269/12 4144/265/12 1968/4184/12
f 1296/269/12 140/3612/12 1337/4149/12
f 4145/264/13 1298/263/13 462/1202/13
f 461/1199/13 1297/267/13 4145/264/13
f 1297/267/13 141/266/13 1336/262/13
f 4146/261/14 1299/260/14 463/3902/14
f 1298/263/14 4146/261/14 1970/1204/14
f 142/3616/14 1335/259/14 4146/261/14
f 4147/258/15 1300/257/15 464/3900/15
f 1299/260/15 4147/258/15 1971/1207/15
f 143/3618/15 1334/256/15 4147/258/15
f 4148/255/16 1301/254/16 465/3898/16
f 1300/257/16 4148/255/16 1972/1210/16
f 144/3620/16 1333/253/16 4148/255/16
f 4149/252/17 1302/251/17 466/3896/17
f 1301/254/17 4149/252/17 1973/1213/17
f 145/3622/17 1332/250/17 4149/252/17
f 4150/249/18 1303/248/18 467/3894/18
f 1302/251/18 4150/249/18 1974/1216/18
f 146/4154/18 1331/247/18 4150/249/18
f 4151/246/19 1304/245/19 468/3891/19
f 1303/248/19 4151/246/19 1975/1219/19
f 147/3626/19 1330/244/19 4151/246/19
f 4152/243/20 1305/242/20 469/3889/20
f 1304/245/20 4152/243/20 1976/1222/20
f 148/4157/20 1329/241/20 4152/243/20
f 4153/240/21 1306/239/21 470/3888/21
f 1305/242/21 4153/240/21 1977/1225/21
f 149/3538/21 1328/238/21 4153/240/21
f 4154/237/22 1307/236/22 471/3886/22
f 1306/239/22 4154/237/22 1978/1228/22
f 150/3539/22 1327/235/22 4154/237/22
f 4155/232/23 1308/234/23 472/3884/23
f 1307/236/23 4155/232/23 1979/1231/23
f 151/3541/23 1326/1666/23 4155/232/23
f 4156/229/24 1309/231/24 473/3882/24
f 1308/234/24 4156/229/24 1980/1234/24
f 1308/234/24 152/233/24 1325/1663/24
f 4157/228/25 1310/227/25 474/3880/25
f 1309/231/25 4157/228/25 1981/1237/25
f 153/230/25 1324/226/25 4157/228/25
f 4158/225/26 1311/224/26 475/3878/26
f 1310/227/26 4158/225/26 1982/1240/26
f 154/3545/26 1323/223/26 4158/225/26
f 4159/222/27 1312/221/27 476/3876/27
f 1311/224/27 4159/222/27 1983/1243/27
f 155/3547/27 1322/220/27 4159/222/27
f 4160/219/28 1313/218/28 477/3874/28
f 1312/221/28 4160/219/28 1984/1246/28
f 156/3549/28 1321/217/28 4160/219/28
f 4161/216/29 1314/215/29 478/3872/29
f 1313/218/29 4161/216/29 1985/1249/29
f 157/3551/29 1320/214/29 4161/216/29
f 4162/213/30 1315/212/30 479/3870/30
f 1314/215/30 4162/213/30 1986/1252/30
f 158/4168/30 1319/211/30 4162/213/30
f 4163/210/32 1316/209/32 480/3868/32
f 1315/212/32 4163/210/32 1987/1255/32
f 159/4170/32 1318/208/32 4163/210/32
f 4164/207/33 1285/206/33 449/4185/33
f 1316/209/33 4164/207/33 1988/1258/33
f 160/4172/33 1317/205/33 4164/207/33
f 4165/204/16 2916/203/16 960/3311/16
f 2886/4186/16 4165/204/16 2933/2631/16
f 70/4187/16 1189/202/16 4165/204/16
f 4166/201/15 2915/200/15 959/3310/15
f 2916/203/15 4166/201/15 2934/2634/15
f 68/4188/15 1188/199/15 4166/201/15
f 4167/198/14 2914/197/14 958/3308/14
f 2915/200/14 4167/198/14 2935/2637/14
f 71/4189/14 1187/196/14 4167/198/14
f 4168/195/13 2913/194/13 957/3306/13
f 2914/197/13 4168/195/13 2936/2640/13
f 66/4190/13 1186/193/13 4168/195/13
f 4169/192/12 2912/191/12 956/3304/12
f 2913/194/12 4169/192/12 2937/2643/12
f 67/4191/12 1185/190/12 4169/192/12
f 4170/189/11 2911/188/11 955/3302/11
f 2912/191/11 4170/189/11 2938/2646/11
f 65/4192/11 1184/187/11 4170/189/11
f 4171/186/10 2910/185/10 954/3300/10
f 2911/188/10 4171/186/10 2939/2649/10
f 93/4193/10 1215/184/10 4171/186/10
f 4172/183/9 2909/182/9 953/3298/9
f 2910/185/9 4172/183/9 2940/2652/9
f 73/4194/9 1214/181/9 4172/183/9
f 4173/180/8 2908/179/8 952/3296/8
f 2909/182/8 4173/180/8 2941/2655/8
f 72/4195/8 1213/178/8 4173/180/8
f 4174/177/7 2907/176/7 951/3294/7
f 2908/179/7 4174/177/7 2942/2658/7
f 74/4196/7 1212/175/7 4174/177/7
f 4175/174/6 2906/173/6 950/3292/6
f 2907/176/6 4175/174/6 2943/2661/6
f 78/4197/6 1211/172/6 4175/174/6
f 4176/171/5 2905/170/5 949/3316/5
f 2906/173/5 4176/171/5 2944/2664/5
f 75/4198/5 1210/169/5 4176/171/5
f 4177/168/4 1219/167/4 112/3130/4
f 3189/3016/4 4177/168/4 1273/2980/4
f 1076/3091/4 1272/166/4 4177/168/4
f 4178/165/3 1230/164/3 117/4199/3
f 3190/3019/3 4178/165/3 1272/166/3
f 1075/3089/3 1271/163/3 4178/165/3
f 4179/162/2 1231/161/2 114/4200/2
f 3191/3022/2 4179/162/2 1271/163/2
f 1074/3088/2 1270/160/2 4179/162/2
f 4180/159/1 1232/158/1 116/4201/1
f 3192/3025/1 4180/159/1 1270/160/1
f 1073/3086/1 1269/157/1 4180/159/1
f 4181/156/33 1233/155/33 115/4202/33
f 3193/3028/33 4181/156/33 1269/157/33
f 1072/3084/33 1268/154/33 4181/156/33
f 4182/153/32 1234/152/32 125/4203/32
f 3194/3031/32 4182/153/32 1268/154/32
f 1071/3082/32 1267/151/32 4182/153/32
f 4183/150/30 1235/149/30 104/4204/30
f 3195/3034/30 4183/150/30 1267/151/30
f 1070/3080/30 1266/148/30 4183/150/30
f 4184/147/29 1236/146/29 106/4205/29
f 3196/3037/29 4184/147/29 1266/148/29
f 1069/3078/29 1265/145/29 4184/147/29
f 4185/144/28 1237/143/28 105/4206/28
f 3197/3040/28 4185/144/28 1265/145/28
f 1068/3076/28 1264/142/28 4185/144/28
f 4186/141/27 1238/140/27 110/4207/27
f 3198/3043/27 4186/141/27 1264/142/27
f 1067/3074/27 1263/139/27 4186/141/27
f 4187/138/26 1239/137/26 107/4208/26
f 3199/3046/26 4187/138/26 1263/139/26
f 1066/3072/26 1262/136/26 4187/138/26
f 4188/135/25 1240/134/25 109/4209/25
f 3200/3049/25 4188/135/25 1262/136/25
f 1065/3070/25 1261/133/25 4188/135/25
f 4189/132/24 1241/131/24 108/4210/24
f 3201/3053/24 4189/132/24 1261/133/24
f 3201/3053/24 1064/3052/24 1260/130/24
f 4190/129/23 1242/128/23 126/4211/23
f 3202/3055/23 4190/129/23 1260/130/23
f 1063/3066/23 1259/127/23 4190/129/23
f 4191/126/22 1243/125/22 101/4212/22
f 3203/3058/22 4191/126/22 1259/127/22
f 1062/3063/22 1258/124/22 4191/126/22
f 4192/123/21 1244/122/21 102/4213/21
f 3204/3061/21 4192/123/21 1258/124/21
f 1061/3136/21 1257/121/21 4192/123/21
f 4193/120/20 2888/119/20 932/3287/20
f 2889/2583/20 4193/120/20 2945/2667/20
f 88/3364/20 1193/118/20 4193/120/20
f 4194/117/19 2887/116/19 931/3285/19
f 2888/119/19 4194/117/19 2946/2670/19
f 86/4214/19 1192/115/19 4194/117/19
f 4195/114/18 2885/113/18 929/3283/18
f 2887/116/18 4195/114/18 2947/2673/18
f 94/4215/18 1191/112/18 4195/114/18
f 4196/111/17 2886/110/17 930/4216/17
f 2885/113/17 4196/111/17 2948/2676/17
f 69/4217/17 1190/109/17 4196/111/17
f 4197/102/33 1090/101/33 321/4218/33
f 1217/98/33 4197/102/33 1701/781/33
f 64/4219/33 1181/100/33 4197/102/33
f 4198/99/32 1217/98/32 352/4067/32
f 1179/89/32 4198/99/32 1702/784/32
f 62/4220/32 1182/97/32 4198/99/32
f 4199/90/30 1179/89/30 351/4065/30
f 1176/86/30 4199/90/30 1703/787/30
f 60/4221/30 1178/88/30 4199/90/30
f 4200/87/29 1176/86/29 350/4063/29
f 1173/83/29 4200/87/29 1704/790/29
f 58/4222/29 1175/85/29 4200/87/29
f 4201/84/28 1173/83/28 349/4061/28
f 1170/80/28 4201/84/28 1705/793/28
f 56/4223/28 1172/82/28 4201/84/28
f 4202/81/27 1170/80/27 348/4059/27
f 1167/77/27 4202/81/27 1706/796/27
f 54/4224/27 1169/79/27 4202/81/27
f 4203/78/26 1167/77/26 347/4057/26
f 1164/74/26 4203/78/26 1707/799/26
f 52/4225/26 1166/76/26 4203/78/26
f 4204/75/25 1164/74/25 346/4055/25
f 1161/71/25 4204/75/25 1708/802/25
f 50/4226/25 1163/73/25 4204/75/25
f 4205/72/24 1161/71/24 345/4053/24
f 1158/69/24 4205/72/24 1709/805/24
f 1158/69/24 48/68/24 1160/70/24
f 4206/67/23 1158/69/23 344/4051/23
f 1155/65/23 4206/67/23 1710/808/23
f 1155/65/23 46/4252/23 1157/4227/23
f 4207/66/22 1155/65/22 343/4049/22
f 1152/62/22 4207/66/22 1711/811/22
f 44/4228/22 1154/64/22 4207/66/22
f 4208/63/21 1152/62/21 342/4047/21
f 1149/59/21 4208/63/21 1712/814/21
f 42/4229/21 1151/61/21 4208/63/21
f 4209/60/20 1149/59/20 341/4045/20
f 1146/56/20 4209/60/20 1713/817/20
f 40/4230/20 1148/58/20 4209/60/20
f 4210/57/19 1146/56/19 340/4043/19
f 1143/53/19 4210/57/19 1714/820/19
f 38/4231/19 1145/55/19 4210/57/19
f 4211/54/18 1143/53/18 339/4041/18
f 1140/50/18 4211/54/18 1715/823/18
f 36/4232/18 1142/52/18 4211/54/18
f 4212/51/17 1140/50/17 338/4039/17
f 1137/47/17 4212/51/17 1716/826/17
f 34/4233/17 1139/49/17 4212/51/17
f 4213/48/16 1137/47/16 337/4037/16
f 1134/44/16 4213/48/16 1717/829/16
f 32/4234/16 1136/46/16 4213/48/16
f 4214/45/15 1134/44/15 336/4035/15
f 1131/41/15 4214/45/15 1718/832/15
f 30/4235/15 1133/43/15 4214/45/15
f 4215/42/14 1131/41/14 335/4033/14
f 1128/38/14 4215/42/14 1719/835/14
f 28/4236/14 1130/40/14 4215/42/14
f 4216/39/13 1128/38/13 334/4031/13
f 1125/36/13 4216/39/13 1720/838/13
f 1125/36/13 26/35/13 1127/37/13
f 4217/34/12 1125/36/12 333/4237/12
f 1122/32/12 4217/34/12 1721/841/12
f 24/4238/12 1124/4251/12 4217/34/12
f 4218/33/11 1122/32/11 332/4028/11
f 1119/29/11 4218/33/11 1722/844/11
f 22/4239/11 1121/31/11 4218/33/11
f 4219/30/10 1119/29/10 331/4026/10
f 1116/26/10 4219/30/10 1723/847/10
f 20/4240/10 1118/28/10 4219/30/10
f 4220/27/9 1116/26/9 330/4024/9
f 1113/23/9 4220/27/9 1724/850/9
f 18/4241/9 1115/25/9 4220/27/9
f 4221/24/8 1113/23/8 329/4022/8
f 1110/20/8 4221/24/8 1725/853/8
f 16/4242/8 1112/22/8 4221/24/8
f 4222/21/7 1110/20/7 328/4020/7
f 1107/17/7 4222/21/7 1726/856/7
f 14/4243/7 1109/19/7 4222/21/7
f 4223/18/6 1107/17/6 327/4018/6
f 1104/14/6 4223/18/6 1727/859/6
f 12/4244/6 1106/16/6 4223/18/6
f 4224/15/5 1104/14/5 326/4016/5
f 1101/11/5 4224/15/5 1728/862/5
f 10/4245/5 1103/13/5 4224/15/5
f 1729/865/4 4225/12/4 1101/11/4
f 1098/8/4 4225/12/4 1729/865/4
f 8/4246/4 1100/10/4 4225/12/4
f 4226/9/3 1098/8/3 324/4012/3
f 1095/5/3 4226/9/3 1730/868/3
f 6/4247/3 1097/7/3 4226/9/3
f 4227/6/2 1095/5/2 323/4010/2
f 1092/2/2 4227/6/2 1731/871/2
f 4/4248/2 1094/4/2 4227/6/2
f 4228/3/1 1092/2/1 322/4008/1
f 1090/4249/1 4228/3/1 1732/874/1
f 2/4250/1 1091/1/1 4228/3/1
